# MaleCNS v1.0 soma positions, every 7th of 141781 by bodyId order (deterministic, FR-PRP-09)
bodyId,x,y,z
10001,37124,22258,36274
10011,52451,31818,14233
10019,61628,21036,35367
10029,31205,23088,37898
10037,27881,28794,42485
10044,56712,18595,12105
10051,58737,21709,15382
10060,69055,18358,32957
10069,45977,62360,69338
10076,46912,10020,26063
10083,25667,29047,20055
10090,68446,16602,17600
10098,66074,21663,14510
10105,73532,24680,24612
10112,27315,28339,42997
10119,69550,33979,25496
10126,55566,31902,12038
10133,62328,26051,13188
10140,34079,25877,13324
10147,73058,11486,25246
10156,41827,31680,38878
10163,62610,38751,23856
10170,22562,28026,22954
10178,73695,24495,21619
10187,48667,46884,28065
10194,67971,14730,33365
10201,34354,26288,15279
10208,62331,25141,15454
10215,41254,44930,20826
10222,43714,33582,14123
10231,22814,25306,22326
10238,61580,14067,16007
10245,41136,18552,36518
10252,24608,13636,26476
10259,59816,25251,37404
10267,43288,34422,17616
10275,48408,18372,33022
10282,71596,34117,23609
10289,60479,20625,35735
10296,35464,41162,26372
10304,36455,37996,33200
10311,25650,29753,43653
10319,72714,20814,23594
10327,47664,18139,32803
10334,37690,18472,35201
10341,54484,19870,38367
10351,32243,34305,31088
10359,57157,19785,11302
10366,45902,11524,28733
10373,53841,20067,36730
10381,48312,8338,17752
10388,48320,19547,36063
10397,62978,24945,15915
10405,56542,20582,12518
10413,34688,27144,17682
10420,50405,42194,37579
10429,52727,22112,11713
10437,61148,28110,19128
10445,72506,16612,26638
10452,72710,30146,42807
10459,60193,22092,14249
10467,37293,40208,22395
10474,70794,15623,23717
10481,35080,21154,35510
10488,69199,34346,26277
10495,35810,22057,18888
10503,24633,30724,43682
10510,49550,42484,38850
10518,27240,35174,26968
10525,50532,9790,27014
10532,50371,15808,32848
10539,48642,9008,27334
10546,33873,25169,15595
10553,44524,43282,17422
10561,56312,22013,10897
10568,41024,18258,37961
10575,33597,34132,17193
10582,57347,40058,19238
10589,57143,22098,38187
10598,48765,41938,38375
10607,40724,17320,33150
10614,70094,15104,24127
10622,35764,37322,16138
10630,49375,15482,34202
10639,32560,13698,20883
10646,36287,38208,19411
10653,63168,24946,14550
10662,62159,38545,29252
10669,42470,10053,31426
10676,62809,39945,32452
10683,22693,13732,27798
10690,69220,14864,33414
10698,69098,17082,17356
10707,36646,38530,21348
10714,73000,21306,22220
10723,24546,30618,26872
10731,59144,38364,22424
10739,59060,39190,21526
10749,66230,22343,14651
10756,34534,28708,13556
10764,23314,24636,23150
10771,23722,16203,32077
10778,69776,17803,30945
10786,37760,31589,20009
10794,59870,30015,20065
10801,71203,17810,32617
10808,62701,26901,13934
10815,45436,12932,32744
10823,46030,13068,28735
10831,47150,46260,33973
10838,33546,26342,16688
10845,27248,35134,28714
10853,61598,37180,33530
10862,63406,32874,32646
10869,41828,21477,14055
10876,34490,39584,24746
10884,62079,18364,16742
10892,47912,27693,36150
10901,26009,33648,25643
10909,41422,15884,34600
10917,24043,22667,23920
10924,33573,20410,17862
10931,60616,16586,35326
10940,69058,16532,17296
10948,35718,38451,33463
10956,59530,22513,16136
10963,50540,11498,29214
10970,45340,43883,18434
10978,72468,17482,20500
10986,35138,22133,37951
10994,62791,29849,14389
11001,29347,10388,32094
11008,53049,5925,25901
11015,71042,30566,22904
11022,36123,20791,13419
11029,27869,35756,25691
11038,61128,39400,30992
11047,72792,18682,22646
11054,59240,11656,17079
11063,56910,41264,18504
11074,52786,47550,27412
11081,28469,34407,25735
11088,40580,18992,34430
11095,69368,35160,23709
11103,47765,48247,26334
11112,71602,16566,26269
11119,67457,37655,24103
11126,62151,29950,19088
11134,25202,28480,43526
11144,70008,33606,24366
11154,47789,42007,38373
11161,22396,15714,28548
11169,32604,24903,37953
11176,44115,12453,28935
11183,52472,46956,25184
11190,72685,16140,20398
11197,64901,13946,33644
11204,55698,13937,37231
11212,25328,31710,25107
11219,72641,15889,30683
11226,73393,20329,24055
11233,34374,19488,14506
11241,44170,46998,33331
11248,60307,37421,18199
11255,53222,20466,36496
11262,60584,21074,12424
11269,42898,37608,14622
11277,72290,16697,28034
11284,46763,8187,23246
11291,24290,17846,31559
11298,39781,17488,38318
11305,72037,18924,26607
11312,25999,35743,25973
11319,33380,22684,36352
11326,41354,15260,37110
11333,56921,37184,17922
11340,43367,19724,34268
11348,73767,18676,25421
11355,39979,22885,13236
11365,46620,35200,16530
11372,24200,19951,30622
11379,33922,26734,13813
11386,31940,40329,28024
11393,43970,37090,14014
11400,63985,24518,13343
11407,25092,12532,26764
11414,57460,10638,31198
11421,59639,35936,36811
11428,37853,22918,38865
11435,28876,35406,27110
11442,36362,39666,17786
11449,41446,20110,35073
11457,64890,23038,14896
11464,48038,6982,22100
11471,51745,20817,12419
11478,31833,24952,14430
11487,56228,25630,37632
11495,35796,28722,18877
11502,34282,39241,31640
11509,65917,37302,23376
11517,61490,24860,12626
11524,72946,34592,22312
11531,61765,24819,16229
11540,48546,42798,36442
11549,68406,18462,33668
11557,49348,6832,24228
11564,62730,25377,14295
11572,49104,45846,34184
11580,70870,16656,31160
11587,66313,12334,32740
11594,61953,23177,12752
11601,29178,20394,35566
11608,50628,47812,25273
11615,72189,13835,33452
11624,41275,22306,13158
11632,37979,21356,39060
11640,48532,11168,26118
11647,38421,17424,36020
11654,23236,14696,26656
11661,46090,45866,33882
11668,46694,7127,22317
11675,27937,19181,19582
11682,23944,21223,24498
11689,33664,32698,38451
11697,57790,24461,38260
11704,56228,19074,38217
11712,34164,29964,17912
11719,24668,28144,27951
11726,73375,17342,25746
11735,73336,25010,20960
11742,50970,20059,36833
11749,63817,26956,14941
11757,35648,32622,16564
11764,39147,38444,20034
11772,44622,45485,19813
11780,33862,28801,15290
11788,31334,26858,15534
11795,57398,35799,17004
11803,52290,47120,31620
11811,59662,39891,20553
11818,63414,37724,27378
11825,28484,20006,33975
11832,60666,36049,19342
11839,38088,40946,24670
11846,52371,20189,35508
11853,73823,27030,22950
11860,37753,10783,31756
11868,34826,28518,17943
11876,61536,17218,15852
11884,66125,37335,24974
11891,59366,21210,37070
11899,78474,40618,23552
11906,57215,43954,24184
11914,31688,26077,15057
11921,49040,45204,37650
11928,68565,34665,23891
11935,57236,44434,26452
11942,48476,9190,14816
11950,63961,34215,19534
11957,71866,17602,22170
11964,34839,11855,18724
11971,74226,19732,24976
11978,39218,34413,18043
11986,62404,38481,33760
11993,32632,25514,15458
12001,74076,11515,25436
12008,35874,20676,15932
12017,62616,17348,35234
12025,34696,27206,37959
12032,67030,31950,27092
12039,36906,40854,19666
12048,24872,31024,25664
12055,55766,19356,36244
12062,51034,6752,24760
12069,54518,24645,37883
12076,45292,46644,24760
12084,33107,10122,31651
12091,40494,18440,36884
12099,24206,34042,23284
12108,36794,37438,17448
12115,59716,35769,18241
12123,35441,38425,31699
12130,72751,17968,27951
12137,65256,22886,15412
12145,27658,34099,27490
12154,49242,66270,96260
12161,30542,23258,35602
12169,61002,37198,33378
12176,60231,28405,19340
12183,58899,36220,18114
12190,71716,29823,43283
12198,60716,52374,110194
12206,38968,22169,13544
12213,61121,30512,14056
12220,57415,17929,34020
12228,59424,39202,19480
12235,51354,18858,35150
12242,36938,32360,18710
12250,34947,16671,16035
12257,55561,15450,36070
12264,72229,18015,26978
12273,54473,22026,37018
12282,35946,21981,35869
12289,22253,20752,21827
12296,46003,16931,32320
12306,55859,28051,38338
12313,41466,20086,13400
12321,45358,11132,27660
12328,33316,22117,37370
12335,52853,63382,81052
12343,72358,14940,26021
12350,41978,45885,20779
12357,60844,19812,15411
12364,34980,40405,27774
12373,50659,11999,28046
12380,55516,16952,35328
12388,45432,11096,28902
12396,30113,23294,36089
12403,48128,16314,32515
12410,35024,38950,33630
12418,47176,15360,29348
12425,62742,32558,15650
12432,41196,37532,17718
12439,29762,22480,36414
12447,36357,37153,33912
12454,60630,29552,21266
12461,70420,32840,24982
12470,50238,47890,28251
12477,75303,17783,20578
12487,44249,19534,13618
12494,34626,31326,18324
12502,55018,34406,15214
12509,54287,20441,11343
12516,49705,45505,30251
12523,47648,6778,19174
12530,61300,29596,13490
12538,27170,34234,26866
12545,58436,34776,15102
12553,60254,35358,16422
12562,60624,36565,20080
12569,43770,16337,33495
12576,61222,38660,32696
12585,23770,20730,25334
12592,72779,10080,27115
12600,38944,37724,13997
12608,35378,38784,32768
12616,49576,11298,26372
12623,53603,20775,37918
12630,22901,23853,26508
12638,23188,22397,28046
12646,36584,17210,35642
12653,63190,24307,13040
12662,21289,22546,24176
12670,38644,41468,18324
12677,32828,22608,17510
12684,89221,42044,32377
12691,61991,22555,36406
12700,49344,63841,93169
12707,45396,10222,27842
12715,51358,19364,11684
12722,42931,20731,14036
12729,25094,15982,24984
12737,73298,27594,23674
12745,62830,38904,31082
12752,64480,41106,30364
12760,72606,28894,20896
12767,59444,29370,19248
12775,51570,45170,20622
12783,74077,15266,29055
12790,54479,18722,35848
12797,33844,23304,16589
12804,59404,39018,23142
12812,44357,39392,14696
12819,59620,40303,21008
12826,62506,34998,17484
12835,73870,16020,25771
12843,40464,19080,36614
12851,53542,44006,19467
12858,43818,14867,30189
12867,48478,6561,20032
12875,65320,40894,28928
12882,73768,14756,25134
12890,36932,40934,25054
12898,72186,15830,33166
12905,56476,21220,37596
12912,24779,33816,25479
12919,32856,16278,34634
12927,73885,22656,20905
12934,33637,29979,14327
12942,58114,24902,37775
12949,60940,23536,36336
12956,6614,36834,33148
12964,31743,36294,25663
12972,54090,42637,19657
12979,34704,27196,38714
12986,3222,32918,37030
12993,32850,36364,20322
13000,32734,37404,21260
13009,34214,16230,16087
13016,45766,7027,17380
13024,35315,29748,19201
13031,44196,6971,20468
13038,22688,22976,22374
13046,56983,34144,12943
13053,70289,37811,24825
13062,60312,25222,36652
13070,60114,35798,15155
13077,36735,30775,19993
13085,32131,22091,36221
13093,63614,40087,30107
13100,50159,8661,27320
13108,30806,36378,23900
13115,42169,37610,13638
13122,35329,21906,35509
13130,41079,46160,22258
13137,36776,57108,83468
13144,73380,20774,19448
13151,42256,21772,36543
13159,67978,33120,23996
13168,73232,15532,23412
13177,63619,21760,35952
13184,31376,29188,16442
13192,57286,15481,36052
13201,34756,12666,17743
13212,51365,11750,28386
13219,55794,19709,37276
13227,48578,17800,33121
13234,61156,19898,36148
13241,33509,37464,22243
13249,55059,11672,31226
13256,25452,20962,24892
13263,37739,30563,37900
13270,33502,22746,35562
13278,38290,42755,19839
13285,23462,26428,26938
13292,74861,33940,21583
13300,22139,20075,21853
13307,52950,14592,33550
13314,56286,33450,12435
13322,46982,17410,35360
13330,35638,18792,37382
13340,63182,20221,35923
13348,42642,45769,20138
13356,56148,27636,10293
13363,33838,31338,14228
13371,39182,31150,38700
13378,47194,41408,119348
13386,43737,23403,13626
13393,34798,41156,28736
13401,70610,33349,22269
13408,73018,19714,27274
13417,43922,13638,32295
13424,73002,21166,19114
13432,48562,46304,33743
13440,43754,35452,15652
13448,35950,41191,32703
13456,63126,22842,15226
13465,46982,45382,118022
13472,61500,30111,15921
13480,41861,22372,14156
13488,25571,18445,24179
13497,22194,19649,26961
13504,43572,11014,28692
13511,20277,33958,22703
13521,73363,16629,19901
13528,36696,40330,18528
13536,80645,38014,23339
13544,42962,33640,13348
13553,89779,42665,32538
13560,33227,35814,19021
13569,22011,26856,22765
13576,36237,18605,35671
13583,64529,25196,13729
13592,46516,48096,27975
13600,35716,32780,17335
13610,32912,32516,16056
13617,25530,40840,25114
13625,37329,42400,19951
13633,60138,39456,19420
13642,61554,17126,34738
13650,54863,34211,17724
13657,53576,62764,84092
13664,24324,22676,25188
13672,73216,16420,26502
13680,63700,32769,33463
13689,57812,40186,19859
13697,72662,23230,27476
13704,65710,22737,35968
13712,48937,6746,21382
13719,38949,39911,18678
13727,22852,17346,28884
13735,73448,20237,22520
13742,65346,7038,31414
13750,25414,12524,25132
13758,50848,64278,81322
13766,67671,33436,27738
13773,43646,33990,17177
13781,61775,38483,34491
13788,68435,15916,17449
13795,33016,40642,29662
13803,62885,40134,33895
13810,63324,26586,37422
13817,70832,35836,22727
13824,24823,22208,20858
13832,37388,35612,13528
13839,48261,14644,33637
13847,19368,19154,26346
13856,46508,48952,27804
13863,36137,35804,13987
13872,43665,33918,15029
13880,39242,39016,16330
13887,28016,21068,18437
13894,71372,18332,21450
13902,63224,13634,33568
13913,68350,14060,18863
13923,66612,41386,29286
13931,28971,36176,27423
13938,29333,35437,25994
13945,38780,19786,36079
13954,34408,6894,31148
13962,60910,36140,35759
13969,41953,37794,16241
13976,73460,20804,28282
13985,62427,22054,14765
13994,42347,45836,22631
14001,33800,39040,28937
14009,61252,30916,13428
14017,26118,15639,23320
14024,37026,46908,87470
14031,77223,38500,21899
14040,58520,35318,16624
14048,57356,39232,18614
14055,65196,21722,16396
14063,50142,65012,79769
14074,74110,11258,24723
14081,62058,60605,117484
14089,33306,21430,37296
14097,71518,20908,39542
14104,16790,41882,25731
14112,31258,37516,24934
14119,46048,45272,117606
14128,72900,43228,24466
14135,47997,14962,30355
14143,64708,38511,27816
14151,45654,17136,33194
14158,32898,31564,16426
14166,89063,19040,33989
14175,42370,13662,35374
14186,37214,23130,36786
14196,52890,60223,68050
14203,29798,38756,24803
14210,34766,40175,27146
14218,39659,9485,30501
14226,51012,9646,14378
14233,36239,35496,34836
14241,65858,20714,36102
14252,63068,25532,15200
14259,33230,34030,19574
14267,73470,15588,25184
14275,34261,24955,37441
14283,50169,12939,30925
14290,39922,45708,24762
14297,90054,33533,29968
14307,88234,42324,32802
14318,64769,32682,30177
14326,81618,28852,40800
14334,36075,39052,22351
14342,64680,33052,31206
14349,46571,17610,36179
14358,79763,33291,40727
14367,74474,24634,21466
14375,57722,17870,36960
14384,34392,39364,30818
14391,61380,39352,25578
14400,68578,18904,35114
14408,51842,8478,16278
14417,91064,38944,34680
14424,53897,34416,13911
14433,62583,39569,28143
14442,50217,18990,11791
14452,73114,20148,27802
14462,23180,20962,28580
14470,22636,26664,21454
14482,33674,21939,16722
14490,22804,21458,24896
14498,51287,64660,81062
14505,62960,20668,35616
14512,26034,21120,21969
14519,56602,45080,29572
14527,49921,46504,100044
14535,71040,17670,30936
14543,41174,20570,36448
14550,29462,35356,26978
14559,24113,25962,21703
14567,53133,63907,89137
14576,51396,50630,119632
14583,25773,10275,30702
14594,71774,25685,18029
14601,73558,14192,28364
14610,30843,22010,36449
14619,24390,22346,21678
14627,61252,39254,31949
14636,34216,5921,26770
14644,54064,45169,21723
14651,38177,19116,37932
14658,36494,37435,20250
14665,53210,21418,11674
14673,74752,26220,20294
14680,93030,31416,31232
14687,22808,14009,24415
14695,37693,21945,15524
14704,49752,46472,36761
14712,26628,23054,19052
14721,26250,18206,33255
14728,31184,16976,17034
14735,83584,22030,28938
14747,63314,31676,36340
14755,30091,35632,23689
14764,70480,17612,19196
14772,60765,39707,25313
14780,63280,38752,27376
14789,29469,33976,25868
14797,72032,32480,21782
14804,39363,44919,21716
14815,69775,25893,41781
14823,22762,19400,27186
14830,51916,19635,35623
14839,22304,25492,21110
14847,76670,29014,21836
14855,33017,24329,35881
14862,30953,21563,35841
14870,89028,38282,30682
14878,23564,29620,22778
14887,36592,41898,31361
14895,50174,19785,12462
14902,70081,24903,40903
14910,40376,17562,35466
14919,6174,38772,34623
14930,31163,10675,32016
14939,28796,18950,34460
14947,24347,30683,26077
14954,23850,26951,22499
14961,27251,18271,33957
14968,45223,64238,81118
14977,23548,30582,23638
14984,69368,16159,33949
14992,63763,35805,30329
15000,61046,22930,18214
15007,21740,21298,26207
15017,78636,33594,20928
15024,39904,27081,38884
15031,25735,21546,20106
15040,45938,17796,12297
15047,34708,40625,30181
15055,65280,37176,29132
15063,50050,43085,37197
15072,54686,20678,38728
15080,78322,41718,39310
15087,47163,64310,74706
15094,19538,23074,23216
15102,72858,40012,41097
15110,9394,35374,28360
15118,25086,15280,24760
15127,27253,47284,33727
15138,60560,23828,17189
15145,47646,48873,28109
15152,73490,25316,21616
15159,27327,35549,26154
15169,51714,6113,23826
15177,33682,40526,31501
15184,53036,20070,12070
15192,47757,65054,79668
15199,37478,23410,16702
15208,55321,16005,34814
15215,78137,23940,23272
15224,25731,20504,23575
15232,44526,12400,13134
15239,59019,20175,13168
15246,39981,18501,34981
15253,68928,20332,31734
15261,34460,33702,16562
15269,52127,16472,32868
15276,57350,33540,12954
15285,37160,42808,25164
15292,38188,37846,16188
15299,49632,10462,15272
15308,28660,45125,31809
15316,67821,14510,33810
15325,56020,34803,16486
15335,35659,39797,23854
15345,71604,29450,19120
15353,43086,34214,13392
15362,43458,34792,15534
15369,65744,22936,37672
15379,43553,14640,33729
15388,69392,33546,23862
15397,62256,27332,16934
15405,67844,37867,24775
15412,21416,29813,21883
15423,79462,15186,26330
15431,39856,21375,13524
15438,32888,23174,36676
15445,28613,17928,19163
15452,62750,37773,22295
15466,43566,35188,13328
15473,23606,13080,31424
15483,45624,47246,34564
15490,49239,46928,33990
15497,20612,29244,22916
15505,49969,22274,14971
15512,30854,37261,26051
15520,67326,36298,24656
15529,79202,19746,24187
15536,24642,28434,21456
15545,32016,21442,36178
15553,66794,38015,25230
15562,21116,31592,20938
15576,35554,30210,38448
15584,32964,19540,19446
15592,60370,37131,15990
15602,53356,46722,30546
15611,61198,38414,22668
15618,36522,24448,16043
15625,89018,16908,26868
15635,35714,17465,37860
15645,50741,43996,133707
15653,62124,39904,33402
15660,46318,33484,15678
15667,40326,19634,39112
15674,57614,33577,15782
15682,31341,19785,36135
15690,39851,16934,35204
15699,36706,15734,14854
15706,80422,22860,18986
15713,51712,8436,29277
15720,61440,36696,35304
15730,50536,9704,28503
15737,30484,24140,38302
15745,35424,19316,36976
15752,21087,24086,24112
15761,22804,17726,25907
15768,40108,37334,19228
15776,73174,9825,29272
15783,49970,45878,34930
15791,60350,30458,17732
15798,33556,39950,30045
15806,81552,37380,25024
15814,21124,18059,27901
15823,63566,25688,14728
15832,27440,33418,26490
15839,47240,20954,37074
15846,50158,33268,15167
15854,72004,20117,21039
15864,22594,15702,33761
15873,82782,36158,25524
15883,66174,35430,22163
15891,4588,41174,34530
15900,53199,10117,30890
15908,22842,14812,28446
15916,74592,29360,21416
15923,73613,22570,26056
15931,49974,63319,79680
15940,92888,32830,31186
15949,75934,34771,20064
15958,40852,25550,39082
15965,64350,37412,25438
15973,37867,24456,38562
15981,55012,44880,118228
15990,34961,25550,38106
15997,40418,23576,38402
16007,21436,17326,28808
16015,41893,8769,29320
16023,68587,41470,27851
16030,56756,35210,15542
16037,58323,38999,18114
16048,32265,38839,24231
16058,29784,8082,29353
16068,62638,26518,15238
16075,33909,20146,37590
16083,44357,19264,13133
16091,63266,27720,16590
16099,44716,12626,29220
16106,22171,17022,28805
16115,65906,23041,36812
16125,35804,22063,13290
16134,55188,46117,23422
16141,42472,33802,12393
16148,23129,13752,28794
16157,74402,25574,22636
16166,49672,20090,13010
16174,62180,49709,89842
16182,55148,35484,16852
16189,54890,59032,67698
16197,49649,37220,15860
16206,64567,24002,14106
16213,30662,40888,30324
16221,49428,47854,28996
16229,22816,19567,27802
16236,32525,37700,23455
16244,64494,24942,36752
16251,21932,25931,21492
16259,65995,15777,34393
16267,44683,35682,14556
16276,75008,15020,20902
16285,61690,19186,14828
16293,76388,37945,20169
16302,54382,52809,128860
16310,74512,36496,41568
16317,28803,9234,30078
16324,61545,31867,36853
16333,23040,36472,22023
16340,35000,19190,37176
16350,70815,16703,31738
16359,50502,48624,33220
16366,22958,14600,29558
16373,23306,14268,28559
16381,72752,23826,27158
16391,79622,40202,41610
16400,28968,8762,29156
16411,34360,25124,16498
16418,54710,8380,18408
16427,63600,25388,16018
16435,21970,38277,23164
16443,73033,34400,42084
16452,30544,35672,22800
16460,34141,27316,15435
16468,23901,17066,29035
16475,61864,23796,17365
16482,58848,26266,38332
16490,30752,23655,16126
16499,75090,24538,22886
16509,65261,36963,23872
16517,63055,16155,34289
16524,52037,20470,13078
16532,42468,24648,38884
16539,73138,32460,20508
16546,28620,35655,21772
16553,56612,18820,37546
16562,25456,13572,33716
16569,45320,64334,89866
16576,20844,21176,21700
16584,62820,27534,16938
16592,27512,12590,33708
16599,47243,17674,32638
16606,26570,26378,42732
16615,23368,21112,20994
16623,46216,48660,28582
16631,69652,35512,21788
16639,69650,44552,29262
16646,53349,8182,29260
16653,20855,51581,33805
16664,33098,27018,37114
16672,48090,42126,117227
16680,74772,31088,21576
16690,63848,18679,35432
16698,73951,26450,19125
16706,28865,20221,34896
16713,39728,41450,17850
16721,72401,25754,19006
16729,78960,42304,23224
16736,24340,15558,33744
16745,64220,26181,37348
16753,90033,40883,34639
16761,22508,29690,23404
16769,24184,22925,25633
16777,29940,35789,28404
16785,40730,6890,27428
16795,37990,39817,20862
16803,51137,15860,33137
16811,50703,45481,35916
16821,59564,41556,30824
16830,56982,49828,128131
16839,87999,42340,31757
16848,61522,36294,33622
16857,45636,11046,14852
16865,31682,35132,29472
16873,42512,44350,17914
16880,40724,26446,38872
16888,23182,23185,22119
16896,23325,25025,27998
16903,28303,10960,32869
16910,51905,10564,29328
16918,37518,52602,86430
16928,46595,13948,31120
16936,25597,31876,27095
16945,59312,37459,19927
16953,57444,16346,35438
16961,60954,21094,36544
16969,23592,22314,24281
16977,49990,61243,120552
16986,59094,35746,18563
16995,23178,25346,21678
17003,86565,18965,31833
17010,26855,37855,26236
17017,30077,36296,25738
17027,56194,19652,11178
17035,52300,33488,16378
17043,35682,39396,19548
17053,74948,42211,22855
17060,52412,44606,33946
17067,37554,40598,21980
17075,29507,17581,35925
17084,59217,38093,18462
17093,62226,38566,33066
17100,43746,7368,18810
17107,34395,24765,13863
17116,56971,6735,29776
17124,46302,42396,120458
17131,70184,16013,21395
17138,62814,33570,36400
17145,20382,45510,25458
17155,44074,16555,34076
17163,74424,40766,40498
17170,23970,21201,22144
17177,51498,10305,28826
17187,67137,38133,27497
17194,54883,17872,11607
17201,51970,20802,36609
17209,51883,14586,33102
17218,29249,43446,31902
17227,35985,32502,19336
17235,19512,19778,26442
17244,32510,29690,32570
17254,37830,25464,37000
17264,91710,23584,28454
17272,28958,14121,20801
17280,21532,16332,33452
17289,25106,29396,28368
17297,80984,50183,29649
17306,87881,36906,30442
17317,72304,21136,29428
17326,60254,40654,31558
17336,26366,33146,25170
17343,75242,16712,24584
17351,70840,38530,40926
17358,72087,31611,21630
17367,51897,16688,31992
17374,62732,15510,34698
17384,32176,24147,15792
17391,36650,17951,35851
17399,25362,25152,28578
17408,31858,11843,20531
17418,23301,20194,31939
17426,36083,31969,38555
17436,36743,16797,13829
17444,29552,19623,36052
17454,50984,12003,33321
17462,80797,39432,23891
17469,31140,18583,36164
17477,47026,11776,28975
17485,42404,20718,38800
17492,53794,51600,132100
17500,64624,22482,37202
17507,75166,15610,21784
17515,25634,19790,30867
17525,69522,44243,30109
17534,23354,18972,26150
17542,66560,37546,25288
17550,60021,21526,36976
17557,27552,18674,19688
17564,53460,17825,33566
17573,22729,23934,23965
17580,73838,18524,27807
17589,22674,16037,26427
17596,62575,36850,34020
17603,48145,24832,37228
17612,58438,40774,34472
17619,56515,18096,37535
17627,18808,50580,33354
17634,75746,31394,42225
17642,43108,38114,15222
17652,26199,29886,21590
17662,78736,43168,24310
17669,33050,33542,16099
17676,74109,17099,29437
17685,59913,20235,34792
17692,67478,37022,27732
17699,22047,18394,27987
17709,55370,42239,19073
17716,65232,18002,35004
17724,58035,47440,80328
17735,28334,27847,17523
17742,71690,35628,24193
17751,36254,18803,37203
17760,23962,12093,28949
17767,28320,35326,23462
17775,71085,18772,31968
17785,74594,37339,22193
17792,38615,60122,85583
17799,23985,36893,21873
17806,21096,19230,25166
17813,26869,21771,19355
17821,37814,18885,36129
17830,66560,38542,24938
17838,92406,34218,35145
17846,38797,9966,30961
17855,24219,17081,34533
17862,72879,18642,19823
17870,26856,46640,37833
17878,36631,39590,32206
17887,50349,63660,77615
17895,78140,46084,26927
17902,57024,33720,14882
17909,48955,12848,28155
17918,72994,12136,27147
17929,39314,43126,17646
17936,77124,15208,25692
17943,81272,38156,24972
17951,26513,46432,38106
17961,35072,21132,37986
17970,77812,34008,21209
17978,29463,35526,41807
17988,43345,8031,18022
17996,29382,19038,36282
18004,73577,45454,25780
18011,28136,35959,23636
18018,82868,39736,26648
18026,37724,18318,13277
18034,63124,20866,34920
18043,22386,20864,26760
18050,57100,46588,122278
18061,86059,17336,25572
18069,48715,42477,39834
18077,28299,41929,28660
18084,42289,23055,12929
18093,68222,33873,23981
18102,72728,17334,25400
18110,60872,39428,28276
18117,78827,39582,21964
18125,41788,40054,14807
18134,57759,46568,120785
18141,66234,35012,21166
18152,53775,9375,31637
18159,49791,48744,28050
18168,30032,34862,25069
18178,63891,15495,34398
18186,63162,16752,34430
18195,32712,18440,36372
18202,91724,36064,34311
18212,69482,39266,26216
18220,74398,24452,23242
18227,35032,18372,35152
18235,23338,22968,24432
18244,22806,24628,25248
18252,81288,35958,39875
18260,28142,15456,21448
18267,67522,35474,24672
18277,49662,27258,35942
18284,3887,27265,29444
18292,66450,37610,23560
18300,20644,16644,33386
18310,83712,29142,40534
18318,10301,39507,30217
18326,30765,9918,31500
18334,61462,37690,21082
18341,25926,21554,21244
18350,34867,23519,17911
18357,86299,47861,34147
18365,67122,22800,35032
18373,54850,45932,105385
18384,26057,19877,32794
18394,63692,31958,35447
18405,78544,29056,42256
18412,17899,42610,24693
18419,54426,10242,33553
18426,24880,15719,23864
18433,54724,33244,14618
18443,40232,41894,17723
18450,51632,45480,33696
18457,29414,13672,20882
18466,56199,33467,13100
18474,59961,39711,22982
18482,49903,9505,28185
18493,33315,26234,15279
18502,79438,22937,24047
18509,4334,24364,31750
18518,72402,23548,27444
18530,22602,37400,22500
18539,69892,45912,33360
18546,54554,33208,13014
18555,24092,28743,20295
18565,66876,31394,40718
18574,65078,20918,15556
18583,58605,22616,37846
18590,43767,44849,18364
18598,72311,33294,42027
18607,41118,19412,39178
18616,39005,44182,21178
18624,39700,41828,17303
18631,23811,18412,32856
18638,41674,8754,18125
18646,31398,19404,17322
18653,5204,23706,30548
18660,67627,33818,24480
18667,93208,35836,32499
18674,24994,19590,24508
18682,7082,23332,26630
18690,67726,36520,23700
18699,27086,20672,18748
18706,71742,9096,29338
18716,33681,39363,26063
18724,70337,14423,24026
18731,36803,21284,38010
18739,72997,18440,22068
18746,25204,19420,32129
18754,68496,13016,32778
18763,16069,39524,25206
18771,22458,22886,27706
18778,45393,8307,25862
18786,89835,39285,33785
18793,42509,12100,34083
18801,79230,37472,41714
18808,72870,30380,20688
18816,75921,16833,22596
18824,38624,10806,31332
18833,19152,38668,23464
18841,73024,20312,25230
18849,34812,16626,15178
18857,74222,13352,29350
18866,34834,22796,37350
18873,73608,21172,27870
18882,28396,34674,24398
18890,31750,36849,25835
18897,73352,10830,28594
18905,34444,21302,36702
18913,53794,16675,34007
18920,53576,28588,38374
18929,27515,21876,32785
18937,30098,23919,36064
18944,17396,36350,23670
18952,64573,34052,19773
18959,33259,31302,15880
18969,25883,21240,20953
18977,33072,22119,17477
18986,67841,21219,33708
18994,37988,23500,12946
19003,29626,44462,32644
19011,49753,19557,35912
19019,24175,30498,20859
19026,29495,35732,24969
19033,71382,30690,20668
19041,27728,33545,22892
19049,88232,19648,33246
19058,22163,22735,22613
19067,30245,34786,20414
19076,10438,45416,35306
19083,64914,9648,32506
19090,44432,60214,68422
19098,89599,39800,33927
19105,63418,21246,36284
19113,37175,30477,37911
19121,46379,11527,14803
19128,56768,20153,12533
19137,87320,45506,32410
19151,41412,8271,29404
19158,28668,13486,21318
19166,73488,28310,23206
19178,20930,28658,23172
19188,77680,37310,34782
19195,43953,46307,33586
19204,34990,34438,34235
19211,74726,16815,20203
19218,23703,23945,27871
19225,74652,13952,23246
19234,22890,23222,22914
19242,80871,22246,18775
19250,90017,33204,31553
19258,70970,18400,19612
19267,64007,24437,15504
19278,68082,36870,25431
19287,69602,34013,23171
19298,22700,20778,29636
19306,38530,43250,21342
19314,64271,24168,36440
19322,27326,33987,21305
19331,56582,18382,11538
19338,42929,25581,37800
19348,86488,45992,29421
19356,33003,38658,25869
19363,14119,51432,33609
19370,20966,35137,21955
19380,21316,17386,25054
19387,55198,5986,28648
19399,64020,40255,34150
19406,62644,8063,31531
19415,37179,23398,38095
19425,35522,20898,15362
19434,70562,29918,21151
19441,57649,42063,22366
19449,22099,25928,22126
19457,47023,66704,96723
19464,66070,37962,38975
19472,75492,15190,34266
19480,46503,63563,72717
19488,25331,15509,25925
19496,33773,39123,24792
19504,41274,35732,13022
19514,10422,21672,24510
19524,55981,33081,14656
19533,78123,32830,21761
19540,73419,16918,32219
19549,29170,21382,34388
19558,62327,20475,35927
19566,36490,14414,15194
19573,55416,45010,21804
19580,27318,21168,32090
19588,71288,24367,41504
19595,83590,41961,28895
19602,44057,12540,31571
19610,20108,16359,33891
19618,32577,24602,36173
19626,29777,17098,18429
19635,56006,37364,17001
19642,34555,37099,36099
19650,56486,15476,35248
19658,67687,37157,24940
19667,71904,20125,28461
19675,6482,40155,30876
19685,27064,20048,34240
19695,30719,35708,23414
19702,25831,37669,25536
19710,67404,23911,15721
19717,40882,21058,38410
19724,48716,7484,16422
19733,45341,42502,116854
19741,87920,21088,32381
19748,36733,25361,17955
19756,22895,21919,23294
19763,76152,36554,21492
19772,90444,20408,34268
19782,18140,14408,30517
19794,31686,32770,29710
19802,23891,26357,27657
19810,63522,40283,31344
19818,24582,17238,27791
19825,44098,9551,28820
19834,33057,30234,35445
19843,58149,18325,12243
19852,13738,39611,27545
19859,73638,14990,21412
19868,75224,27382,42280
19876,28103,42950,29647
19885,66430,19625,36142
19892,28482,42464,29032
19900,59014,20458,14848
19909,91557,31978,30576
19916,24635,22356,23978
19924,61045,28771,18009
19931,41639,6353,24000
19940,64114,33614,31612
19951,30191,34642,24574
19958,59543,35925,17712
19965,35116,32728,36304
19974,33002,11374,33160
19983,26682,28936,19346
19990,32394,35434,19728
19997,75446,31750,42450
20005,17788,36660,23319
20016,32300,32588,31554
20025,74326,15975,33817
20033,73757,20107,25758
20040,68131,21207,33959
20047,25016,19538,33386
20055,25933,34276,23005
20062,34804,36450,36560
20069,22905,23956,27591
20077,41603,35264,16177
20089,87736,36165,30386
20098,37522,36800,17142
20105,64716,23929,14710
20116,70740,30626,19220
20128,80664,33060,36184
20136,48124,12707,13872
20144,30265,13206,21238
20153,72757,25457,28158
20163,22908,21398,21196
20171,17178,44956,26938
20180,24097,28795,21680
20187,27626,18676,19130
20195,69356,31520,23472
20202,46073,16414,33335
20212,28806,45676,34812
20219,72534,16050,31419
20229,26424,21634,19190
20236,79638,44294,24312
20245,76486,27346,20616
20253,35370,20556,14598
20260,48796,66180,94182
20271,54536,34946,15202
20278,55614,33374,12640
20286,68286,29204,41314
20293,38170,22348,38890
20302,33456,24390,37518
20310,27869,41900,28369
20322,39572,9180,32394
20329,70426,18083,34030
20338,38420,37134,16258
20347,51843,8855,15468
20358,41456,18728,38520
20365,37207,19068,35752
20373,70492,13326,33212
20380,33967,31790,14772
20388,75752,39610,41004
20397,24114,24033,27225
20404,60614,20324,14976
20414,48628,21470,36808
20421,44039,18780,35361
20428,80170,16631,17643
20437,81371,36966,40094
20446,63038,22706,35076
20453,56072,30661,38455
20460,74573,16102,35115
20470,78191,45129,24095
20477,77700,43794,24146
20486,74450,21862,23769
20493,87897,40046,29755
20501,27621,34094,22578
20510,24167,13038,24953
20518,49730,34963,16067
20526,69993,17445,33417
20533,64802,38230,27166
20543,71607,25266,41847
20551,53466,14492,34752
20559,61453,21495,15997
20567,48275,48448,34388
20574,27037,16460,21988
20581,61793,23729,13186
20588,24851,26718,28007
20595,52795,47200,30101
20603,26570,19130,19938
20611,67435,35946,24210
20619,72432,16832,20622
20626,4494,37685,34183
20634,31984,25411,38563
20641,91522,33542,35628
20648,24762,18486,23714
20656,30024,42780,30892
20664,35940,19886,15265
20671,22050,18563,29352
20678,34782,21590,14990
20689,21074,16279,35017
20696,86752,18036,25472
20703,31978,36424,30549
20711,81136,21950,19896
20720,82922,33106,25000
20728,32610,23406,35528
20735,81956,13771,33819
20744,38764,43447,21989
20751,55054,15690,35592
20759,33598,38798,37280
20769,55392,46034,102214
20776,25238,28166,20271
20784,31918,18492,36895
20791,66768,35660,26670
20800,43298,43048,16702
20808,24472,27718,27250
20816,20784,35386,22626
20824,27305,26596,18057
20831,39926,48095,74547
20838,57777,16526,36139
20847,67452,20818,16540
20856,81809,22814,19298
20864,66900,20516,36526
20874,25360,20940,31058
20882,44908,17917,33999
20890,32725,25762,36543
20902,23464,20193,23068
20910,63120,28584,13534
20917,25198,26452,28582
20926,64478,35628,20420
20934,12973,39344,28213
20945,35320,23386,16324
20953,9302,45088,36424
20962,58140,41493,33468
20974,43638,13111,33710
20981,17122,38314,23482
20990,25729,19389,28252
20998,29642,34712,24011
21005,70296,36276,25434
21012,22378,18882,31394
21023,27380,21374,33102
21030,5110,32131,32165
21037,84360,48292,29096
21044,92856,25108,29490
21051,71946,38142,41969
21059,35450,21524,15212
21068,20713,18136,37197
21076,25849,21581,24360
21085,60710,32964,36646
21093,36646,27802,37480
21102,19955,33898,21290
21112,85954,16336,26807
21121,88142,17573,28062
21129,22388,16638,29270
21138,25909,20870,31141
21145,34646,11294,32818
21155,40053,45371,21347
21163,87497,46215,34387
21171,74506,37388,41816
21179,35978,20909,14840
21188,11594,21158,25230
21196,91698,34642,33288
21203,26446,21276,20830
21211,67833,39999,26810
21219,16217,48312,32459
21227,44132,12592,29589
21235,38069,41849,18301
21244,39102,21494,15136
21251,23002,24472,21436
21258,32914,7444,30864
21265,9766,47168,31652
21272,47308,10116,14706
21280,25618,18264,26016
21288,26948,32848,22284
21296,57060,65376,105300
21307,9594,46900,33538
21316,38156,5778,25676
21323,24674,17903,33733
21333,68115,37269,22888
21342,56379,17075,35788
21352,28675,21204,34164
21360,54708,64384,90100
21367,84834,14642,28166
21375,35289,18171,14183
21383,28084,35227,24482
21391,68004,34815,24362
21398,72562,16520,33752
21406,22723,39858,43190
21413,21896,23810,22273
21420,81334,17634,27570
21429,31706,41128,31576
21437,26001,33725,22556
21446,35253,34601,35918
21454,22026,16898,24995
21465,35006,20336,36760
21473,92102,22544,30961
21481,22924,18938,31530
21491,10916,20440,26288
21500,21777,18945,27935
21508,25111,26618,19894
21516,12275,16450,30988
21525,64198,21313,16189
21533,51080,59572,111662
21541,91384,25730,32464
21549,61204,59910,115262
21556,53768,12090,30007
21566,92431,37924,34186
21574,15338,41112,27262
21582,67664,41102,30448
21589,35182,40908,28998
21600,33648,24161,35852
21608,33559,32245,37025
21617,82412,37122,41602
21627,50556,45012,31762
21634,34564,33944,37252
21642,28773,22286,18001
21652,88530,18219,32652
21660,89310,20058,27072
21668,39438,44840,23076
21676,10642,25022,22632
21683,75290,15506,27662
21691,28942,38283,24228
21699,62202,34350,36234
21706,83400,14976,33594
21715,71396,30402,22075
21722,25446,19170,33694
21732,86593,47143,34177
21739,35768,20945,35629
21746,55254,45478,31058
21753,64460,12382,19032
21761,65974,36969,25344
21768,15184,38536,24996
21775,34001,32509,38012
21782,23783,17232,34702
21789,19440,43812,23725
21798,38990,34934,15020
21806,18680,36105,21638
21813,26654,19256,34616
21820,34942,35153,37807
21828,43811,48127,27996
21837,26452,33178,22099
21845,27863,38573,24262
21853,6670,40636,35370
21863,56587,43928,22377
21870,52405,60276,68920
21879,40349,13528,35802
21886,35478,18434,37712
21896,88136,40172,29368
21903,20954,36528,22924
21912,68240,31167,41923
21923,67774,37230,24004
21931,33923,35294,31335
21939,26056,29419,20189
21948,29128,23292,16836
21957,28910,21700,17382
21966,27196,33372,20666
21973,50426,11805,33388
21982,90293,20233,28080
21989,42009,28053,39267
21997,37256,26368,37660
22004,91207,31867,31815
22014,31494,20748,18636
22022,86234,47710,31010
22030,92614,25650,30410
22037,69999,38546,27531
22044,27273,38168,26114
22051,57787,17669,35882
22060,85448,22924,39898
22069,83995,37156,27072
22077,70946,28670,19672
22085,6597,41608,33840
22092,49600,39070,42716
22100,7051,41364,33949
22108,7564,41632,33496
22115,50554,58712,66048
22124,23194,28700,20264
22131,73124,15507,27935
22138,22587,18770,34171
22145,72241,17968,21799
22154,93263,35158,31984
22163,13080,20842,24036
22171,88884,36850,29480
22178,23947,41045,24528
22185,65436,21880,13744
22193,77022,38946,40532
22200,34494,33783,37774
22207,69482,13370,21238
22214,53651,18189,36711
22223,34327,33263,34015
22231,24105,25055,21704
22240,43412,10333,31189
22249,86286,35832,28430
22258,77508,38392,22386
22265,62156,33769,36001
22272,28574,35066,26364
22281,73390,12678,24526
22290,21795,18080,35992
22297,57484,18079,34955
22306,66578,34882,20816
22314,16203,24530,20743
22321,65084,20886,36636
22328,32212,34256,30121
22335,72751,21988,29336
22342,20058,28539,23316
22350,24800,29664,21330
22360,50718,45526,37364
22367,27444,35038,22802
22375,19331,22186,24746
22384,70554,46348,35302
22393,38061,41881,33905
22401,25528,18840,27336
22408,46299,12527,31928
22415,27953,45666,36562
22423,18764,20938,22840
22431,26979,35823,28532
22439,51817,6357,20956
22446,50291,10596,29828
22454,22087,17362,34269
22463,71911,9762,30382
22470,63278,33274,35668
22478,81498,18320,22080
22489,26862,18940,20484
22499,44504,62473,86797
22507,49884,43510,38358
22515,60117,22956,37419
22524,60160,19223,35027
22535,29598,27963,16789
22548,29087,35939,22744
22556,34394,38480,28302
22564,40286,45628,23724
22571,73456,20324,22968
22579,22960,47272,26260
22589,74326,17446,35302
22597,54824,54550,63330
22606,49462,12406,13622
22615,74908,33342,42208
22623,33801,19547,36837
22633,30686,37138,24508
22641,39976,37672,17278
22649,23500,20982,31740
22656,29426,22926,34822
22665,38676,35977,14576
22673,79290,36672,22690
22681,70717,33852,27517
22690,31310,22518,37154
22697,43912,10600,15196
22707,75193,43824,38378
22714,68118,14008,18260
22722,24462,30714,21660
22730,29062,20553,17853
22737,79922,44730,25270
22747,26537,18319,33891
22755,57588,34094,15887
22763,8383,21879,27403
22772,66860,32430,27130
22780,72252,19373,30023
22787,44966,20160,13981
22794,26904,18098,20215
22801,23718,17378,24488
22809,20680,48524,28426
22818,43296,17428,35362
22828,72213,18174,21328
22837,50015,47256,32874
22846,23309,35951,42402
22855,70412,19030,18556
22863,19766,17674,37181
22870,63831,18039,34672
22880,38466,50734,86066
22888,8696,43424,32986
22896,69460,32966,24302
22906,82478,37889,25993
22913,62458,25648,38051
22920,92782,29020,32472
22931,59386,52862,65240
22940,71532,18362,28572
22951,82174,34650,40330
22959,71872,21071,29652
22967,91492,26788,31282
22977,40334,34557,14277
22986,35126,31877,19285
22996,12766,38512,28352
23004,43106,36605,14175
23011,24914,34300,25977
23018,86854,18992,24916
23028,60130,18129,35176
23035,41226,26726,39054
23044,18220,42225,24762
23052,22282,19204,29793
23062,23458,17188,28948
23071,55514,16652,36740
23080,35146,22896,16596
23088,70412,17284,33542
23097,64920,20122,16743
23109,90030,27259,31349
23119,28594,19170,36314
23130,89513,40306,29860
23139,34486,33456,36482
23147,22714,17184,35140
23155,73423,14001,22485
23162,32745,37903,22900
23169,4956,37982,34339
23179,18064,45433,42573
23188,55480,54524,67218
23195,63298,31981,36863
23202,72701,27027,25975
23212,35187,19832,36602
23220,36139,41393,29215
23230,52980,19356,35396
23237,70710,17532,31328
23245,7658,41554,35536
23255,71867,30194,25579
23263,72593,17201,27916
23271,24756,18746,32590
23279,92062,28006,33347
23288,36019,41587,24304
23297,36137,35456,36676
23308,24662,14352,26492
23315,64410,19838,16673
23324,72240,20608,21038
23332,91004,37274,30816
23343,70564,33708,21372
23352,27699,31780,24740
23359,52758,10802,30296
23367,12183,48800,36000
23376,32963,7726,31361
23385,35726,35234,37016
23393,70330,19392,19482
23401,63460,23865,14083
23408,26771,35154,26244
23418,33193,11874,20221
23428,85666,46300,32818
23437,29169,44893,34008
23446,68678,33466,22808
23456,47021,45896,31426
23468,50689,45543,32171
23477,61669,26962,17429
23484,70816,17764,30484
23492,80734,34302,23004
23500,63253,24213,36436
23508,31652,35568,21648
23518,84018,46441,30103
23526,24468,18702,35256
23534,11394,48644,33068
23541,25102,20506,30726
23550,72298,17630,30250
23558,21326,13948,25344
23566,37367,46296,84907
23576,71648,17222,29552
23584,66584,37845,26826
23592,75770,14794,34299
23601,42322,19616,35000
23609,9186,44966,38075
23619,45174,16496,35668
23627,28896,35078,25870
23637,68808,14804,19156
23645,37893,42022,21642
23653,88716,41670,34994
23660,67270,40876,28822
23668,70021,33412,22340
23676,17592,14301,31254
23683,26822,32404,20356
23693,42042,34939,15965
23701,30326,43496,32412
23710,26157,18859,33526
23718,62122,25187,14680
23726,9883,19402,32619
23733,33574,25368,37090
23741,71857,22598,28983
23750,87942,40076,30766
23757,23338,19386,33973
23765,11606,47180,31360
23775,58658,16242,13226
23783,55453,32203,13596
23791,19472,39934,23960
23798,25094,21006,30678
23808,69460,16590,34186
23817,46518,45150,34908
23826,51735,56060,129106
23834,89856,18942,29778
23842,26861,16012,35164
23849,74492,16520,31518
23857,3570,29708,31450
23864,60424,27520,37914
23871,76844,46339,26005
23880,88390,38840,29070
23887,73438,17604,28258
23896,39232,6600,28294
23904,41202,17484,38213
23916,65276,34701,30192
23923,23630,18450,35112
23932,32615,19826,37229
23944,62406,28920,36622
23953,35648,40430,28266
23962,54536,17330,37362
23970,66775,12341,19893
23978,61822,20296,36270
23985,32748,39189,25823
23993,53244,41796,18321
24001,71220,36332,25044
24012,70688,39136,26302
24021,77200,35998,20356
24030,27634,16898,20324
24039,22154,36639,23020
24047,41844,25682,39055
24056,26930,28374,19062
24065,68107,36346,23437
24072,23302,14776,27316
24082,10057,44631,33752
24096,57610,38534,18518
24104,23418,24628,21132
24115,50784,42400,115554
24123,73576,22195,19501
24132,24495,23350,30011
24140,67064,39144,26776
24147,82564,14936,26458
24155,42624,60404,122488
24164,23817,22706,28228
24172,34618,31022,37578
24180,13040,49498,37038
24188,75100,15102,33562
24196,84909,47821,33784
24206,31044,21158,37216
24214,70206,27907,17516
24222,24914,18608,35396
24230,17132,19464,25402
24241,76346,31974,42014
24248,89419,38135,33416
24257,67756,32341,25459
24264,73220,19744,26384
24273,52798,42456,19000
24280,7730,28904,32600
24289,2966,29494,31142
24298,43040,34728,15212
24305,24722,20956,30378
24312,29304,35691,23809
24319,24274,21472,28666
24326,72684,20798,28356
24334,65918,11713,32429
24344,68390,35385,22040
24352,63818,24738,14893
24360,67514,37143,25871
24367,75963,40167,22993
24375,67568,36250,25620
24382,47050,8976,27056
24391,27426,15634,21490
24398,22324,37891,22874
24405,22765,19972,25729
24412,51160,64730,89942
24428,18532,48790,30806
24439,50498,15786,35299
24447,86432,16796,26904
24455,18100,15293,29490
24465,33374,22594,17736
24474,6632,24582,34606
24486,25538,29664,20112
24497,27294,41348,26878
24507,39521,8552,29892
24516,64973,12032,19243
24525,65532,21234,36258
24534,44255,63656,88486
24544,48627,60551,70782
24555,8644,43732,36858
24567,67399,14138,33637
24574,9232,19946,28260
24582,27058,38119,26672
24592,24802,23450,29090
24599,51492,17869,35031
24609,23096,21580,30051
24616,6253,25995,34403
24623,44850,18434,34046
24631,92416,38888,33210
24638,72376,16347,31807
24646,64332,23642,35538
24653,6638,39342,35330
24663,72406,17616,31140
24670,30768,42706,36452
24680,90988,32770,37204
24687,33905,21399,36996
24695,34393,13994,35666
24702,20843,19271,23941
24711,30664,27070,15612
24720,34328,34328,36878
24729,70824,18300,18014
24740,77410,39574,41240
24747,89918,37433,36985
24756,16129,49526,27061
24766,64530,30346,34191
24775,23850,21216,31137
24783,24112,30850,20474
24790,68331,39574,25954
24800,28758,21268,35236
24808,40015,37530,13663
24820,71058,18444,31572
24828,35812,25277,16411
24836,24876,34584,23558
24843,21108,16862,24470
24852,66235,36467,21869
24861,56638,10308,30644
24869,47318,16970,34558
24876,73304,23146,19570
24884,20626,19338,22930
24893,73384,19889,19902
24900,33584,32270,36472
24908,46047,21787,36327
24915,63875,23009,35732
24924,56128,44371,117536
24931,9084,43554,33568
24939,78812,37692,21646
24947,23834,17709,36424
24954,29626,33226,27200
24963,43981,10853,31431
24971,26531,31600,22251
24979,21647,19899,22369
24989,75396,37128,41314
24997,39360,62538,84362
25007,69152,36290,23412
25014,12974,18340,25668
25023,32367,18090,16710
25031,72888,16364,31028
25042,76032,33909,41769
25049,71210,27660,18109
25061,81841,15495,24922
25070,7014,41314,37302
25077,56438,34608,14754
25084,6376,40826,34152
25091,31507,29977,16006
25101,6474,25946,36498
25110,62856,23324,16546
25121,34826,19446,36716
25129,33828,18645,36747
25138,33236,35302,32390
25145,32991,24542,16041
25155,75767,36943,41118
25164,14416,43426,28688
25172,78055,30303,21649
25180,57674,43110,23294
25187,71839,10872,26336
25195,30320,7292,30668
25203,59527,20055,14609
25211,65250,36904,26610
25222,19685,29901,43517
25229,29154,8414,30660
25237,62668,32256,35776
25247,75597,29082,21966
25255,35846,23763,18450
25264,15080,50854,35776
25272,71252,34590,42108
25284,42644,25708,39040
25292,72488,23120,19434
25304,71779,20708,29343
25314,59730,21232,37408
25322,70716,19412,21008
25329,59792,19377,13234
25336,86964,34408,27948
25346,54015,10065,30971
25354,22728,24904,21656
25363,24682,17022,32428
25372,21568,38460,42910
25381,55438,32450,15684
25389,25578,18366,35190
25396,57356,12662,15320
25403,43636,29106,38548
25412,73533,16707,31754
25419,32504,12048,20023
25429,80734,20532,19248
25438,63280,28257,14756
25446,23122,18440,33212
25455,38306,62035,84632
25463,35118,17692,37538
25470,74448,38550,40600
25477,64776,21084,36256
25484,72356,17794,33416
25493,9648,45222,30960
25501,61083,21821,15626
25509,64001,11178,33243
25517,87583,18195,33652
25526,42928,12133,29848
25535,45761,20478,35185
25543,15348,21296,22500
25550,71462,19332,30192
25557,53641,34042,15691
25566,33900,37085,32433
25574,24318,17844,30805
25584,24582,29260,27326
25592,78290,18858,39164
25603,16680,52126,36275
25614,66460,36276,21566
25624,24507,18596,31935
25632,48001,15203,31688
25640,78870,45484,25544
25649,52212,8405,28301
25656,73462,23414,26942
25665,16530,38670,42988
25673,72388,20183,29300
25682,79068,34428,22240
25696,73500,28144,21558
25704,27130,32514,25596
25712,90955,36315,29962
25722,27853,9491,29599
25732,19592,36396,22262
25739,64949,40119,30090
25747,78998,41064,39450
25756,67875,31821,26980
25764,80144,17801,26477
25771,65938,7295,31327
25778,72394,32160,24086
25786,74990,13068,23106
25794,80308,18732,21456
25804,31984,17350,36535
25817,71556,21366,28280
25825,22728,18857,32068
25832,75722,35542,42300
25840,25088,18888,32308
25847,78502,33372,20362
25854,70450,17970,31135
25862,33266,32602,33664
25870,25116,18414,32722
25877,70528,11362,23400
25888,77136,20986,22624
25897,71024,31632,27588
25907,19817,49434,28048
25916,74260,19466,26224
25928,72864,22800,28854
25944,63135,33930,34879
25952,23918,20473,30842
25959,56884,17216,37314
25967,20308,19647,22191
25976,74339,16075,34476
25983,50014,19689,36783
25994,11753,48112,31599
26005,72348,17802,19506
26013,19000,52324,34756
26021,66978,37168,24340
26035,32308,31909,17144
26046,22254,30612,22350
26055,8032,42147,36379
26063,82015,14026,34280
26071,32478,27100,15322
26080,22990,22320,29080
26089,28758,37314,26688
26097,80396,17652,22496
26106,17969,23403,23583
26115,38472,36406,13670
26123,20398,15632,33204
26131,30526,35274,28466
26139,80064,17769,25552
26147,24299,19753,31873
26155,62567,34562,36055
26165,26408,33056,21656
26172,29140,44268,34822
26180,8349,41257,32149
26193,49798,9186,26887
26203,41468,19798,37078
26210,33851,39784,24739
26218,80878,17490,22254
26226,58963,41797,24160
26233,5536,27634,36226
26244,73260,23824,27116
26252,11430,48022,35326
26260,62724,32742,37482
26268,26077,19728,30708
26276,54656,36818,15352
26284,49839,57222,128595
26294,22846,20872,22982
26302,26086,23782,19193
26309,72368,32364,20554
26316,33756,23035,13632
26326,21026,15827,34331
26335,23828,16312,35022
26345,85546,40776,28776
26354,92840,35622,35130
26363,8669,43202,37793
26372,12488,30834,27702
26380,71518,20496,29684
26393,25750,18221,32713
26400,66777,35340,40040
26408,24636,15072,34520
26418,72245,40357,40102
26426,90576,26804,32790
26434,59170,38607,18108
26442,74572,15857,32648
26454,10257,46993,36311
26464,62814,39382,28632
26473,72878,19200,30316
26485,30053,11923,33521
26495,15418,16782,29330
26509,71621,39891,23877
26516,19665,26599,42096
26526,40372,38346,15632
26533,23514,46880,26874
26543,53988,17753,35296
26551,38171,36007,14608
26560,24785,20598,32058
26568,71920,15800,31537
26579,27584,9412,31326
26586,53162,7166,28586
26594,68006,42627,31909
26601,27626,18450,33526
26611,53806,11038,31064
26626,25039,21771,24841
26635,25755,17546,24281
26643,41988,47508,28468
26651,91546,27202,32408
26660,23570,22283,29871
26668,80171,41581,24022
26676,29814,37653,23244
26683,79590,31997,42588
26694,88314,45672,32846
26701,43412,26968,38284
26711,35678,31343,19852
26721,21086,43446,41688
26728,78172,32460,33370
26739,42611,9787,31922
26747,70856,19380,30260
26755,65086,35414,20790
26764,37313,42297,22267
26774,77224,34746,21656
26785,67298,15706,16880
26793,45244,15130,32582
26803,89596,43246,34940
26812,7106,38948,32352
26820,49514,13052,28362
26828,40378,21386,13994
26838,87378,28860,29646
26853,32135,9443,32198
26863,30540,33000,28424
26873,48157,39641,42797
26882,75879,24233,22660
26891,47780,46629,32588
26900,9630,43454,35090
26909,88994,40766,37596
26917,73171,18823,32060
26928,90272,38632,36708
26938,26272,21190,19390
26945,42163,12875,33515
26955,19280,39608,42718
26966,88486,37712,39006
26974,36577,12112,17131
26983,79232,37574,20500
26991,34135,26901,38750
27000,19324,35746,43368
27007,34412,35006,33000
27017,61547,34210,36856
27025,34296,11963,19891
27034,73064,26496,21678
27042,16898,36778,43222
27049,26454,31444,20223
27060,34400,25658,37404
27072,21423,18059,24451
27080,23476,35560,23096
27088,34041,36080,38125
27096,22961,44728,25794
27109,48304,10998,28938
27118,54384,45612,21674
27129,74348,35653,22171
27140,71434,18331,26941
27148,77191,14047,33759
27158,70346,30978,21740
27168,23152,37378,43332
27177,34814,33332,18320
27184,87452,42600,31306
27193,74095,18895,25845
27204,76732,15053,26127
27211,24994,20552,29720
27221,21517,18092,28674
27237,18278,16504,28566
27248,70596,34316,27564
27257,17729,37378,22052
27268,66806,22554,36646
27277,93170,36452,32912
27285,49731,14361,33936
27294,72022,22479,18689
27301,81274,16678,23648
27310,23562,22698,29656
27322,23494,16360,29650
27329,36600,24204,37747
27336,51813,19481,36146
27343,3391,27496,31937
27350,76830,36394,20484
27361,91110,34646,32268
27368,35991,25642,36859
27375,38100,43374,24213
27384,76416,26560,21440
27393,20291,20053,22703
27403,32652,24927,16061
27412,68644,39094,26266
27422,32938,13316,34158
27432,84379,47014,32091
27444,24274,28165,20210
27453,54394,11378,33941
27461,16814,38232,42736
27470,32632,20278,37342
27479,91350,25040,35144
27486,54898,20266,11636
27493,27515,22141,17916
27502,50718,12390,31462
27509,21161,20189,25366
27517,38432,41618,16758
27529,44793,36276,13922
27537,80612,31746,41146
27544,22211,17664,32509
27554,34249,24847,38090
27564,14306,16484,29628
27574,53160,43198,37232
27585,60769,32032,37118
27595,72188,12480,23290
27603,90166,39000,30961
27611,84954,46810,30478
27619,34786,16872,37264
27626,34547,39792,29434
27637,80164,37447,42076
27648,43086,34247,15297
27659,72488,16804,35184
27668,26004,17158,22370
27680,91869,31439,32083
27691,67789,35525,27336
27701,74798,14946,34312
27710,72768,30584,23294
27719,24362,40508,23756
27727,73394,30142,23053
27735,61416,40782,28852
27746,29351,41947,31631
27754,79028,34858,22113
27763,67950,41744,31465
27775,39720,21875,13652
27782,68430,14870,33118
27789,65332,22264,36816
27797,44322,53764,65440
27806,35883,21997,16319
27815,27213,36024,25880
27823,42460,11422,32496
27833,33873,25881,38280
27840,69936,33066,19750
27852,67782,24007,30740
27863,48667,47777,34396
27871,79048,49853,32282
27882,23702,17752,33292
27891,23080,17544,35050
27901,72715,20480,24129
27908,35506,33039,38117
27915,71877,19614,26937
27923,77300,41898,40663
27931,22502,22344,24542
27938,41940,46845,23554
27946,29696,39322,27154
27954,33168,23010,14382
27967,71841,24839,27634
27976,65366,24438,36252
27986,63250,38392,22838
27994,34075,34506,38326
28003,26780,19544,35318
28013,66184,20184,35660
28022,46375,8085,18910
28031,25517,18360,36134
28040,58896,42424,25466
28049,26276,20762,30350
28059,63368,29502,36908
28068,59458,35596,15732
28076,6023,41725,32904
28084,46106,44247,119772
28092,25589,31648,21909
28100,30406,35528,27414
28110,27126,18996,19672
28118,21154,37248,43610
28127,76396,41486,23224
28137,68936,40194,26344
28147,22508,18147,26140
28155,76055,31815,20341
28165,57919,54693,63962
28174,23154,24239,20468
28185,34075,35095,37780
28192,59088,68612,99292
28200,22937,21581,22229
28207,28574,32315,25834
28215,57468,34924,13640
28223,23054,15656,30410
28231,63154,19640,13744
28239,70972,18776,31228
28248,46702,12025,28613
28256,24383,22141,29693
28264,32813,28210,16019
28271,63236,35082,37618
28282,90306,38906,32862
28291,89318,24043,32777
28301,79630,36452,22418
28316,41276,12079,33574
28325,79118,47373,30046
28332,47592,48506,28778
28341,34634,18620,36778
28350,73300,14673,27803
28361,54562,33060,15368
28371,55690,23614,37278
28379,78754,38810,20960
28387,27296,31921,25571
28396,75688,28324,21696
28403,23520,17160,36486
28412,27812,8824,30711
28420,29332,21172,37246
28428,89438,39374,36000
28438,20741,19900,22861
28450,42486,46908,31132
28458,12976,18122,26425
28466,73284,23834,26211
28478,88568,43764,30500
28487,48687,46583,35840
28497,18662,35386,43338
28506,62150,39124,33860
28516,61434,13073,36161
28525,35106,27306,17040
28535,30207,27271,16728
28544,22691,20744,23908
28556,80042,39635,23511
28565,74238,34504,41622
28574,73140,15442,33420
28582,43947,11383,29103
28589,85532,16476,35056
28597,27852,22770,18163
28606,26790,9572,28576
28613,51244,16955,35878
28623,79656,15724,27404
28631,35788,7839,32101
28640,32044,27707,14399
28647,85060,31112,41574
28654,24150,20462,31281
28666,56021,16337,32929
28680,53160,19122,11400
28690,62323,21229,36048
28701,35922,23386,16119
28710,40748,36163,14394
28721,63756,22806,36122
28733,45643,16003,32545
28746,10843,18005,29053
28755,67152,36205,22217
28765,34326,37396,36648
28773,70581,11149,22015
28781,87009,16278,33766
28789,65596,34075,19953
28797,68852,32171,41738
28806,27729,23847,17604
28815,79562,38738,23376
28823,25232,23702,29706
28831,85036,14854,27738
28839,58530,36382,17178
28847,22526,18988,30908
28854,13848,18351,25414
28867,36653,40398,17989
28874,72432,18928,25128
28886,85914,46293,30086
28894,83971,49187,32225
28902,17716,18288,25224
28911,81050,45250,29252
28921,22960,49696,29534
28932,80794,20750,26088
28944,21741,15612,33780
28951,28421,15861,20443
28960,34496,36099,31257
28968,21561,13899,26295
28979,70126,34883,20821
28989,81586,20736,19580
28996,67936,37990,27605
29005,33230,24446,37148
29015,73273,24548,41977
29022,52470,17744,34500
29032,77475,36046,21479
29040,36754,37931,15194
29047,74845,29489,41832
29058,47124,46326,36466
29065,58744,41828,31697
29072,44882,23416,37018
29081,73416,21923,22752
29088,36592,36958,15014
29095,58222,38306,17214
29105,24630,16939,23965
29113,84670,39539,27885
29122,24780,29767,20276
29130,24664,29572,28060
29143,42168,17788,35572
29151,28406,34754,22624
29158,62496,40493,31822
29170,17943,27148,23426
29177,33400,22450,15978
29188,35292,39657,29990
29197,60850,23024,37422
29206,82834,13360,30958
29214,43486,17666,34408
29223,23292,18276,32712
29230,21359,24440,23802
29241,70660,12512,23396
29250,73665,19833,23413
29260,63340,22774,36458
29269,25328,21052,29694
29283,30117,13834,20900
29292,65414,33534,18892
29299,91374,27324,37186
29309,53709,12051,31529
29318,30542,34224,28882
29325,27197,14910,21790
29335,24065,17974,32962
29344,71463,34733,21890
29352,88574,29026,39068
29361,27404,37550,24970
29369,49252,13582,30332
29379,38720,39540,19112
29387,73618,20486,24530
29395,80434,49080,27098
29403,53702,15381,36266
29414,21056,16588,32952
29423,68164,42256,31288
29431,9162,39254,32300
29438,25746,36780,25598
29448,87324,43410,30304
29459,27104,37522,28628
29469,66455,32763,28165
29478,41048,24514,38274
29486,65872,42534,32553
29493,42676,10486,32838
29503,77202,35698,42069
29512,12602,18170,26175
29522,12293,23782,26864
29529,25013,18976,33909
29537,38689,15778,13088
29545,34294,22064,14617
29553,30944,35178,27504
29560,34070,36661,18770
29572,27384,37882,42931
29580,83156,41155,27750
29591,89722,38276,33596
29599,20978,36161,22061
29608,20688,20986,22174
29616,69845,9083,25913
29624,22694,27196,21368
29633,25906,20762,29695
29641,93279,28124,32643
29655,61200,18734,35650
29663,22530,14660,26324
29673,57077,41152,19992
29682,31088,34495,27959
29689,92586,34962,32354
29700,77579,19407,24047
29710,44674,35136,15636
29719,72863,26053,25465
29727,27071,40977,27889
29736,65745,23589,35317
29744,23570,19898,29024
29753,70881,17663,31789
29761,86356,27716,28700
29769,4083,32895,33641
29778,9276,47382,36658
29788,6622,37020,31570
29796,76295,34630,19833
29805,59562,38800,20190
29815,68464,20167,34640
29826,39747,34241,13553
29833,69622,35792,25825
29843,71720,17434,34278
29852,58175,37897,18800
29860,36182,31803,20287
29868,27879,43953,30055
29880,79916,36996,21916
29888,27761,10326,31859
29895,59741,9060,31763
29904,24240,19262,38620
29917,23504,44071,25793
29926,93006,36188,30800
29938,71815,42585,40093
29947,74846,27069,41916
29956,69467,36138,23786
29963,23214,18042,31055
29972,89534,41738,33336
29981,41116,21546,38410
29988,50008,42239,38158
29997,89808,35306,29230
30005,53072,16694,34664
30013,17634,32726,41520
30025,71795,19203,31524
30034,24808,38960,24392
30044,4795,26065,33288
30057,24448,19494,23462
30065,26586,22096,18962
30073,84739,38045,27187
30083,84328,47146,29410
30091,67926,39588,26655
30099,86988,43496,28908
30107,31802,16399,36068
30118,68422,32840,25506
30129,16594,39794,24003
30136,73000,26524,24548
30146,32838,34003,31882
30155,23708,15134,32232
30166,13542,35742,25248
30175,30922,15440,34618
30186,54850,8122,29612
30194,61246,24325,16896
30206,36212,20132,15668
30215,91022,29494,35618
30225,32222,14215,34069
30234,51218,13798,34327
30243,28758,36282,23632
30255,31536,37170,29588
30264,32462,11753,33670
30278,83737,47136,31359
30287,25671,20052,29542
30296,84059,15214,32273
30304,73087,26528,24020
30314,71458,16111,25453
30323,7849,44801,32772
30331,33938,25705,37489
30342,23264,20736,30260
30352,18914,38780,22476
30362,75238,30520,21706
30370,34532,36862,36600
30380,19688,32848,42714
30387,19454,34602,43580
30396,21690,32442,42980
30405,61597,20051,13655
30414,73402,17392,31943
30422,72666,16692,28878
30430,67290,39120,25316
30437,47593,8637,15764
30447,91936,23536,34387
30456,73170,16490,30650
30464,19810,35905,43685
30472,84288,19758,22720
30485,21668,16910,32390
30493,62920,22634,35722
30500,28451,34426,27797
30511,62183,21813,35995
30519,54524,19634,12452
30527,70684,17009,32176
30537,57216,29676,38408
30544,70530,38541,42028
30553,89502,36880,30161
30561,51405,12004,31582
30570,72363,9929,29896
30578,18918,37339,41927
30587,85059,38336,27822
30594,36197,34084,37677
30602,31358,13582,33820
30611,65367,36189,22146
30624,52640,56658,64394
30636,8181,42096,35048
30644,66578,34642,21446
30652,24002,14751,27020
30660,43281,44257,122748
30669,22696,15050,26684
30678,55122,21444,36720
30690,14246,34268,41184
30698,22879,16050,25871
30706,42513,37840,15461
30714,24946,21514,29758
30725,16614,44988,27562
30735,92312,25432,33486
30743,63402,23200,36047
30751,25902,26048,42244
30761,5700,30344,33400
30773,28673,13057,33867
30783,56550,16311,34029
30793,85878,28441,27820
30802,26371,21981,30558
30809,26457,39888,26787
30825,7442,41664,37130
30833,16750,25654,20360
30842,78088,29160,42090
30850,26387,37830,23748
30859,54534,13736,32306
30867,72554,17482,33758
30877,71654,17708,31460
30886,21666,27973,21613
30893,68716,19128,35462
30900,65654,19838,15282
30909,79642,21653,20053
30921,44228,59698,68134
30932,21231,43906,23240
30940,90994,35199,31806
30949,75228,39554,22592
30959,81753,44581,28456
30967,60580,35144,14800
30976,22531,16394,30176
30987,20580,20340,23348
30995,83838,34976,41105
31007,70985,29122,19872
31016,65524,10346,32396
31023,23616,21080,26704
31033,71264,21606,29590
31043,80064,25048,18331
31050,73142,38698,21826
31059,47819,20619,36514
31070,36416,22000,13737
31078,87036,30440,40590
31087,20827,35705,42113
31097,72730,23198,26602
31109,93034,37254,32408
31117,31868,27842,15131
31127,28860,35484,42682
31138,81196,34880,41180
31147,22262,19364,24216
31158,73699,15564,23832
31168,61532,19346,35116
31175,29104,13142,33408
31184,13582,35396,27018
31196,73425,14287,32911
31206,24319,16918,36109
31217,75122,43500,24482
31231,67218,38710,24978
31240,24971,17593,26069
31250,25985,21337,31958
31258,8154,45060,34198
31270,73336,17804,37634
31280,72007,19048,23244
31287,23020,17995,35149
31295,55866,17167,36654
31304,37498,41462,18274
31315,29410,43530,32940
31326,89674,37222,32892
31333,31218,34844,40210
31341,18222,45824,27051
31351,22990,30950,21270
31359,74800,15598,34158
31371,23248,17951,32464
31382,24024,33895,21556
31393,68697,15206,33916
31403,22376,15620,28984
31413,69250,8994,30958
31421,64100,39200,28937
31432,87528,45550,33586
31441,25958,41398,25128
31450,28996,41408,30460
31459,62013,32489,37254
31470,70296,25768,41668
31482,34964,7250,31478
31492,4020,38700,37018
31499,53166,17877,36894
31507,77310,15502,23672
31515,79192,38894,21622
31524,69224,20708,31686
31532,72278,32026,21569
31540,29694,32516,27793
31550,21410,21810,22231
31563,72352,17112,30488
31573,78284,43036,24486
31583,14028,47917,33604
31590,27708,36588,28454
31599,45769,46508,23264
31607,27808,23799,31087
31614,10678,23370,23652
31625,3041,31934,31820
31632,22612,19702,24270
31640,23776,38866,42575
31650,72927,15136,33966
31659,90226,42206,34876
31668,76872,48938,30908
31677,22435,18627,29919
31686,89691,39394,32168
31696,43554,46148,21520
31704,69448,43098,27222
31718,62826,30159,16661
31726,30232,43034,32542
31735,60298,21026,15182
31748,17624,36870,43708
31757,53973,19816,11947
31764,12758,44264,29944
31772,81098,36610,40934
31780,18954,41254,42374
31788,21291,17965,23096
31798,21298,41747,24067
31809,28289,41347,29836
31818,70616,15146,23116
31828,23570,18354,33670
31839,32215,34341,18394
31848,3798,40805,34259
31860,53676,13976,34615
31868,84184,46696,33558
31875,38137,42420,18236
31885,74103,12069,25631
31894,28009,35141,43324
31903,64754,25522,15430
31911,56808,34288,17416
31919,35427,18092,15394
31927,27867,35330,27065
31941,24726,20698,31482
31950,23146,23704,20552
31957,17060,34876,43616
31966,48609,63651,73048
31976,24394,21224,31716
31985,74730,15566,36418
31997,92096,27737,32360
32007,21378,41680,41632
32016,43356,53462,67548
32032,25688,29678,21004
32040,54039,43960,110401
32048,17046,33352,43518
32055,27850,12146,33337
32062,49264,17176,35142
32071,69545,31996,22525
32080,15963,35290,42849
32092,44135,47318,30998
32101,39402,39792,15917
32109,93312,35964,32946
32118,24560,22137,28307
32127,46930,51470,125998
32139,81074,38868,40682
32150,69722,12910,20892
32159,63139,33724,32103
32166,47724,18849,36098
32175,23119,17659,31886
32183,22840,18394,29046
32193,56973,53694,104453
32204,75704,15600,27330
32212,68061,39137,28124
32221,19046,46440,24716
32231,75182,14644,21716
32243,77967,39654,20635
32253,78968,42843,24010
32261,77486,49334,29614
32268,59388,30720,37532
32279,91608,33286,35915
32288,50064,20726,36508
32299,31264,25556,36184
32306,50074,11083,14844
32313,78500,43808,23442
32321,75276,14864,23782
32334,31658,34958,28618
32342,54738,6054,27021
32350,86186,14966,28818
32358,18893,43571,26046
32366,69578,20564,31204
32374,62952,23102,35584
32383,76373,16040,36776
32394,32630,37274,30442
32402,22732,19544,23514
32413,57482,42248,20746
32424,24171,36368,43191
32433,72703,19845,29780
32443,66982,23178,37762
32453,71378,16189,20976
32462,16796,15568,29924
32470,32263,29776,34720
32477,19098,21472,25026
32487,24966,18716,25342
32496,55320,34812,14270
32505,26894,18210,35059
32513,29252,42466,29754
32522,24538,18330,35516
32529,71038,17768,29032
32538,34399,36162,34462
32546,17830,52273,36501
32556,47787,61082,68672
32565,69352,7708,26584
32574,19330,35564,41742
32587,18808,36538,42378
32596,75934,32879,21139
32606,76029,38451,41027
32614,22668,19418,28300
32624,78262,41456,22362
32632,60249,37603,19616
32642,24292,20914,30678
32650,87390,34986,28870
32658,75165,34432,41891
32671,16944,25058,24646
32681,16968,33698,41706
32688,17067,52153,35521
32699,30331,9905,32916
32714,24007,27960,22501
32723,74466,16424,35480
32732,91098,26170,35386
32741,65962,23940,14619
32749,31307,36070,28295
32761,24248,40754,42574
32769,17400,35210,43642
32777,69234,36716,23642
32786,30860,17402,36298
32793,6003,32967,32764
32803,23781,30733,43396
32812,62739,32126,37760
32820,29084,21500,36790
32831,33780,37537,38040
32839,23048,17524,36418
32850,90507,26149,31077
32865,54886,17312,11618
32874,17686,35770,23662
32882,20386,38350,43326
32891,72471,31515,22154
32901,83835,41117,28334
32910,57322,8556,19170
32918,35814,32073,19782
32929,28179,38692,28266
32937,28546,14496,21086
32949,42943,52062,106163
32957,9136,45396,38548
32964,75232,38628,22756
32973,62585,34957,34102
32981,88908,40576,34135
32991,29144,42080,32093
32999,22966,33622,21192
33006,27882,37926,26008
33014,71436,10572,25188
33021,63374,18504,15260
33033,49339,11765,14543
33040,42787,24482,37903
33049,29604,41442,31218
33060,45087,17120,34205
33067,87881,18702,33576
33075,53318,15985,11475
33086,56511,7722,31718
33093,28157,20512,18321
33105,23825,24959,21065
33115,75054,45744,24654
33122,32199,18953,16386
33129,89512,24554,38412
33137,65096,34482,28260
33145,83737,47805,35430
33155,74741,13826,27602
33162,29147,37803,24890
33176,20754,13496,30324
33185,25793,19408,34013
33194,22946,17433,34116
33206,85844,45901,30590
33214,75298,18446,20612
33222,33256,34234,31380
33232,5500,31807,31642
33240,27200,37534,42602
33249,85521,45829,32439
33256,27212,34342,24586
33264,78121,43436,23762
33274,69450,36658,27462
33283,49015,60124,126370
33293,46475,10032,28507
33301,27238,19764,19292
33308,73286,34826,42728
33318,21524,16774,24494
33327,17916,47517,27498
33336,22794,27304,24910
33347,91040,40692,30480
33356,50173,15333,35412
33364,63660,33698,33434
33372,72163,17816,20932
33380,67723,34664,20253
33390,24091,21725,23509
33397,14394,30153,26258
33405,36668,36734,14390
33415,91618,32078,37114
33425,22950,30512,21470
33437,33654,22708,37558
33446,4177,41296,32747
33456,30738,35611,28131
33467,43248,12542,30044
33475,72664,14142,23486
33484,91146,27262,35244
33491,30432,37148,40786
33503,21956,15032,25413
33513,81358,30644,41570
33523,49556,48428,34332
33534,92107,37660,30568
33545,33631,36018,30692
33552,40768,17064,37480
33561,78974,15360,26168
33572,8162,42332,35527
33579,24282,21182,31252
33588,24190,19465,32973
33598,45279,9859,29868
33607,36017,35051,36322
33615,71356,38248,41366
33623,25949,36668,43560
33630,67408,9171,31929
33646,37544,36183,15192
33653,33540,30035,15783
33661,37861,39519,19912
33670,73477,15711,32027
33677,29843,35112,21382
33687,25416,17120,35684
33696,66724,21212,37086
33706,91797,30551,32487
33713,24001,18716,35010
33725,91904,35683,32585
33733,5825,20756,31426
33740,6778,43068,38390
33751,5016,41296,35020
33760,24176,20868,39831
33768,80065,49614,32430
33775,29360,8906,31192
33785,90371,33220,30021
33793,33530,36808,29895
33801,67966,17704,16471
33812,26016,38796,26902
33821,31218,16727,36073
33829,45981,46136,21562
33836,91146,35380,33947
33845,81046,26655,42003
33854,80043,37935,40003
33861,24786,20668,23124
33869,10908,35116,28586
33876,44797,47358,31967
33886,17398,42668,25230
33901,70450,41184,25586
33908,72748,13654,25320
33915,83385,42973,39894
33924,22432,30770,21262
33932,76054,39307,40973
33941,73620,18662,29136
33948,29753,31489,41834
33962,5783,26207,35982
33969,89727,23084,35011
33979,31737,36087,28788
33988,91718,38671,34283
33995,23365,18080,33337
34003,92222,33807,36504
34013,44692,8720,16372
34020,91961,38034,31678
34030,6754,41098,33526
34039,22273,21120,25097
34049,23957,28618,26827
34056,11464,42772,30246
34065,20156,42494,41573
34073,71041,33298,20097
34085,53010,10766,32990
34094,70392,38732,26324
34104,22125,16185,30719
34117,65738,36402,21856
34125,51108,36480,15418
34132,74436,34564,41972
34141,73447,47860,35644
34148,31602,7092,29652
34155,54008,32118,13265
34164,74964,40502,22850
34175,33644,30298,38712
34182,69854,41055,27610
34190,12171,17477,27627
34198,24234,16394,34618
34205,72149,15891,30154
34213,35963,40182,22397
34221,28466,42788,28592
34228,23308,17688,37094
34237,24162,20561,30470
34248,37851,36445,14542
34255,27115,42320,26118
34265,64626,25594,15018
34275,29921,33614,27417
34285,35889,17777,16773
34294,89084,42052,34180
34304,66328,35558,26366
34318,84586,26734,28044
34327,25033,43758,42028
34337,22314,23118,26462
34344,5607,24222,29172
34352,35429,33645,37891
34360,16484,36029,41953
34369,17900,33574,21814
34378,24364,21648,26524
34387,50290,6240,22692
34397,63138,34606,33168
34406,79676,38227,21014
34413,62940,36929,31911
34421,29106,42412,32592
34430,25089,29920,24114
34442,31664,39492,38998
34449,27326,37580,43238
34460,18502,46101,24867
34468,51346,21376,36904
34477,76359,37907,41722
34484,72414,30654,19736
34496,90324,42968,33432
34508,88450,38790,38944
34521,71582,15618,21010
34529,41861,10464,32761
34539,50738,60468,113566
34547,11855,41394,30012
34556,3202,31356,31522
34565,5799,41084,32077
34572,63868,40921,33734
34581,81252,40562,41244
34589,51323,15201,34099
34598,18379,32170,42637
34607,61741,21826,16632
34622,84628,34462,27234
34632,88246,29270,40230
34640,77718,39354,20822
34649,53672,45661,34054
34658,4737,40183,37471
34670,11690,49288,35602
34678,53176,12906,31148
34687,16714,45624,27226
34697,85677,19995,38362
34705,21680,46548,24778
34717,23286,16826,26548
34726,21536,35466,42886
34737,36340,22884,15096
34745,81745,29189,25231
34754,19614,31722,42796
34761,21194,13762,26670
34770,78777,41155,40144
34778,85720,47638,30702
34787,89184,40957,32055
34795,45650,17334,34946
34804,22761,29990,20783
34811,29564,42373,32209
34820,19118,19420,24670
34830,35664,41548,29678
34842,78428,34196,20986
34853,78611,47834,29896
34866,21842,22709,23179
34873,70482,34866,26698
34882,5864,38318,31385
34891,15689,40208,24907
34899,2812,36824,34884
34907,25926,14722,33901
34914,25783,30749,24538
34922,33540,22330,15442
34931,24380,18877,29810
34942,58352,18948,35594
34950,90002,29713,30707
34960,70301,24168,40657
34967,81860,37331,41043
34977,6996,45975,34839
34985,4059,39901,33609
34992,63818,11064,19751
35001,6243,43281,31450
35010,72321,36068,42564
35022,92391,37607,30179
35031,47779,20984,37066
35039,91578,39510,30944
35046,25803,28529,20125
35055,36586,25684,18496
35063,23568,36191,22275
35070,4816,35024,37458
35078,53008,32976,15426
35086,22857,17981,33902
35099,25855,24576,20176
35108,24660,13010,32692
35117,29620,43864,33018
35125,26295,17503,34093
35132,76364,12483,25827
35142,77738,40205,22020
35151,7026,42850,38668
35162,63688,25234,36538
35169,74934,15994,20564
35180,33486,12786,35426
35188,20734,34968,21018
35196,60204,22795,14677
35208,24702,17724,33298
35218,3088,35817,34412
35225,71993,38831,41789
35234,5002,42278,33626
35241,25054,21614,30878
35251,17720,17228,37512
35261,43637,34058,16159
35268,73562,18110,29334
35276,16126,35618,41973
35284,30694,34560,40870
35294,68003,19743,35628
35302,70478,40958,24968
35310,23200,18296,34922
35320,37330,40808,17464
35327,75598,41114,21624
35336,72996,12271,24663
35348,33862,38001,31730
35358,78508,20972,23078
35367,16538,36974,24420
35375,26438,18618,35066
35383,22264,16876,28071
35390,20793,27848,21591
35397,69200,18954,36294
35405,16129,36180,23725
35415,59346,38488,19272
35424,72024,18153,27841
35431,37204,34852,37847
35439,21801,21526,21183
35447,16154,43755,26103
35454,24908,39036,42744
35462,24598,11166,26296
35470,14398,50938,33470
35479,32157,12527,19962
35488,29054,35800,21564
35500,32616,35612,28686
35508,20152,31229,42881
35518,55494,27068,37790
35526,33666,36190,32444
35534,26209,21803,30060
35543,72182,20208,39606
35550,67694,43378,30526
35559,17967,33640,43716
35566,68854,40830,26348
35577,72776,18764,31840
35588,52796,26750,38250
35597,67446,17416,16564
35604,30346,7977,31110
35615,40214,18478,37864
35622,83186,36418,41857
35630,49344,20604,36670
35638,70586,45064,35760
35645,26800,38297,26167
35658,31168,34348,29710
35665,10183,48630,34978
35673,85900,46375,28663
35682,30498,21638,37356
35691,51094,45084,36374
35699,76890,43595,22124
35706,60129,40845,24710
35715,28580,33516,23596
35726,22660,29968,22404
35733,67424,36898,25212
35743,45696,8945,27968
35752,29479,21476,36009
35760,9462,34406,41098
35770,17216,37843,22560
35777,5604,40822,38658
35785,43951,7094,25898
35794,43861,11813,33453
35806,3180,37440,35712
35814,5314,39843,34296
35822,26082,15116,22698
35832,14522,51054,32848
35841,11471,49790,33758
35848,11304,49106,31234
35855,18848,14848,30021
35865,50848,9656,31412
35874,18542,27228,22340
35884,25217,17429,36145
35892,44974,10488,29264
35900,9006,45266,33492
35907,31710,34746,28308
35918,55336,19629,11997
35927,21259,17416,26107
35936,89098,16900,31024
35949,22750,38670,42846
35961,73143,15821,33004
35972,74642,36926,42462
35979,14289,18063,25548
35990,11970,48371,37894
35999,24067,23450,20572
36007,60490,8364,33072
36017,27624,26238,41622
36029,73973,20553,22782
36040,73270,19372,23724
36049,78649,29856,20647
36059,51250,10418,30882
36067,74221,27286,19561
36075,32888,34430,30546
36084,12760,47718,31394
36093,53076,16104,34499
36102,56646,42482,20496
36109,51664,14784,34602
36119,39942,11021,33539
36128,73580,16584,35632
36140,10492,46516,32222
36149,72798,14674,34284
36156,90045,28223,32265
36164,7841,41701,34854
36171,69056,27756,42086
36179,31419,42463,33912
36187,90714,23828,33360
36199,6302,28017,31782
36206,6870,38588,33538
36214,37510,6604,29410
36221,79064,31236,41883
36229,90710,38740,32886
36236,28688,39678,41744
36245,54880,15637,11847
36252,7660,39232,30276
36259,87248,46468,32252
36266,89658,43420,34512
36275,22680,34414,20800
36284,91408,36200,34734
36291,63546,31833,17656
36299,69480,31649,24245
36307,27990,9401,30994
36314,6340,39260,32720
36322,31674,20714,18221
36329,68278,41856,30967
36336,24096,37679,42866
36346,2857,31853,35945
36358,26749,19735,22386
36372,20235,14657,32918
36379,41410,45530,21584
36387,32189,37840,29986
36399,92037,25743,34672
36407,22920,22382,23764
36418,70134,18656,29356
36427,19528,40430,22920
36435,87700,45668,35028
36445,46910,47198,36167
36453,70666,18420,28586
36461,27676,33174,24540
36469,23556,19056,31652
36478,84344,48234,31070
36485,81558,31802,40645
36494,47651,11691,16054
36503,85113,19035,37962
36516,11190,48120,37809
36524,60282,21502,14944
36533,2968,34838,32978
36541,46534,47162,29472
36554,17660,49874,33322
36562,73853,14746,29002
36570,4928,31372,37024
36581,24212,20047,23554
36588,19890,43674,24397
36596,32889,19930,36744
36604,3876,31659,33327
36613,32236,24588,37034
36623,62157,40441,32301
36630,56974,34272,14828
36639,20508,23803,21961
36648,3942,40647,33702
36658,14706,19108,23855
36665,5640,38498,35028
36673,24097,33988,22031
36681,28608,41300,28568
36689,5568,40546,35868
36697,91350,28192,33158
36705,34534,31378,38266
36715,39084,42712,17402
36727,91441,36113,33756
36734,92260,34304,33888
36746,25664,37598,26684
36753,32824,33746,17390
36760,56816,25154,37338
36768,23609,19958,29606
36775,74977,17519,24187
36784,89055,41961,34949
36798,5990,38961,30971
36809,86308,32348,27504
36819,8836,45058,37690
36831,74510,46202,24795
36844,36978,36190,15574
36853,78744,40514,40968
36862,33592,34690,31326
36870,70548,35984,25001
36880,63476,32472,16860
36887,21164,15821,33222
36895,75806,20648,21291
36903,21464,35250,43214
36910,71634,38864,41476
36918,39792,36357,19771
36927,3488,33770,34123
36934,83582,14840,27332
36941,5394,22030,31401
36950,34504,32077,38774
36958,30596,22768,16854
36967,23384,22542,20906
36974,16542,46344,27542
36984,12857,48585,30123
36995,29448,43172,31518
37006,75076,12250,26448
37015,73908,12805,27549
37023,4407,41139,32227
37031,7990,42390,39639
37039,28792,18882,18686
37046,34798,35464,34998
37055,88640,43133,33990
37062,15604,50171,32273
37072,21482,26140,22275
37079,8262,44408,32352
37088,8161,43508,32826
37101,21875,39995,42966
37108,8143,46295,33916
37118,35984,23885,37998
37127,10882,47496,37662
37134,31274,38328,25644
37141,18586,49134,27698
37151,93038,29342,31324
37160,24956,21062,29074
37170,26319,42285,25905
37179,73304,20424,28087
37188,71434,17256,27028
37199,57784,53030,64862
37207,41474,23478,38390
37214,4886,37436,34032
37222,56644,31847,12434
37232,30428,38122,27935
37239,70526,34724,27580
37246,21434,33484,43206
37258,34820,38596,18854
37268,90032,23385,36623
37275,48814,45674,32650
37288,67614,39340,28248
37295,93188,28754,34300
37304,30355,36381,21918
37312,56448,35318,14572
37320,79022,13626,29138
37332,23528,41828,42888
37340,90324,30628,32546
37353,21064,39296,21952
37363,42878,60933,122836
37371,21011,34097,20636
37379,73144,29302,24862
37389,19070,45118,25178
37397,27530,40314,42202
37410,33708,18180,36762
37417,57882,61312,124612
37427,69945,19347,30089
37434,26756,21255,20021
37442,42628,22256,38688
37450,8480,47272,33952
37460,47942,46038,32376
37469,5893,43422,32623
37481,24503,17697,35742
37488,90650,27588,32542
37499,71360,17854,27128
37508,91006,34950,33716
37516,71837,18662,30008
37525,26012,19759,31503
37532,11476,47624,31684
37540,41136,12376,34217
37549,39951,27800,38116
37556,69736,40239,27666
37565,61712,35857,33604
37577,27382,41696,42230
37586,29370,42252,31304
37593,20905,21820,23110
37600,8886,44842,31248
37608,23924,16955,36349
37615,34693,35675,37834
37623,34848,18169,37336
37630,21088,27136,22670
37639,35642,22934,37062
37649,7276,42564,35016
37658,30370,21524,36880
37669,23264,21800,21020
37678,44354,15482,35082
37687,17288,47510,27792
37695,83114,13812,30642
37703,23060,36936,42820
37710,49659,19342,36365
37718,91042,38456,31584
37727,26189,31750,24755
37739,67222,21778,34466
37747,8558,42353,39941
37755,83360,14720,27622
37766,24472,32698,43396
37773,29855,43453,32664
37781,39720,39927,16323
37790,77725,37676,19916
37797,60970,27951,38555
37806,31912,42233,35689
37816,24198,33034,20868
37824,24672,13806,23981
37832,28066,40862,29711
37840,89964,23715,33462
37847,25632,20620,29414
37855,46160,36321,15218
37863,45230,35760,14894
37871,23116,19370,29938
37879,35541,25401,38076
37886,69813,38199,24515
37896,72816,19120,29288
37905,86382,46119,36139
37913,11574,33978,28695
37921,47938,46120,31596
37929,88390,39186,28482
37938,70830,16310,19560
37947,5348,35266,32796
37954,33414,37214,31562
37961,25314,14922,24224
37968,5980,42459,34122
37977,71870,16343,25609
37984,48684,16566,29550
37991,17963,19278,24042
38001,60466,20448,13152
38008,64575,31916,17283
38017,24272,20548,29528
38024,30676,13672,20886
38035,44280,60964,68654
38042,9866,46693,35254
38051,23700,16730,34650
38061,35300,28322,18822
38069,75022,16544,25534
38077,76724,23226,22326
38085,34964,24422,37861
38095,91454,39360,32688
38102,55953,38907,16499
38110,22659,14911,33796
38118,64125,22888,16117
38126,77967,34743,41250
38134,74060,17603,25942
38141,43026,7283,19915
38148,25132,21742,29394
38157,35990,18379,14191
38165,3629,32134,37423
38173,73348,22368,26754
38181,74864,29138,20368
38191,44271,46409,33837
38200,17489,35048,21959
38208,2930,36720,35330
38218,23550,33976,22962
38227,21150,28762,20324
38236,9136,47980,31974
38243,84067,34421,26272
38252,17320,19028,24486
38260,35570,31526,20644
38267,10428,47564,35370
38274,68336,36230,27116
38286,10538,45424,33322
38294,68462,43778,33794
38303,8863,35973,41728
38315,49120,19012,12782
38322,46161,66949,95726
38329,21666,45526,25184
38336,71389,28040,18819
38347,21654,42384,41730
38356,90553,23840,32015
38365,25896,39307,42619
38374,22268,17570,31756
38385,76208,44538,24918
38392,92869,35758,32372
38407,73644,17866,28563
38415,54956,55740,63641
38425,50834,11012,13494
38436,17700,38014,43680
38443,92629,30027,36675
38450,76434,33758,41516
38460,21190,26934,20576
38468,62714,22923,16207
38476,43432,11166,31678
38485,19089,17605,26011
38494,76586,37868,40640
38502,5758,38890,38808
38510,40180,22215,13685
38519,6789,43760,36472
38529,20826,29771,20397
38538,3084,30790,33664
38547,77400,41248,20760
38555,73072,16326,32164
38562,45510,16992,35366
38571,42708,8310,28920
38580,33686,38634,30089
38587,21231,20980,22153
38596,13254,45726,30444
38605,81414,33192,37382
38613,2693,35393,34030
38622,12864,43530,29466
38630,25019,16952,35853
38640,81764,16142,30238
38650,6433,30112,32763
38659,78402,17396,26208
38666,9771,45882,31054
38678,16442,50674,35468
38687,5102,32910,35614
38694,24326,20956,28474
38707,21475,21924,21279
38717,78736,22888,41024
38726,74076,15480,30926
38735,81908,48618,30078
38744,20884,35754,42804
38751,74190,16705,29836
38759,24098,27240,20219
38768,18518,44158,23825
38776,72112,32678,23914
38783,67208,41578,38378
38791,11038,44424,29708
38798,21611,38064,43622
38807,15538,44354,28864
38820,6582,44614,36864
38832,44474,21292,37246
38839,59219,36546,16046
38846,73917,32235,42326
38853,63533,11581,34041
38860,21857,16464,26536
38869,52746,36826,41288
38877,20610,13134,29130
38886,49072,47612,37106
38894,41799,25294,37781
38902,77914,48733,27718
38909,34095,31174,36873
38918,23216,16181,30075
38926,57992,53269,65717
38933,26172,32745,22430
38942,56604,35674,13774
38952,19618,34258,21520
38961,83577,15241,34154
38969,21614,39672,43214
38977,78015,34722,21132
38986,66744,41040,28003
38994,5011,35174,35861
39001,51818,33507,15940
39012,3204,33350,34692
39020,80838,17070,23414
39028,91532,28756,31378
39038,90723,37829,33081
39045,17290,35875,23900
39054,58794,33378,13086
39063,23434,31110,21558
39071,63760,40786,29313
39083,42188,26645,39052
39091,35913,20960,16687
39100,48335,43511,39907
39107,5351,43816,33470
39116,33314,33396,38592
39125,25962,21247,29643
39136,48410,20378,37050
39144,48201,47947,35954
39151,25442,18302,32420
39159,40795,7886,29569
39171,19478,50900,29418
39180,57358,37108,16950
39189,24558,39702,22854
39198,48910,47478,37736
39206,26043,19274,32332
39213,43718,46412,21950
39224,55915,35082,13480
39231,43256,35672,15232
39240,20870,14872,27442
39248,61797,39399,33299
39257,74392,13614,23722
39264,30773,33906,27590
39271,75862,38495,42046
39279,8914,46094,32468
39287,11186,47842,34752
39296,23182,29260,22682
39306,34251,38767,36048
39315,34478,15552,35348
39323,85101,46478,32048
39331,15716,30534,42906
39338,50142,42415,38690
39348,79044,49030,28436
39362,73624,26602,21158
39369,12820,42995,42100
39376,62760,60924,82218
39385,45256,11148,29476
39393,24938,39403,42032
39401,16189,14378,29665
39410,28106,39583,28934
39420,79813,40271,40486
39429,40391,38671,16030
39436,73312,11572,31018
39443,51038,48232,32290
39453,52191,7389,27174
39463,2960,33472,33114
39470,76355,20944,24089
39477,23725,18245,29786
39484,79090,37958,20318
39491,25344,16550,35104
39499,34270,36606,32346
39507,23016,39300,43056
39516,24013,17206,29595
39525,19456,44406,23332
39532,35794,33566,37619
39541,35760,33919,37269
39548,17728,45336,25746
39556,22780,35584,21554
39564,71771,20287,28909
39571,6466,45188,32744
39578,73146,13622,22502
39585,15328,35446,41490
39592,63500,32788,17208
39602,24650,18350,25582
39611,72022,40849,40922
39619,65230,22620,37526
39627,88174,44588,34904
39636,74938,49114,29296
39645,6031,33838,31808
39656,34139,32072,18121
39665,87212,46864,30934
39674,24692,12478,25286
39682,5470,32182,37258
39689,75228,43566,23042
39696,18282,32976,43430
39705,74265,31513,22153
39712,19931,49291,40752
39725,32928,39430,28908
39733,32546,12646,20239
39740,22099,37508,42234
39748,78472,29150,20500
39758,44646,17324,35332
39765,53620,18648,36246
39772,66467,6762,27720
39781,72932,19308,30882
39789,29378,41558,29330
39796,74072,18576,21754
39803,21066,32284,42992
39810,6616,44496,35026
39819,18039,43909,24543
39829,20976,30544,20764
39838,16670,14696,29212
39848,19022,46810,25782
39858,20858,27440,20554
39866,67974,38433,27550
39875,51128,12684,33142
39885,62508,26530,37034
39894,18746,37714,42572
39901,92534,32918,33694
39909,38786,17002,36258
39920,92882,36175,31762
39928,28448,13274,21744
39940,21754,49293,27064
39948,70792,16756,19760
39958,23534,21681,26072
39965,22148,45022,24129
39972,32215,41938,34595
39980,19330,19582,23937
39989,34273,12522,18403
39999,31276,37554,27252
40006,82768,34612,39994
40016,56382,35239,14038
40023,28140,19591,19259
40030,69758,37901,41550
40039,38864,30556,38338
40049,51779,15143,33706
40058,2629,33213,33875
40070,30053,41964,32056
40078,21810,40187,23473
40085,22496,41066,22392
40092,34225,38370,36790
40099,38251,7306,29332
40109,7153,30154,40332
40118,56334,28974,38442
40127,85630,35208,41212
40136,34250,31606,38218
40143,68639,37785,27718
40151,76434,43744,40676
40161,89094,43200,35640
40169,67402,41869,31331
40176,66466,36740,26125
40186,9390,46970,34466
40195,81453,46008,29961
40204,63774,39599,30203
40212,70024,17609,34917
40219,19546,25758,21172
40228,63990,19102,35173
40236,25115,10520,28048
40244,28950,39760,41398
40253,25406,39056,43112
40262,87437,45809,35762
40269,19251,14248,27463
40279,20001,40769,22219
40287,23917,33378,43549
40298,31976,39184,28492
40306,32905,24251,16464
40315,88084,18068,35570
40323,10174,47372,36532
40331,22625,39487,41891
40339,78452,32416,42630
40346,80316,37680,40091
40356,11302,48288,32786
40363,20120,31361,22597
40370,25880,17449,25965
40378,71788,18933,29080
40387,26297,13870,23217
40396,30668,8742,31290
40404,73138,19496,26700
40412,80322,16726,28830
40420,27568,39967,28996
40432,79502,14520,26324
40442,20846,13769,31253
40452,88750,38668,28588
40461,5837,36966,31252
40468,25441,13935,25854
40475,92894,29006,33974
40482,73957,17268,30173
40489,76842,32618,19748
40498,19620,21568,22698
40506,14262,15642,32322
40515,88143,43958,34803
40524,74894,40718,41402
40535,74748,44640,24546
40545,8336,46682,33730
40552,22460,19275,23813
40562,88908,21564,32540
40569,83385,45927,32095
40577,3539,31339,36057
40587,22638,40388,23388
40594,27490,39654,42264
40602,35190,8974,32548
40609,53544,21574,38197
40618,92812,27404,31820
40627,10864,17278,31104
40635,2744,31038,34210
40644,45855,47039,23437
40654,15094,51520,32572
40661,67916,33256,40921
40669,89642,42193,32655
40677,21163,19948,25762
40684,21958,24217,22083
40693,18438,27568,22518
40700,36694,42141,30007
40707,92870,36121,33332
40715,20160,19499,22837
40722,7364,44632,36440
40730,90432,38310,29528
40737,64862,11506,19502
40745,8836,47138,32298
40752,30353,37903,28642
40761,21912,23389,24457
40770,14378,16680,28324
40777,77438,35170,20544
40785,20476,23512,24990
40795,24886,35310,21514
40802,53232,14394,34188
40809,88408,42832,37178
40816,25840,18134,22259
40824,88400,21004,33008
40831,81300,15066,30784
40838,55939,32723,12045
40847,78372,47458,28922
40854,18141,30440,21969
40861,78674,22452,40832
40869,29810,39237,29108
40876,62145,33349,36976
40885,27828,37979,27641
40893,55817,51010,130500
40900,34600,31951,37939
40908,20478,21564,22306
40917,42952,56003,66798
40924,89359,31833,39617
40931,89230,39830,33863
40940,18388,20948,23258
40947,65832,34754,26640
40955,60635,39062,20076
40963,22001,47688,25750
40971,29466,40680,28448
40981,81084,26532,25178
40988,21248,38676,21418
40996,20756,16298,26948
41004,91015,21215,34093
41012,30712,34698,25642
41019,63434,31348,38418
41028,8722,44374,37434
41037,18102,50136,28190
41045,28700,32558,41909
41053,68786,44778,32310
41062,91876,39571,32760
41069,19805,23455,21465
41077,23201,45889,26236
41087,8272,44228,38436
41095,74717,12198,25261
41102,19848,38469,21323
41111,11252,22488,23744
41118,69662,40814,25660
41127,10328,46702,35468
41134,36387,18204,36824
41141,76472,32582,21584
41150,36426,9008,31808
41157,68544,32722,42398
41166,31406,38338,28448
41175,24836,17426,34216
41184,55077,51777,130201
41194,43682,41370,15354
41203,33460,36652,30392
41210,22767,18100,34792
41219,31054,25540,38988
41226,37148,38632,17248
41235,29020,35272,23712
41242,34936,32306,19354
41253,26621,32083,43266
41261,81061,50134,29999
41269,3290,39121,34000
41278,92676,26644,35070
41286,4094,39334,34829
41293,23006,16952,22948
41303,90296,27714,32908
41313,25404,12712,26390
41321,30658,39452,28590
41328,79991,15810,26745
41337,49573,60169,125204
41344,15318,18194,26959
41352,10201,22002,24774
41359,7694,42692,34370
41367,50773,6109,23836
41374,2666,33338,35394
41382,76394,32644,19844
41391,88998,20938,37208
41398,3344,28644,35452
41407,64090,36025,21444
41414,54600,56612,66512
41421,38066,10122,18636
41430,19332,47660,27686
41438,27420,38886,28632
41447,79582,38706,40864
41455,85386,46294,36280
41462,79342,38976,22632
41471,4448,30210,37534
41480,58180,14684,37118
41488,21113,13767,26188
41498,76912,34385,41864
41508,21360,25754,20590
41516,28138,38692,25815
41523,90056,22430,37112
41531,6842,42560,38924
41540,32905,19482,20008
41548,19604,20610,22592
41556,42376,11250,33096
41565,7048,40795,37927
41573,31503,34061,28861
41582,31162,43124,34972
41589,18387,27334,42167
41598,46316,45334,120240
41608,71818,16741,34507
41615,42092,34794,14695
41623,23862,17115,25842
41630,24072,48290,27873
41638,78261,39233,20192
41646,30970,20784,17226
41657,72916,17590,21492
41667,89006,20412,32494
41679,63190,33710,34426
41688,49343,18230,11936
41696,16582,19574,25168
41703,31026,37330,22738
41710,19348,38516,21716
41718,14183,50907,34667
41728,22465,14117,28672
41740,22090,18054,24572
41747,24374,18664,22818
41756,68207,41137,30166
41763,77877,46675,28588
41771,7849,44522,32416
41781,34277,27172,37478
41789,68615,34418,41854
41798,10247,48087,35570
41806,34625,38466,36038
41814,32908,39756,28628
41822,19892,51667,30917
41831,75477,19964,23947
41839,24774,18490,33038
41846,78734,32262,42352
41855,27720,38390,25270
41866,91646,29502,31853
41873,21386,21394,21943
41883,36190,38498,16940
41891,39880,7037,29814
41899,29154,10542,33632
41906,22158,24925,42619
41915,5288,33402,35821
41923,67923,43098,32248
41931,19560,37438,21028
41939,51250,46762,36484
41949,58661,36027,15193
41959,75866,11868,25651
41966,7938,41354,34122
41975,79994,45788,24722
41986,20520,18874,26290
41997,93608,31696,32676
42004,77748,18463,25258
42011,7670,46378,32440
42018,8714,20338,35280
42026,47893,48506,31300
42037,53002,11302,29492
42046,75843,39378,42104
42053,68169,19563,16100
42060,79106,18246,39108
42068,18894,39492,43530
42076,28025,39658,26872
42083,74322,17676,24752
42091,4059,35359,36327
42098,26827,39800,24196
42105,82564,32274,25020
42113,25250,20668,20446
42120,76290,13394,24324
42129,92978,34972,33630
42137,18065,39020,42418
42144,7516,41376,31434
42151,17274,47026,27424
42159,75794,11590,28979
42168,79568,48440,27164
42176,7068,40199,40078
42183,73948,12403,22326
42192,12747,50157,34121
42202,71253,36421,23964
42209,75403,39879,21672
42219,13501,50105,36795
42226,49818,21045,36226
42233,88382,20664,35913
42241,35994,22298,15565
42250,53540,43164,36810
42257,39829,27236,38086
42264,33240,21800,16302
42273,6902,24312,33764
42283,35000,19622,37378
42290,69583,30854,42126
42298,77282,15482,26624
42305,29724,38572,28570
42313,5704,39522,38858
42321,14198,17911,27767
42328,68112,40273,29422
42335,24608,16782,35682
42345,53243,45686,132674
42354,18246,43659,24263
42361,77819,44535,22926
42371,39873,26240,38302
42379,71282,22554,29066
42387,28166,18847,34604
42396,21560,15825,32987
42404,77462,16480,25052
42411,73678,16324,28318
42423,32173,39603,29906
42432,85862,16827,34983
42439,16504,51874,21925
42449,18676,31500,22468
42460,31444,22820,15108
42468,29150,44506,35286
42476,19059,16221,25313
42483,34228,38313,20959
42492,6310,43384,32366
42499,24088,12882,32818
42507,3385,29598,34135
42514,22576,18000,36075
42521,17354,17608,25110
42531,28469,9294,31890
42538,81046,20713,39843
42545,24282,41280,42252
42553,67776,38136,26738
42562,67636,32502,26814
42570,48243,47569,35742
42579,8382,41605,30102
42586,19744,45166,24536
42594,22634,37306,21220
42601,23004,21196,23925
42611,62158,32860,36630
42625,59014,18998,12922
42634,8275,40248,41200
42641,7160,41546,35702
42648,73560,18598,23730
42656,67289,41979,31727
42664,9754,48468,34682
42672,88508,43280,30674
42679,30804,40000,29336
42690,77268,37214,21306
42698,75194,13238,22742
42707,6696,44764,36446
42714,20900,24730,20798
42722,43038,39234,14722
42731,37402,38108,19663
42739,43756,12554,30140
42747,23522,21702,25658
42756,66758,35716,28240
42767,31254,42904,35716
42774,31002,18496,17600
42788,14960,38756,42078
42795,85556,39186,39926
42802,87400,44604,36794
42809,73418,12762,27380
42816,88713,17914,33008
42825,4614,38870,34252
42835,50702,11204,32874
42843,90268,43069,33908
42850,76670,28634,20209
42858,25820,17925,34709
42866,24416,17890,25738
42876,9516,47634,34054
42883,19344,37234,21370
42892,76400,36062,42237
42899,83522,48344,32596
42908,38706,10896,34990
42915,76785,35957,20081
42922,29788,42947,31591
42932,64680,28398,16446
42942,20009,44461,24377
42955,89044,42252,36081
42964,91506,25756,35544
42971,26720,18676,35436
42980,22292,18092,35153
42987,52746,44442,35574
42994,62937,32197,34864
43003,43778,63805,83460
43012,20303,17987,23187
43024,4464,39686,32712
43032,16470,39466,24264
43040,57553,13871,14837
43048,64932,37022,26962
43055,75526,12774,26520
43063,24070,33064,21340
43070,70800,24842,41148
43077,77520,50078,33202
43088,86716,46956,32260
43096,40164,21415,38792
43103,90720,29488,31776
43111,82854,38290,41102
43121,33002,31444,16972
43128,79349,45189,26185
43137,20792,48358,25488
43145,18692,36862,22278
43154,20024,34427,43342
43164,32022,37389,29672
43174,21888,29869,23307
43184,17674,22728,25186
43191,35267,22462,14094
43201,18238,16388,27596
43208,59470,17010,13690
43215,33967,6262,31042
43223,59433,41520,24019
43230,32692,7054,30262
43239,75751,38313,21096
43247,12019,49203,30441
43255,25478,20432,24288
43263,72752,27852,22563
43272,70040,41491,27488
43279,47692,47250,37712
43286,4009,36473,34105
43293,54811,42947,20043
43302,42984,28720,39052
43312,22548,12670,30852
43320,21975,29070,43564
43328,77975,14735,25329
43335,3060,33004,35518
43344,34958,11020,19628
43352,85020,46658,31150
43361,27602,40996,26600
43370,33537,38070,29430
43377,92772,31818,31010
43386,72902,11944,31672
43397,88450,41940,34294
43404,73608,38021,21871
43412,24654,19064,28814
43422,61210,37790,17977
43430,68262,19924,36926
43437,24374,38846,43002
43445,61718,17780,16764
43454,78250,35762,20725
43461,7910,42582,40026
43468,6648,29479,31923
43478,23768,19116,28161
43485,21376,43392,23366
43493,13452,18346,29428
43500,25033,12032,26081
43507,17479,21621,23887
43517,72194,27178,42790
43526,6852,39016,39716
43534,23268,18446,28860
43542,75700,33736,20968
43549,25382,43164,41158
43556,37842,7704,31108
43565,74795,13526,31898
43573,64662,22668,13932
43580,56063,9143,31651
43589,68306,38724,27580
43601,6242,44235,36583
43615,19062,23001,22033
43623,64652,39396,29941
43630,31428,38864,27510
43638,77909,39041,22043
43645,77163,15123,23861
43655,72788,39228,41694
43664,26838,18277,35639
43672,16369,31840,23564
43682,38454,48774,77408
43689,24774,38526,22378
43697,57310,48308,126575
43705,25554,34798,21594
43715,16850,23004,21552
43723,90416,39274,30830
43734,27523,31951,43554
43741,50512,46542,36782
43749,22996,19262,26396
43757,18747,13815,31467
43764,26201,20107,29618
43772,19981,46475,25603
43781,45851,13546,33383
43789,52838,5801,26338
43796,31678,39704,28948
43804,31697,30995,16204
43811,54441,8305,30565
43818,4089,34987,38057
43827,4243,37769,32042
43836,20864,45192,42250
43844,5254,41208,34632
43855,92468,29322,33082
43863,66041,36018,26539
43870,33670,39164,36882
43877,26818,31622,24622
43884,7156,45108,32616
43892,30155,41720,31530
43901,33707,24214,16982
43908,80516,15062,26884
43915,5420,33576,37244
43925,25995,20276,31615
43936,65123,10640,32074
43945,79246,13582,27306
43954,7604,45324,35959
43962,19992,34241,20638
43970,28116,37772,27790
43978,21212,30262,20410
43985,30047,23513,37024
43995,77470,35442,19568
44003,31180,29728,16238
44010,61082,21050,17016
44017,11466,18270,33780
44025,3344,35498,33606
44033,17967,21700,25497
44041,38770,39708,16240
44048,18130,34077,22021
44056,46240,12978,31226
44065,75775,13169,26339
44072,19817,39390,21830
44081,90914,25352,34592
44090,89914,19744,33152
44099,4940,40866,35046
44109,28510,37684,28206
44117,74379,31143,21857
44125,44598,22238,36924
44135,90832,34470,31072
44145,81300,48548,31466
44152,51378,18233,36678
44161,22112,33967,21328
44170,68196,40244,27482
44179,37254,9770,32729
44186,84408,47302,31092
44193,24290,18965,22053
44201,76294,12068,29795
44211,24076,39451,23813
44220,83478,48314,30870
44227,91383,23886,36580
44235,69628,39627,26023
44244,17649,40244,23776
44252,78718,40564,20994
44260,60574,8764,33318
44268,5278,34368,39084
44275,21614,21841,24042
44282,21030,41908,22338
44291,16978,45494,27574
44299,22547,20161,28161
44308,85783,47519,31528
44315,44520,42618,125454
44322,36046,21636,36297
44331,82726,32394,25402
44338,91338,40444,34520
44345,24208,14754,25191
44356,76431,46451,25786
44366,77358,38012,21494
44374,92348,33540,31430
44382,21602,37002,43684
44392,80748,45250,28800
44401,9531,25960,30584
44409,47511,55992,130932
44419,10490,20171,32033
44429,19314,53372,33238
44436,34330,33404,34592
44443,86734,44155,36609
44450,20460,26602,21160
44459,79582,32856,21006
44466,72870,16450,23212
44473,81970,49177,28848
44482,74033,36726,41594
44490,73522,14231,30856
44501,20179,33974,43429
44509,75975,12710,23884
44518,21722,32532,43590
44525,6784,31782,40239
44536,30003,37855,27672
44545,4406,40953,34088
44552,20358,23854,21037
44563,18632,21132,25394
44571,68592,43772,34288
44580,86548,44650,36684
44587,63537,33156,18159
44597,74820,16720,22464
44604,8115,27950,39561
44613,19272,24360,42630
44621,91374,40670,31340
44630,61481,17977,15741
44637,56762,16634,33438
44644,74856,13002,23532
44652,81584,35676,23624
44659,44606,48344,28680
44666,22873,19992,28994
44674,21246,13353,27944
44682,56932,9240,33088
44689,19074,40802,42096
44696,19516,52392,33282
44706,24910,30080,24654
44715,69212,44824,34262
44725,3302,36987,34091
44733,67624,39212,27386
44741,73402,19808,22484
44749,79316,38382,20552
44757,24544,38892,42678
44767,17334,41446,23356
44774,29249,36110,28398
44781,70710,17119,34114
44791,89434,38232,34588
44798,28167,8361,28494
44806,20682,15430,34452
44814,63006,21450,13330
44823,47804,48397,34770
44830,35590,21122,14476
44840,32693,9642,33999
44849,6582,29744,38778
44858,26066,31038,24362
44866,93206,35434,31044
44874,91032,40310,33090
44884,23738,23758,20386
44891,84796,15855,33006
44899,24112,13915,23887
44906,87434,24636,30350
44914,4639,32101,36257
44923,50050,46317,36490
44930,30858,37814,26377
44940,31980,11687,34889
44947,91058,27865,30773
44955,5752,25032,33042
44962,83622,45264,30816
44972,85296,44634,28164
44982,90730,28912,30914
44990,49350,12378,32414
44998,85716,46215,32346
45006,27202,45316,28554
45015,80013,37146,21497
45022,63166,24288,37556
45029,73261,30105,21683
45037,20778,17270,24654
45045,72321,13614,33868
45052,19614,14662,27306
45059,9938,43793,31724
45067,78766,18907,24005
45075,8868,29341,40003
45085,43164,11372,31430
45095,12578,25344,29292
45104,24856,37734,43486
45115,27200,32224,43478
45125,79072,20362,40398
45134,61452,21254,15478
45141,21881,33245,42959
45149,58193,35248,13777
45158,7078,24704,35550
45170,70094,33912,20270
45183,36433,6813,31794
45191,61575,6148,30411
45199,62668,9346,33740
45208,41680,35892,12778
45217,55955,11516,31645
45228,25718,39762,25394
45235,53460,24073,38370
45244,67874,7764,30175
45252,11374,47506,35388
45259,60033,10890,36018
45267,75400,11949,24666
45277,21444,30520,43566
45285,11200,48292,36568
45293,6026,43897,32805
45303,80767,27813,41133
45310,17932,46079,26771
45317,7120,22208,36156
45326,10348,33000,28912
45335,5572,23762,33606
45344,30842,37348,40534
45351,74452,21967,20677
45365,77607,38716,41913
45373,34858,39744,21867
45380,54045,8539,32443
45388,30967,10813,33964
45395,22410,47286,25716
45403,31794,40768,29257
45410,18463,19285,23786
45417,6322,40202,37290
45424,70852,36824,24440
45433,6212,23073,34523
45440,76814,18950,24734
45447,63662,36324,29953
45455,31927,24073,16394
45462,24494,21960,26090
45469,32193,39069,38718
45478,71254,25258,42111
45486,7236,22844,36722
45495,79993,32066,42155
45502,20083,16696,24799
45510,15003,44824,29883
45519,27374,39152,27524
45529,39156,9472,32368
45536,36982,12800,16089
45544,84616,46486,36640
45551,91761,22751,33625
45560,86874,44149,33418
45568,39406,18758,36784
45576,18257,40067,22145
45584,77694,38181,20941
45592,46782,46938,34612
45601,19113,16889,25902
45610,3576,30393,35950
45618,73891,30956,21772
45627,36474,26490,19146
45635,21001,17911,25782
45643,63818,20952,35610
45652,5631,23797,36102
45659,19610,37734,21516
45666,4253,40572,35260
45673,65994,35617,25486
45680,27246,42520,28276
45687,7323,46034,35205
45695,24003,17279,23790
45704,15978,44917,42626
45711,36123,19938,37056
45722,64166,27746,15925
45732,72062,21634,26433
45743,22071,34826,22600
45751,20450,44440,41512
45758,76519,43121,22032
45765,7708,46422,34340
45774,28457,39497,27959
45782,35132,36714,37306
45792,25716,38223,42311
45801,18782,15724,25818
45809,73494,18578,21100
45816,16116,49832,39806
45824,16372,14044,30826
45832,30442,37891,27455
45841,77202,14406,25298
45850,73482,17495,23785
45857,15154,36902,24546
45865,23844,19363,38821
45874,18444,41056,22322
45881,34392,7400,32838
45890,72193,24023,41412
45898,60914,40306,24690
45905,31583,35888,20831
45914,35732,35223,36018
45923,72069,32959,42075
45931,6280,40330,35208
45938,92400,33500,32294
45945,24106,29307,23737
45953,9649,47909,32559
45960,19764,49366,26669
45969,39966,17247,35798
45976,11188,49180,35712
45983,11726,49324,30764
45990,3026,29210,34854
45999,7432,41392,32648
46008,35014,20394,15668
46015,90840,42252,31632
46023,34251,28752,17675
46031,34146,34816,33875
46038,90732,36246,30534
46048,75686,11562,28542
46055,33420,37270,29682
46063,31225,36425,26040
46073,46362,13036,29600
46081,9471,44207,39248
46089,61898,21083,14645
46099,29288,35050,26410
46110,20594,52890,33947
46119,10496,46586,31254
46127,90958,32626,34686
46135,68326,36760,26962
46142,22383,21813,41867
46151,7226,44814,33646
46159,23478,19340,21772
46166,77216,40134,20802
46173,36520,31567,19843
46182,72740,11839,26534
46189,52001,23425,37256
46196,32896,15024,35791
46204,84229,29627,41835
46212,88270,28922,39296
46220,7770,43706,34596
46228,52838,46820,32022
46235,10431,17312,32031
46242,61875,21226,16558
46251,5250,24270,35748
46259,59308,14756,14936
46268,24595,31998,44032
46275,17794,52886,33556
46286,86470,42456,38866
46294,31059,39998,28858
46303,35644,36756,36406
46311,10898,49080,31440
46320,79935,14654,28715
46329,75478,23008,20814
46338,21560,30844,21276
46345,11806,47775,33828
46357,21718,31454,21114
46366,46344,20692,14474
46375,26792,44570,40130
46382,15349,21475,21989
46389,80076,21420,25139
46397,9894,47512,32450
46404,67432,36888,22822
46412,72834,45945,26347
46424,27668,16009,20684
46432,77084,42626,23208
46439,46478,7604,16344
46452,76743,12632,26189
46459,19056,26222,42748
46467,28944,42412,31366
46477,6578,35606,33578
46485,71163,35814,41515
46493,30600,32670,40698
46501,12968,33126,27030
46509,83882,17117,37222
46518,7661,43764,33704
46526,19078,52438,33092
46534,30582,37376,28846
46543,31961,23562,16985
46550,18706,50328,28338
46558,30092,35611,26469
46566,57637,9975,34816
46575,79664,17686,25304
46583,71244,16358,33190
46590,52742,9668,32290
46597,75229,21895,21551
46605,93146,28308,30838
46613,30404,42184,32165
46621,9153,47913,35274
46629,26870,20489,29865
46637,21872,46019,41418
46646,28926,32496,42202
46654,5578,36334,38250
46663,9877,23070,24822
46672,79928,37865,37756
46683,73505,12259,22304
46690,7556,42932,39430
46697,37811,22606,16204
46705,36562,41482,31788
46713,4404,25861,33467
46722,20820,48768,40954
46731,12254,29192,28475
46743,36484,23176,14588
46752,41443,9007,29738
46761,65270,36194,27448
46769,50912,45324,36676
46779,30520,39909,29102
46789,8304,44972,37096
46796,30482,33188,27520
46805,25873,49354,34070
46812,19380,28562,21130
46823,23486,35873,43177
46832,81660,42380,25134
46842,24716,19984,29198
46851,19703,47793,26854
46858,17614,52005,22211
46868,77292,41946,41203
46876,18530,34516,43728
46883,17592,39488,23050
46892,5558,39478,35632
46901,3024,29955,33984
46909,42151,8671,28884
46916,20546,37600,42494
46925,20598,34786,43066
46934,6809,36478,31918
46941,93578,31166,33520
46948,30428,33809,40969
46957,8714,40996,41232
46964,83963,48523,29196
46976,21591,48310,26172
46984,53985,45171,20776
46991,36501,17965,37544
46998,89782,22775,37677
47006,73640,15722,29172
47015,67618,35247,25975
47024,76284,34866,42468
47033,59570,41554,25618
47040,31215,35746,23160
47047,65394,37472,27586
47057,18113,52059,32143
47064,84292,40036,40509
47072,77913,35075,20295
47082,31990,36614,28778
47090,29216,37534,26948
47099,28678,20944,37428
47106,17424,33801,22141
47117,59224,9082,33042
47126,47460,47646,34630
47133,5438,43590,32632
47141,72478,17044,32294
47150,80800,49394,30712
47159,4338,36644,38057
47166,26996,34458,43228
47175,23182,21292,26886
47184,12380,48714,30772
47193,56746,14426,37720
47202,25742,19243,22189
47210,78666,41566,21260
47217,81321,31806,24598
47229,23346,32794,21268
47236,18211,52252,30452
47245,81034,38143,41239
47255,22801,15884,27853
47265,26408,39010,42716
47273,72297,24548,41940
47281,34704,34071,35557
47289,80914,15122,27602
47296,63883,32860,32353
47304,75028,13392,25853
47312,79414,46967,29951
47320,89168,41408,30043
47328,23160,14654,29046
47342,77847,16345,24046
47351,67130,43116,31150
47358,92526,29540,32716
47367,93212,28686,35136
47375,90124,32904,37728
47382,20406,47026,26650
47389,75576,15458,35518
47397,3498,37762,35074
47404,21927,46403,25497
47413,33819,37424,21009
47422,22970,25476,25390
47429,89536,42700,30316
47436,81551,12932,30017
47443,4285,37139,32357
47450,68247,32640,26123
47458,75406,38798,20630
47467,23327,18340,36100
47475,56871,37763,16148
47483,90476,31592,32434
47491,21961,15696,24376
47499,90772,34219,34624
47506,4734,24380,31378
47516,84156,47568,33230
47524,12135,48493,34770
47535,74722,23272,21652
47543,28596,41686,30165
47551,62784,11359,33997
47560,75898,46467,25730
47569,3702,30738,32784
47578,87852,43447,35907
47587,22660,18496,26452
47594,25118,17230,23198
47601,33296,22246,14049
47609,51400,17482,34688
47617,32964,35000,20286
47625,5444,41668,32334
47635,67049,41291,28142
47642,27524,37220,27412
47650,19027,51891,31287
47659,50685,65664,97323
47672,5804,37436,31424
47681,75364,35430,42500
47689,49858,47399,35771
47696,18910,38274,22992
47704,24050,24870,28607
47713,22522,19158,26280
47720,51829,9138,30033
47729,74599,14424,32121
47738,23664,19822,39383
47746,23516,15066,32674
47756,93142,27101,33825
47764,33199,36600,32012
47773,30896,9054,31562
47784,28814,42341,32127
47793,38540,8282,31946
47802,64592,35708,21611
47811,66312,24708,15464
47819,52740,32936,14586
47827,29462,8354,30964
47836,7102,40368,30680
47844,82068,32739,41299
47854,30143,40089,27551
47862,10822,45436,32992
47872,15526,18722,28372
47879,39850,21044,38476
47886,69327,26606,41788
47893,20938,45168,25168
47901,32814,8285,31674
47910,68001,39567,25347
47918,72288,40352,40772
47925,17258,36712,23018
47932,23608,14874,34578
47939,87090,44942,35856
47948,29340,44824,36670
47956,73421,26017,19180
47963,21722,15824,32625
47971,6312,44216,31730
47978,9080,44862,34232
47986,23002,41236,23730
47994,61698,20686,14062
48001,75793,13205,23707
48009,30580,9422,32686
48016,41629,24375,38014
48027,88012,29437,28005
48036,77274,33920,20260
48045,31847,40121,29035
48053,60607,18213,35986
48062,80658,28990,42328
48073,16486,39458,24980
48081,46249,20226,14122
48089,10131,48446,31178
48097,20908,30052,20695
48108,67338,40456,29092
48117,61456,21738,12248
48125,74898,16906,20618
48134,86712,17562,25744
48143,32727,36126,29157
48151,50734,17376,32672
48164,9024,27104,39648
48171,76180,45078,23954
48179,78648,39783,20896
48190,93294,32181,31564
48198,72077,21610,28984
48208,31610,35850,25373
48217,4664,39420,36232
48224,16069,36136,42091
48231,23392,14554,33672
48238,17518,46598,27214
48248,48442,9912,26880
48259,5668,41756,35136
48268,29744,42836,33324
48275,44566,36143,15210
48282,78938,29857,20355
48289,11200,47566,32648
48298,72150,12816,21615
48305,70972,38452,25588
48312,74270,17163,23778
48320,25155,31532,23922
48328,39038,36520,15770
48336,18944,18648,25290
48343,78067,33951,42281
48350,8423,46107,37269
48358,67763,41683,29997
48369,5082,37668,31224
48377,63130,22768,16324
48387,73074,28730,19184
48396,88558,21074,36766
48406,29865,36768,28932
48413,59122,38698,19750
48421,63502,19124,16416
48430,15571,27827,42023
48439,5608,35228,39154
48446,73410,15364,32326
48454,42412,19295,37800
48462,26072,40043,23767
48469,15055,38181,43137
48476,78100,49105,26875
48484,8862,42194,40984
48493,21851,23584,22683
48500,26638,34621,43859
48509,34338,37158,32540
48517,30664,9168,33336
48524,52630,17294,35644
48532,36608,20676,15088
48540,9922,39187,41594
48549,34764,37616,34332
48557,22150,35892,20886
48565,54137,45639,32821
48572,12299,16565,32970
48579,54344,34982,16294
48587,10982,48750,30832
48597,13964,30287,27031
48604,34901,33419,37898
48611,5804,41672,37327
48620,92558,32256,32496
48629,61052,13254,16372
48636,90112,20902,33108
48643,21740,15558,31834
48651,52312,47066,31092
48659,22706,21256,25360
48667,47932,7773,25176
48677,75734,14253,34173
48684,81042,32984,36714
48692,22624,13037,30009
48702,90850,21960,35669
48713,43904,10647,28871
48721,9690,44994,35034
48729,35851,7620,32949
48737,15853,17616,28668
48747,10178,48240,36154
48756,23520,17847,24349
48763,58039,21877,38138
48773,78345,29933,20297
48781,20266,27548,22772
48790,73600,16260,33066
48799,19608,27290,22442
48807,10476,42134,41774
48816,20662,13610,28920
48823,11616,38790,28488
48833,25640,17496,34766
48841,19380,17414,24784
48848,4359,29844,36523
48857,25359,35816,42789
48865,17467,13777,29747
48875,25388,39330,23136
48883,3994,35332,32866
48890,55440,26239,38593
48898,77633,43938,40439
48908,14923,45259,30094
48915,74442,13270,33718
48923,27250,32270,24800
48933,54542,15558,36266
48942,89376,41696,36512
48951,17918,34924,22439
48958,12713,50054,33660
48966,4426,35842,38233
48975,40562,12262,34862
48985,77980,38250,21552
48994,68201,29392,42060
49002,60350,19689,13927
49015,69729,17790,20891
49023,76018,44077,23310
49030,22574,37542,43602
49039,7752,45532,33072
49048,89142,37130,39156
49055,18826,18990,38482
49063,5310,34264,38644
49072,25008,45070,41384
49083,84339,47148,36168
49090,10634,39672,28906
49101,5716,21730,30980
49109,25570,39054,43694
49119,77827,29132,41425
49126,71522,34640,42348
49134,81527,40051,25829
49145,18021,52110,34722
49152,85930,35946,26953
49160,57838,15641,35910
49167,62358,33368,36646
49178,26883,39337,24194
49188,87708,24954,38980
49196,73464,16482,24866
49204,41954,15307,33740
49211,29678,34769,41968
49218,19634,19078,23290
49225,29154,41530,31140
49232,80205,21718,20047
49241,77338,13150,30992
49248,19828,40253,22150
49255,72338,16406,32848
49263,92270,24362,32544
49274,78580,14740,25488
49286,39669,11992,31518
49293,86356,24400,39981
49301,11044,42234,41758
49309,58587,25820,37885
49316,15220,34408,38812
49324,18472,39726,22548
49332,12656,31792,41905
49340,5324,34034,36878
49347,67000,40630,29234
49354,37410,15550,37670
49362,83566,48724,29294
49370,73327,38172,21632
49378,36393,22021,16015
49389,66584,37500,26366
49398,5594,39923,33178
49407,88643,42766,35988
49414,80436,22487,39967
49421,23399,20767,25947
49429,35877,18276,14593
49438,5022,26814,33486
49447,57567,17985,12051
49454,29937,37238,22909
49461,81708,23702,39502
49470,65498,34930,27264
49480,57032,10548,34662
49488,4334,39100,35082
49497,22142,15939,32467
49505,17525,37784,22154
49512,30800,35993,25711
49521,15924,52012,33870
49530,91269,26083,34265
49538,89983,37394,31825
49545,63070,8254,33700
49555,5180,39080,38496
49564,9180,44356,30826
49572,47192,47062,30500
49579,86703,44323,29798
49589,23700,19352,26137
49596,11385,47993,30561
49604,11128,47296,38730
49612,81799,48749,29714
49619,21794,44234,24379
49628,12934,50574,33542
49638,5203,45577,29977
49645,23833,34922,21775
49655,23905,12566,32384
49662,6143,26082,35316
49669,87979,35088,39948
49678,66330,33440,40137
49686,33222,20854,36412
49693,66392,20362,36486
49702,11050,45218,40690
49710,33082,11823,35414
49718,25126,33772,21266
49727,33760,24842,16228
49735,4625,38090,33999
49744,62032,36281,16952
49755,19632,53078,32298
49763,46886,6486,18614
49770,14289,30528,25033
49777,74174,13498,22646
49788,4728,39144,33799
49795,32056,36426,26975
49803,75406,20357,24100
49814,89497,44076,31875
49824,4202,26096,33814
49832,29192,34915,42118
49840,73532,16096,33595
49849,15314,42668,42760
49858,4357,40203,35379
49867,65472,8286,32288
49874,34602,36622,33200
49882,8564,42734,32400
49894,10792,46516,30978
49901,14120,45693,41904
49908,71736,29642,24438
49915,6950,44462,32344
49923,20288,39408,22314
49931,19814,21833,23416
49938,32230,6932,30256
49947,22042,26917,21524
49958,16832,41253,41969
49966,18119,49013,28577
49975,21742,52118,33441
49984,24334,33177,21948
49992,31834,36108,27511
49999,92434,34488,30133
50006,92446,33987,36176
50014,16808,30350,23354
50024,18321,44155,24990
50032,10342,37322,41414
50040,12692,50482,33038
50051,4254,26136,34964
50061,23372,16504,25196
50069,48526,8302,16752
50076,61405,25493,18077
50084,62626,34816,36802
50091,85764,34345,26910
50098,72838,16412,35961
50106,12706,33674,42214
50115,68057,34236,41108
50124,63404,38446,36792
50132,36946,38306,34868
50143,77133,47401,37965
50152,22494,33068,43448
50162,15308,40426,42486
50172,78660,36541,20207
50181,28955,38153,26696
50188,73283,17052,29810
50197,25809,10162,27582
50210,5162,37592,34304
50220,75593,12116,24227
50229,3792,34899,37195
50239,76610,35544,20866
50246,69955,35409,25940
50255,73197,21850,27176
50264,88608,44332,33542
50276,13542,37546,42246
50284,13268,22868,29564
50293,11448,48650,34117
50301,83779,14928,26906
50311,21288,31742,21402
50318,33086,39220,30161
50326,85594,45072,29256
50333,14308,36490,24782
50340,34036,32242,38522
50349,87326,19244,36946
50360,56795,25758,37631
50370,91529,33594,29988
50377,78274,30690,20474
50387,83970,47727,31400
50394,11598,48209,35865
50402,68509,40594,40014
50411,59020,10058,33862
50419,19222,52264,31134
50426,7204,23252,36730
50435,73408,16754,29450
50445,57214,38410,16948
50452,90440,21250,33786
50459,31871,40109,29498
50470,29482,35942,21753
50479,21965,38719,42725
50489,8650,45638,36998
50500,19658,16884,27262
50508,65606,35806,28167
50520,11606,41380,29442
50528,80506,23434,40892
50535,9653,44153,32002
50542,86564,43000,28882
50549,18680,47752,26384
50558,9476,47568,35244
50567,4484,34490,36594
50574,64316,37420,22294
50582,37565,10645,32129
50589,25344,42216,24838
50597,70240,42680,39490
50606,84758,34990,26618
50614,16861,36986,24011
50624,61845,30297,18168
50633,20015,29094,22052
50642,87384,43244,35338
50650,32819,35841,30894
50658,5816,31841,33434
50665,22382,34177,21949
50673,17182,39530,22954
50680,74237,10425,29314
50687,42055,17797,37136
50696,88049,20409,34558
50706,75822,43474,24493
50713,18640,48300,41302
50722,3966,29647,33630
50729,20544,30684,22570
50738,25170,31268,43630
50746,34223,9734,33603
50755,78944,50368,31859
50766,89288,21064,36488
50773,67783,16528,34475
50781,12152,49022,34077
50789,28248,32364,42916
50798,93118,32986,33404
50806,21630,15326,32788
50814,18194,29528,22083
50821,27799,20044,19579
50831,6037,42187,31236
50839,42420,8278,30194
50848,82388,44518,39372
50858,64461,28114,15649
50868,91065,30148,37510
50875,29917,37328,26082
50882,31979,42232,34343
50889,18288,36802,21766
50896,79046,45136,25236
50904,31516,40006,29494
50912,88206,43662,34352
50922,70294,17024,19344
50931,33794,24630,16694
50940,75046,20085,23673
50949,18244,19546,26384
50956,21228,34862,21226
50964,56466,26400,38508
50973,5062,34120,37869
50981,62354,34502,16700
50988,6328,42998,36998
50996,30798,35380,21286
51006,23898,36307,43694
51013,79445,49349,27978
51022,30112,37784,27188
51032,25218,16770,33790
51041,9286,44794,38766
51049,23672,40774,22926
51057,46868,44026,101438
51065,64492,25168,15570
51075,20102,41072,23554
51083,77821,30439,20622
51090,64748,36480,26694
51098,89809,33412,29619
51109,32331,38055,29623
51117,13500,26224,40824
51125,22764,37350,21618
51135,30897,36095,26159
51144,29612,39616,28484
51152,25794,37861,22879
51160,70838,21682,17408
51168,33779,19766,17157
51178,25992,37032,22841
51188,44885,47436,33850
51197,15500,29474,41386
51208,73934,12413,28405
51215,28544,38380,26362
51223,93398,28682,33676
51231,16944,38980,23602
51239,29934,39628,27783
51247,21622,13246,27662
51257,76662,13057,29879
51265,58320,33118,12578
51275,72846,29578,20248
51284,11558,17710,34442
51294,81574,13256,32348
51301,19036,24440,22882
51309,83909,48443,33958
51316,78754,43238,23480
51325,23150,38564,43122
51333,18908,14546,28674
51341,63065,31071,37768
51348,22508,31911,20579
51356,11707,49541,36114
51366,7796,45352,35279
51374,17426,51786,35880
51381,70948,13334,20976
51390,11534,41120,29812
51397,23956,19517,31029
51406,33770,34634,32532
51415,4415,28947,32180
51426,28922,8368,28221
51436,25896,41856,25328
51444,44056,15002,34921
51453,32512,37586,28078
51461,21004,36936,21208
51470,35878,19225,38277
51477,21698,15556,25600
51485,68709,40827,25947
51495,91563,31858,32588
51504,15056,25680,40258
51512,92467,33913,35772
51521,22031,38013,21631
51528,80087,13533,29157
51537,73003,14085,25772
51547,92548,37168,33350
51556,34660,8998,33490
51564,27364,39518,25576
51574,14976,45303,41937
51584,21216,20908,21490
51592,91145,32700,34073
51602,15308,49020,32300
51610,85897,44523,37834
51619,51598,8496,30834
51628,18004,49698,28444
51635,6194,38804,37240
51644,7673,45799,36604
51654,35190,38518,18618
51662,19855,19455,23122
51671,87437,22107,39006
51681,25836,32651,43642
51690,49326,47170,35782
51697,75162,38462,20720
51705,80674,38942,40574
51715,54594,7234,31124
51723,68888,25794,40629
51733,86873,45397,36015
51741,8059,43123,37721
51748,75393,35577,21990
51757,28260,31170,42326
51767,8604,44758,33008
51774,45610,24280,37548
51781,40474,18786,38454
51792,75156,42694,23698
51800,78534,31284,20688
51807,19648,48029,41766
51816,84119,47530,31820
51824,24986,43422,41126
51832,90867,27945,32107
51840,34044,37851,30628
51847,28112,20372,37337
51858,4153,30018,36866
51867,28146,19787,35009
51875,91088,30273,31804
51882,85823,29028,41161
51889,15658,47696,30926
51901,35156,11292,19040
51911,54942,25278,38680
51919,21996,28945,21779
51927,82456,38362,40672
51935,67640,35546,27844
51944,28916,42318,29376
51953,91400,31760,37282
51962,21961,13946,27110
51971,10792,17678,30838
51979,52424,46534,31126
51988,5084,26866,34574
51998,35600,9580,33068
52005,54266,36001,15300
52012,13903,15613,31826
52019,81979,16642,23629
52028,21267,35803,42588
52041,48788,14564,31290
52048,2712,30694,34568
52055,25104,37056,21931
52063,32284,20948,15580
52071,13876,35217,41506
52082,18021,21760,23211
52097,12957,35773,41991
52104,56908,51250,129096
52112,56967,48388,128939
52121,69068,40416,28658
52130,9548,34736,40838
52139,34298,38324,36342
52147,26768,37334,25798
52155,19427,18129,26074
52163,5534,26756,35416
52175,19712,41568,38570
52185,31348,8068,30579
52192,6212,37694,38722
52201,4996,36342,33756
52215,92394,36069,34481
52223,40638,21194,13558
52232,87604,44658,34502
52239,5044,38448,36046
52250,8013,41537,40600
52257,34844,37214,36328
52268,14330,46519,31804
52276,53171,15791,34904
52287,18354,22964,23296
52294,79510,41657,22140
52301,78676,37960,21422
52308,26925,21828,18796
52315,78429,37919,40703
52322,30328,37100,28688
52330,10820,16948,31670
52338,25156,17348,34640
52346,17750,32338,23396
52354,80132,37312,23137
52361,4806,39194,35106
52369,7470,43001,35943
52377,23936,19472,28639
52386,30644,38746,27750
52395,90688,19786,31415
52403,22572,15478,27566
52412,21120,13192,28430
52420,67775,37783,26083
52428,91874,39117,32410
52437,57256,55381,64990
52445,79814,47706,30244
52452,25044,40982,42196
52459,6674,45698,32804
52467,89954,39655,30472
52475,77662,26133,41544
52482,19924,42126,22213
52490,6034,32751,31618
52497,12152,31303,42154
52504,78340,30536,41592
52511,89922,29484,31410
52519,8424,32760,40598
52529,23390,16332,25594
52536,38666,34362,12838
52543,52292,59612,66270
52552,17556,43592,26041
52560,13398,34994,27038
52568,4858,33052,38646
52578,82168,22984,40520
52588,18594,30482,23026
52600,92652,31674,34328
52609,86604,19766,24602
52616,40049,34184,15264
52625,14396,36374,41398
52633,6076,33629,39770
52641,71510,12378,32390
52648,31159,35816,25475
52655,26228,12584,24072
52665,56937,64232,105704
52673,80540,28598,42342
52682,22436,23518,23280
52689,68213,19235,36134
52698,70412,43704,38324
52706,37956,8440,32169
52714,81672,49306,31356
52721,91424,37036,32300
52730,83694,39066,41046
52738,34180,39334,33328
52745,7640,22744,36928
52753,84886,34918,26240
52764,78692,19042,38496
52774,22148,32636,43577
52785,35616,10820,18864
52793,23083,16652,24074
52800,11420,41482,41738
52808,29409,37672,28164
52816,92405,30410,32152
52824,61355,10055,34929
52833,75281,43269,23950
52842,22634,44408,40940
52850,27950,32297,43647
52860,55586,34742,13220
52867,72975,10037,24630
52875,73652,13071,32117
52882,89408,39946,31846
52891,30492,38728,26456
52898,24272,17156,23312
52907,35642,16962,36444
52914,25917,17881,23796
52923,58818,9154,32884
52932,84743,27556,28063
52939,14915,49910,33269
52946,61862,38193,20006
52959,19910,48912,26226
52967,20864,12980,29534
52978,4970,41074,36754
52986,30188,39328,27866
52993,91314,28326,31350
53000,89318,30564,29702
53009,11942,50133,33371
53016,81290,45362,28906
53025,34432,34976,34530
53033,67860,40005,29054
53040,13756,51118,34750
53052,12686,49556,35700
53062,13833,44461,29267
53073,17184,44944,42652
53080,5128,34310,36136
53089,21585,14311,26004
53096,22249,17050,30143
53104,6852,21552,33732
53111,19694,16225,26064
53120,34510,8328,31500
53129,4886,38042,32636
53136,31438,39840,29888
53145,69923,37294,26255
53154,34954,7316,32792
53161,45022,12522,33522
53168,47205,14887,34049
53176,43530,9286,29804
53185,16498,51236,33068
53193,18761,17429,24199
53200,49491,11621,13784
53208,74352,14794,24298
53217,35158,9538,33034
53225,18420,33694,22890
53235,73434,9857,25712
53242,4584,31372,33130
53253,73993,12602,32005
53263,91312,23752,35800
53270,24582,14276,25096
53277,81584,33580,41042
53284,29706,40816,28848
53291,11091,43968,41438
53299,26471,16197,34933
53307,68296,38360,26238
53314,20630,47606,25648
53324,80800,12712,31392
53332,16286,38404,41218
53343,22994,47012,26938
53351,74224,13730,24936
53359,19571,34950,43816
53366,4301,26892,36567
53373,90060,38647,29696
53381,15902,20294,26009
53388,13842,34142,42063
53396,15524,46200,41974
53405,34091,38929,33340
53414,44834,7306,17670
53421,10862,17478,33170
53429,55932,20211,10880
53437,71859,16296,34872
53445,74210,14029,26020
53454,26715,17921,35895
53466,21508,24341,21861
53473,14866,48354,40520
53482,32012,36351,29212
53491,13224,42706,42033
53500,5903,39932,34228
53508,33751,38007,31280
53516,14815,41900,42924
53526,3883,33809,38156
53536,5894,39541,31406
53546,78693,49866,28078
53555,17766,48884,27571
53566,49044,46648,36386
53575,13274,48616,37568
53584,22138,23744,20481
53591,89893,20557,32807
53599,26276,31696,43616
53606,78036,35277,19873
53614,23072,14498,30992
53624,35321,18007,37625
53635,43888,47632,22947
53643,71939,25326,42081
53651,14992,50890,34532
53660,9699,45208,29998
53669,65889,34582,29287
53678,86762,44660,35126
53687,51104,45854,35954
53697,5280,34358,35688
53705,87358,44620,29366
53712,75964,26702,21737
53719,25687,13992,24308
53727,54846,25022,38344
53734,33808,36713,28697
53741,83986,14716,27714
53750,63975,25052,16199
53758,85516,38856,28916
53765,31941,39442,28921
53774,77294,50345,29892
53782,19976,33151,21788
53791,71026,8470,26652
53801,80330,48502,26662
53810,20694,19002,22222
53817,8416,42450,39430
53825,23821,16988,23118
53835,57062,18426,11638
53842,21997,27492,20763
53849,24506,18304,33570
53857,20514,51540,34390
53864,18592,31274,22952
53871,74550,13726,32888
53880,18113,39844,43396
53888,18490,42533,41960
53895,70816,35276,21546
53904,13148,38458,27372
53912,16156,14917,29226
53923,7667,42630,35964
53931,13628,37128,25696
53938,24122,30982,22012
53948,79505,48092,27479
53955,16759,14143,32044
53963,24101,32376,43412
53975,72712,10758,27650
53983,8169,43051,33548
53991,62274,20398,17612
53998,54274,23562,37909
54006,8908,44496,39344
54016,11989,46429,29851
54023,91570,26592,35458
54030,12201,48447,35518
54038,29742,23060,36356
54047,63394,26284,16476
54054,17515,34082,23372
54061,91990,34399,29874
54068,9252,44706,31042
54075,18482,48706,28890
54085,48744,47432,34964
54095,14290,39680,27074
54107,93564,32862,32776
54116,16464,15628,29244
54123,23951,27623,25881
54131,17780,27510,35393
54138,29913,40643,28079
54145,25702,11255,27266
54154,32248,36718,28470
54162,9719,40431,41976
54169,4644,28652,35116
54179,19679,46041,25696
54188,16312,40608,42682
54196,9977,40038,42116
54204,21770,24659,22096
54213,13648,49486,31310
54220,28450,32330,26236
54228,26497,39040,25946
54237,19937,21933,25382
54245,5545,35938,39512
54253,32460,37084,27506
54262,18059,14526,28298
54270,69440,39656,26996
54277,31542,36264,27871
54285,30085,7781,30471
54296,42320,15026,34922
54306,75790,12288,27190
54314,21362,18906,37726
54322,87882,41577,30703
54329,84504,30974,41076
54336,19631,36154,35161
54345,39674,12592,35692
54352,14370,50336,34474
54359,71808,18724,31241
54366,73042,24130,25886
54374,4782,38246,34958
54382,73684,14338,24300
54391,43024,29486,38564
54400,29657,37752,41988
54410,29044,40878,41122
54419,13714,39052,25358
54427,91416,30412,30430
54435,4868,25526,36280
54443,50340,9520,29284
54452,23196,45662,24998
54461,85488,44712,29496
54469,16764,50858,34048
54477,91246,26878,36710
54485,84431,46276,30029
54493,11132,47680,31420
54501,5504,25951,37649
54509,20360,48934,26396
54517,29940,37820,26700
54525,88654,20075,33285
54533,57658,8396,19582
54540,19398,15744,28850
54550,85356,45418,31090
54558,93020,35260,30756
54566,11933,49551,33574
54574,5181,24191,34882
54582,19998,19372,23943
54592,7432,20808,34308
54601,33222,39446,31664
54611,52544,16476,34306
54620,6217,34599,39382
54627,42866,19538,35198
54635,85354,46470,29490
54644,77983,37268,21311
54654,32450,39112,29965
54665,79680,50550,30756
54675,15917,21197,40420
54688,84412,17184,25094
54697,17774,26077,23814
54705,2647,35865,34711
54713,24047,14168,27247
54721,80922,12626,30934
54729,58442,9436,33360
54739,40498,27396,38990
54746,35864,17874,36805
54755,26024,36748,26517
54764,34918,7588,31178
54774,55650,48496,123680
54781,26018,23204,40668
54790,16924,42662,42834
54798,7496,32750,40776
54805,18310,35750,21520
54814,90162,41175,36032
54822,80179,50207,29665
54830,16379,28623,24130
54838,14247,32299,39757
54846,25153,20213,20629
54854,52667,21815,37501
54861,64056,37922,29723
54869,90932,25180,33660
54880,74634,22242,22798
54889,72220,17765,31918
54896,24432,24870,27378
54904,74842,16664,25052
54913,22932,17870,25064
54923,52986,53256,129312
54931,29928,44174,32829
54939,78150,44840,23036
54948,83727,47933,30641
54955,89220,41982,31525
54962,73594,15782,26840
54970,20330,30256,22610
54978,77648,31023,20168
54986,77112,12436,28474
54997,36336,19589,38056
55004,9350,33598,41314
55012,26720,37482,23552
55020,26073,40178,25511
55028,14139,30412,40862
55037,48777,11158,27910
55044,15923,35452,38465
55052,20444,28488,21728
55060,77843,46796,26150
55067,92334,34994,32828
55075,28376,37657,26032
55083,38666,10586,34338
55090,4829,30015,38011
55098,8654,41718,31118
55105,48258,22294,36572
55114,13399,49848,33884
55123,61825,8698,33602
55130,9969,31320,41860
55137,69004,39074,26504
55154,10935,23900,23642
55161,64054,19847,16084
55171,14420,49522,36570
55179,4099,32491,38386
55191,83335,41490,27831
55200,7847,31381,40649
55207,34345,21509,14009
55215,16775,38011,38931
55225,3174,34007,34735
55233,4884,31230,39026
55243,92976,35956,31425
55252,79929,48013,25877
55260,21722,14414,27588
55267,19488,15524,35178
55275,5532,34676,37040
55283,46878,7056,17128
55294,73836,17987,23545
55302,23534,16684,35570
55309,82786,26840,40254
55319,38536,19464,35228
55328,20889,16007,27294
55338,30550,36362,28866
55345,15072,18848,28428
55358,93461,29914,34551
55367,9382,20516,32216
55376,31706,36408,26226
55383,45622,13582,32852
55391,32654,40177,30825
55400,73368,16338,34872
55407,82294,13580,30482
55414,83582,46676,37240
55423,35524,18642,13390
55431,48196,13442,28700
55439,23634,19138,28562
55448,22057,19147,28570
55456,9559,45788,31416
55464,16671,40480,23951
55473,38426,8756,30566
55483,7528,24504,34390
55491,16958,31406,23186
55499,26412,25168,41620
55506,73190,26584,19540
55515,3469,34156,36436
55525,83037,39960,40584
55533,34298,37750,30250
55541,20031,47485,27429
55548,63179,38235,29798
55558,24518,33016,21196
55565,24276,24426,42382
55572,75556,37064,41792
55580,16137,21878,39879
55590,41370,33684,38410
55598,82840,40790,26832
55607,12021,32369,41834
55616,69736,23564,29458
55625,20118,43082,23413
55632,16077,23655,39862
55639,24240,25232,27224
55646,23440,14488,33168
55656,30278,8668,30788
55664,90165,20243,33020
55671,25975,24086,41358
55678,74870,11490,30354
55688,22096,42090,41660
55695,22348,51598,31432
55705,25090,24179,19912
55716,21274,49454,26764
55725,24232,11722,26594
55734,91749,30709,34739
55742,23030,48224,27528
55754,6224,23445,36885
55764,86794,16582,33540
55773,11018,18982,33208
55782,15716,24654,20728
55789,64152,11964,34154
55798,14684,51522,34850
55807,24792,18098,23458
55817,28820,16878,35482
55825,87885,16884,33094
55833,75479,22992,20062
55842,25450,14584,24776
55849,12874,42918,28842
55857,38634,17092,38428
55865,75506,43764,24662
55874,25772,11713,24840
55886,18950,27596,23630
55896,71811,14870,24668
55908,19651,17935,24722
55917,11470,46943,35868
55924,72950,22490,18810
55931,26599,11919,33260
55939,54718,11404,33528
55952,30436,38324,27012
55959,24384,17829,23653
55969,86408,44346,37432
55976,4434,37424,31550
55983,6424,38526,38286
55993,26956,38616,26424
56000,38782,11276,35334
56010,88340,17550,33202
56019,15738,21562,22482
56029,83152,32798,40818
56038,76036,12810,28212
56046,75914,42326,21780
56055,71919,27997,21936
56064,76682,36956,41270
56072,22077,14276,25876
56081,3692,35196,37594
56090,87505,43215,36018
56097,12030,17672,27242
56106,44578,9770,29684
56115,12150,46090,40616
56125,6310,24054,35101
56132,40622,14926,35154
56141,29054,41826,29239
56149,18662,25380,23174
56159,48904,48364,34598
56166,71526,20490,28370
56175,21898,16754,31325
56184,19256,38562,36454
56194,17368,20372,26572
56202,86315,16291,31878
56213,20697,34781,22023
56221,17471,51845,35499
56228,24079,18509,31345
56235,76934,14870,24226
56243,29360,34718,27868
56251,60444,9950,35059
56259,30105,40412,29397
56268,30639,36015,28025
56275,10340,22560,24982
56283,7615,35293,29977
56291,5156,34306,31744
56302,76050,33409,41860
56314,79786,44636,39941
56321,25971,44221,36588
56330,24984,21320,25374
56339,18621,44009,26336
56347,73902,14140,29566
56355,90001,20993,36253
56364,58678,34125,14882
56375,14167,19881,24093
56382,51718,9467,30446
56391,57018,43672,20928
56400,15348,15108,32880
56411,21064,15332,25296
56422,88792,19908,34321
56429,73434,23857,26700
56438,75662,44396,38928
56445,10853,43973,41096
56454,10760,19895,26856
56464,71644,12934,22396
56473,56459,7934,29710
56483,30498,33658,27232
56492,9544,48517,33839
56500,92419,28494,36031
56507,67400,35438,40702
56516,85318,38020,28151
56528,68426,42246,28360
56538,30884,35648,21620
56546,33324,38564,29402
56556,77132,13256,27026
56567,32938,21362,15236
56574,92708,33012,33358
56581,44244,10764,29126
56589,91785,23473,32247
56596,88833,42147,32117
56605,69884,33184,42738
56612,21114,45160,23977
56619,54802,34025,13860
56626,29939,34460,42191
56635,44454,20766,36300
56644,17216,18554,25292
56653,21244,42988,23110
56660,55410,58522,66771
56670,18011,47171,29676
56678,30161,40772,28646
56689,69983,17471,32710
56701,11739,34278,42104
56711,15006,49878,37623
56723,43150,27620,38576
56735,31218,40098,28444
56742,74020,37377,21757
56750,18592,35530,21436
56757,81338,50276,31214
56765,19838,29276,21136
56775,80874,49738,33312
56786,78290,12714,28454
56793,7076,44316,34870
56803,30386,34472,25580
56811,19464,48802,30232
56818,33613,39019,31985
56826,34650,37494,29762
56834,72151,29929,18976
56841,6233,25790,38183
56850,9464,44872,34586
56858,11214,47628,30574
56866,63462,9955,34136
56875,78712,47310,27120
56882,47700,19362,12504
56890,91408,23514,34562
56899,6692,43206,33264
56907,8794,45150,33098
56914,20560,52528,36354
56922,83572,29174,41134
56929,28988,16702,34894
56938,16462,32347,23858
56948,30334,43212,36174
56957,83460,46984,31630
56968,16912,21134,25983
56978,24584,18022,26102
56985,30796,40938,28730
56994,73925,11918,30336
57002,16440,47577,29879
57012,91774,24466,35055
57021,81306,35386,39264
57029,6253,44078,33573
57037,25736,18495,21376
57044,68029,20340,37067
57053,19682,42175,24199
57061,67951,30664,42023
57068,30077,13877,34268
57076,66568,26172,15984
57086,77903,14343,27930
57094,75720,15728,23977
57104,88570,40696,28734
57111,14592,26018,41035
57121,10483,19858,33526
57128,65676,37082,26348
57136,19264,33384,22312
57146,26710,17720,25610
57156,63953,24366,36811
57165,12336,43164,30430
57175,5770,25044,37150
57183,82708,32884,25278
57193,83148,41530,27426
57200,4667,33853,32483
57209,15841,21834,22139
57216,16954,32442,36390
57225,82330,24300,39566
57235,5477,27158,36049
57242,18291,20894,40154
57251,13920,50408,31334
57258,74352,44514,23746
57265,69710,11758,32551
57273,73430,42926,23386
57283,11408,41230,42380
57290,16400,19086,39110
57298,24802,19462,21216
57309,46220,12019,31235
57321,79809,14719,26605
57329,81562,35288,38896
57337,12528,32246,42690
57345,3620,35562,37042
57356,35282,6992,32612
57363,6096,39296,31644
57371,78214,38856,21482
57380,16314,32668,37028
57388,85456,45508,30356
57395,33208,37064,30780
57402,3056,38077,33899
57409,70161,37080,22616
57421,16780,31642,36452
57430,74986,12187,24858
57440,47361,12793,27938
57447,14616,47246,31040
57460,35467,9983,32255
57468,8662,35744,40846
57476,11801,45816,33573
57487,84878,47004,31084
57495,85376,30446,27348
57502,72708,14846,26324
57513,23441,39838,43238
57521,21599,41773,22596
57528,24278,16790,34234
57536,52449,17603,35951
57543,81624,13394,30922
57551,16282,26178,37616
57559,65928,25804,15375
57570,89988,22536,31870
57580,21540,27008,23698
57590,52252,42840,38352
57599,18594,39030,22756
57607,70146,25396,40732
57615,17791,34806,36221
57623,74685,31879,41833
57630,76450,13089,32174
57637,16876,24274,20948
57647,84978,34250,40906
57656,85086,47220,32580
57663,18724,39262,22087
57670,7977,43895,35178
57678,10990,28576,41438
57686,68787,41853,28072
57693,74813,12173,29832
57703,19013,15958,26236
57712,84432,37178,26598
57723,11280,35859,42224
57730,22228,48598,28728
57738,66910,41002,29604
57747,4752,40362,34490
57755,85532,34454,27360
57762,87828,18306,33172
57770,63997,9349,33452
57780,88558,19622,32946
57787,73212,26306,23030
57795,29653,31978,42106
57802,20728,48286,27780
57809,71219,40103,40239
57816,20059,33393,20491
57825,78932,34824,21194
57836,85754,18348,31331
57844,77400,32386,42746
57851,64170,13235,34404
57860,13531,30260,42137
57867,15873,31921,37544
57875,77472,38874,21402
57885,73310,15010,32402
57894,24646,24984,29568
57902,65207,7235,32047
57909,5764,24797,28686
57917,80815,40107,23646
57924,3666,27366,34780
57932,58110,32465,11670
57939,14534,32362,40810
57948,40114,39766,15081
57957,21658,17925,22573
57964,32018,36485,27406
57972,8354,45682,38312
57980,29538,37766,26800
57988,18748,28576,22452
57997,21648,42554,23426
58006,27850,39485,24973
58014,35716,8460,32277
58021,45080,16046,33285
58028,87358,19478,33310
58037,71520,20846,28512
58044,35166,25110,37692
58053,28498,14688,33972
58063,23958,18128,36608
58070,85266,39543,27976
58078,68169,35289,23278
58090,56320,17460,36804
58098,13815,18596,24686
58107,10130,46212,31366
58118,18928,51624,30960
58126,54853,33950,14341
58134,48119,10126,14357
58143,18582,53222,33592
58151,75951,40959,23431
58159,19986,16828,23881
58167,15837,48371,31654
58174,3228,33466,37042
58181,19060,52342,36958
58188,29842,38224,27828
58196,21957,36531,22343
58206,63482,11786,19987
58214,80157,50306,29190
58223,38150,6776,30062
58231,14338,50438,37190
58238,23679,32860,22132
58246,77927,41575,22773
58253,23598,48946,28404
58261,21421,44210,41259
58268,17588,32338,35834
58277,60608,37945,18264
58285,15448,41782,42914
58292,65789,36226,28106
58299,7535,27906,31333
58313,14518,29208,40706
58321,23486,34240,43222
58329,82976,23636,40272
58336,21431,13201,29818
58344,19640,44700,24326
58354,6054,40716,34845
58361,16370,18580,26566
58371,83097,35427,41800
58378,18062,35188,21588
58386,85928,27214,40615
58394,50676,42346,113632
58403,24810,20262,31798
58411,87249,21901,22879
58419,17164,29070,23906
58427,77076,20774,23925
58435,31862,21592,35660
58443,18573,33883,22032
58454,84504,24754,28424
58461,20924,27422,23372
58468,9873,44344,32525
58475,23747,49494,29797
58482,29610,37368,25640
58491,4220,38685,32732
58503,88377,20275,33838
58511,20363,52094,37956
58520,54392,34531,16180
58527,24050,38876,23341
58537,89757,40022,30422
58545,53054,12581,34195
58552,34945,21795,15518
58560,79539,18162,25768
58569,75312,38356,41406
58578,75568,14490,34630
58585,54182,15916,37631
58595,35106,37222,34214
58603,23545,16224,32727
58610,18644,52141,31455
58620,21917,23095,25941
58628,93150,30165,31883
58638,3672,29907,36031
58648,16390,44578,26848
58656,5522,24324,36045
58664,14930,49690,34039
58676,28048,43688,29024
58687,25686,20292,21336
58694,17870,41280,24316
58703,14643,37859,42819
58711,8956,20627,31902
58718,37920,6535,30426
58729,22766,13056,26502
58738,31888,7238,30033
58747,15810,45532,42093
58757,84466,21150,38830
58766,21728,14842,29646
58773,54843,16794,38217
58780,16011,50581,38370
58788,8584,44558,38748
58795,6944,22572,33410
58804,51862,6170,26613
58812,10774,46336,34528
58821,20676,18330,26620
58834,47990,13386,30309
58844,9589,47770,32132
58851,4114,41168,33118
58860,72702,29666,19114
58869,30428,35416,28880
58879,21987,36087,22945
58886,23688,19466,39252
58893,67250,34510,26298
58903,46164,45761,35503
58911,32165,34138,31675
58920,41668,15246,34380
58928,7296,43058,39066
58939,74382,12606,31758
58947,18534,21526,25278
58955,72011,12242,22401
58964,14504,17158,28330
58972,91632,28360,35078
58979,88127,45181,33391
58986,22383,47366,26173
58994,19120,34308,34500
59002,73806,44013,39333
59011,48477,9575,14269
59018,52088,11295,32566
59026,65609,38077,27527
59033,23397,17482,24070
59041,20614,17512,26021
59050,8926,46574,32812
59059,28920,33064,42746
59068,15512,45646,29334
59076,22370,38330,42574
59084,33637,39162,30073
59095,13668,48788,36304
59107,19207,24706,21989
59115,22512,19210,22500
59124,83979,27692,40427
59133,83737,49077,30129
59141,26956,39200,26264
59149,30524,34974,29634
59157,87067,46237,34177
59164,19853,29238,20716
59173,36097,6870,31506
59182,10898,23999,30930
59189,21268,46862,25122
59197,29849,33401,26282
59208,16037,52069,35041
59216,93458,31596,32064
59224,47482,46532,35672
59232,21324,38682,21872
59243,15778,41650,42668
59250,21414,44266,23496
59261,39324,12728,36454
59269,24677,20168,29575
59277,4918,35008,35314
59287,20189,21605,23378
59300,2610,32772,34220
59307,9927,38539,42014
59316,89580,23176,37748
59324,79790,28566,22642
59331,18300,19346,39264
59339,72992,12420,33326
59347,63324,21222,35410
59356,76523,16090,22452
59365,13240,43366,29817
59375,9096,36288,40724
59382,11994,37553,27938
59389,29540,7698,28658
59399,10798,46934,37262
59408,63111,12247,18566
59422,21548,14860,25640
59430,7751,33942,41257
59438,70302,18832,28692
59446,24470,41408,43008
59454,25624,45624,38658
59461,56530,27994,38594
59471,30306,36886,26316
59479,22859,43973,24009
59487,90426,24709,37865
59497,10778,24730,30982
59508,15214,43492,26498
59515,32537,35837,30316
59524,14748,49704,35048
59536,15694,18490,26398
59543,91836,27760,34430
59550,33787,19592,17619
59559,23094,43494,24470
59569,75964,47858,27146
59578,6776,43602,32468
59587,17772,44576,25745
59596,86133,28574,40682
59605,73330,15710,34564
59613,24029,41408,23935
59621,18147,32177,35180
59629,13290,50114,33646
59638,13578,16190,33453
59648,22752,42862,24618
59657,26476,41660,42710
59669,40974,36596,13162
59678,37034,36480,16616
59688,80194,36342,22336
59695,91658,37645,31971
59704,15014,47789,41041
59715,36682,10022,33075
59724,12528,20085,38174
59736,73426,38312,40698
59743,5962,28729,38970
59751,9104,46174,31222
59759,8412,33770,40318
59768,80512,37604,41318
59777,21886,15611,30972
59785,27694,17544,35142
59796,31878,28157,14638
59803,54890,45218,21404
59813,53458,10594,31602
59820,2606,31666,34418
59828,4371,25369,31770
59836,69642,32522,22582
59844,32061,39050,29158
59854,85643,18416,32095
59861,70308,31460,43232
59870,16752,42886,43160
59879,21481,21847,25964
59886,6049,26152,34829
59900,18315,52071,31090
59913,76456,35432,42210
59923,31906,11238,34663
59933,9750,47016,34768
59941,20076,52592,33138
59948,74938,17158,24416
59956,14137,19122,24762
59966,12717,48041,34192
59974,92838,29907,33239
59983,44504,12492,33424
59990,21968,15995,31177
59999,31512,37228,26716
60008,8460,42222,31348
60016,14446,26165,41579
60024,76981,29795,20802
60034,74775,48078,27648
60041,44266,47662,126136
60051,91504,31318,35464
60059,25490,26904,43014
60067,44818,14342,34444
60077,34181,31474,36231
60084,30815,37540,28164
60091,24167,45729,26458
60100,81134,39402,40742
60107,20452,21623,24109
60115,12998,39438,27554
60126,87086,27520,39656
60134,6624,23036,33638
60142,6648,27264,38278
60151,91241,28010,35709
60160,27931,34429,42724
60169,86312,18550,25262
60177,63242,36246,29584
60185,24318,38017,22741
60192,16268,45378,27178
60200,31482,8518,32057
60208,9962,44921,39908
60218,67788,37255,27535
60228,73596,33636,42176
60237,25680,37066,23766
60247,13430,15300,31720
60255,20700,32738,20544
60264,6892,30384,31108
60272,7863,22282,35029
60280,85422,15082,33042
60291,23669,42048,23528
60303,20528,42115,24592
60311,17550,25883,36829
60325,22077,49164,39635
60332,11406,48492,35182
60341,92904,30320,33050
60349,58080,7845,31466
60358,3892,28076,35284
60365,56177,34301,17190
60373,18922,31536,21808
60381,41332,17274,36994
60390,43878,34488,12845
60398,24107,50510,32021
60405,92389,38228,31884
60417,24957,16390,23914
60426,65300,12542,19474
60436,89959,20293,34040
60444,11494,24216,40290
60453,72427,18120,20567
60460,73406,38990,41048
60467,79563,39855,41634
60474,53102,12839,31875
60483,67014,35736,25696
60491,78630,32628,33942
60501,75098,11478,28492
60510,15652,38620,42840
60519,15489,27553,26067
60528,91606,36254,31298
60538,22330,42920,23438
60549,35265,35720,36046
60558,92170,26768,33346
60566,3878,34427,34584
60575,79327,41304,39786
60584,8128,34165,40512
60593,75234,17260,23028
60603,16990,51672,33376
60613,5929,39328,33527
60623,33518,26001,14798
60630,10899,49346,31860
60638,32194,36098,27198
60645,14063,27085,41707
60655,23280,17898,23038
60664,90752,34013,29675
60671,4669,39694,35811
60680,34544,36530,30846
60688,74065,26317,21048
60696,21388,17390,37476
60704,18978,34842,23162
60712,20036,23147,22825
60723,68960,27128,41652
60732,57313,12020,36475
60740,9464,35364,30310
60748,74019,46720,25738
60756,90037,43193,32702
60764,54144,15570,35788
60775,9598,31146,29704
60784,73124,15907,33764
60791,90822,31968,33676
60799,91199,27255,34026
60807,29148,40686,29300
60818,21036,42077,22875
60826,76660,34250,21698
60835,74478,40556,23214
60843,16163,45919,42330
60850,19428,43042,24418
60858,73292,26950,23060
60869,91424,35526,30226
60878,14573,43875,27064
60886,14884,39774,43312
60896,72232,40344,23604
60905,13050,27238,41166
60916,11743,39728,42119
60924,55861,26093,38050
60934,76502,14446,26634
60941,70342,36374,23768
60949,15040,49656,38192
60958,90894,24065,37113
60966,4666,39977,33099
60974,19500,51091,30072
60981,83154,49310,30894
60991,78626,29420,21726
61001,56366,24117,37815
61009,22736,32195,20385
61016,24340,31598,21768
61025,32341,21698,15959
61037,5604,40550,36322
61045,6067,39019,32243
61054,4789,31575,32128
61063,87746,43871,32218
61072,20902,46483,26141
61082,11348,46680,34698
61089,9612,18360,33116
61100,47785,47133,37452
61108,13626,48736,38578
61115,41691,7829,29859
61123,18626,38484,22738
61130,31256,35947,29869
61137,92704,37808,31064
61144,93176,28384,33748
61151,68470,44186,31188
61159,21438,15312,27620
61166,76358,33673,19981
61175,5724,31820,32753
61182,3682,37644,34660
61193,4319,26788,35571
61201,89398,23112,33686
61210,18942,16514,25590
61222,79742,16590,27420
61234,43098,9762,31841
61242,25270,24632,41726
61249,18683,52114,34373
61257,18710,22474,24990
61265,5450,30860,32035
61272,24229,28338,22304
61280,83296,26536,40972
61287,19814,38423,43738
61299,81055,49454,27849
61308,72814,43428,24196
61317,8758,29640,40784
61327,61522,19827,35116
61334,59891,14409,36971
61343,66458,34223,29344
61351,13779,41768,28621
61360,59052,17522,12686
61367,80336,42857,24139
61377,32748,38558,30068
61387,8804,46526,34822
61396,64171,36510,28632
61405,19254,18332,25092
61413,71320,39226,22970
61422,89747,23875,33738
61430,71118,8610,27636
61437,30869,37836,27785
61444,6374,26252,38510
61455,18983,21128,23988
61464,31972,9490,33289
61474,62764,38274,26674
61483,75443,18104,23352
61491,19849,37404,21365
61500,5825,42074,37340
61511,9963,28882,40550
61523,7002,40428,32390
61533,90762,25915,35091
61542,84202,47902,33674
61550,17466,41212,41616
61558,78082,38828,22948
61568,42564,18574,37148
61575,5008,28852,34396
61587,60724,19082,35374
61594,75887,23256,22316
61601,19164,43574,42182
61609,76045,22751,41462
61618,18834,21450,22558
61626,92226,30195,35981
61634,13040,48496,38930
61641,25604,17008,34354
61650,92848,34147,35004
61657,20074,41923,23530
61665,90129,22682,36460
61675,17598,20797,23603
61682,7999,44176,33537
61690,10430,34924,29212
61699,11666,34118,42859
61708,18931,48132,41517
61716,85978,26765,40571
61725,17508,51614,35110
61734,17074,41416,42794
61742,34533,38645,33989
61753,91544,23348,34192
61760,29599,34125,28770
61767,17708,52496,35662
61776,4746,38855,35866
61789,29820,38499,27524
61799,74684,21280,19856
61810,17912,20882,24791
61818,32416,39918,28583
61825,11921,16840,33013
61835,15769,39980,42920
61845,52734,13346,30878
61852,54488,18458,36942
61860,43303,11981,32508
61868,71632,8804,27518
61877,22404,33496,22580
61886,17861,51908,34229
61893,91400,24331,32130
61902,76256,34750,20264
61910,16664,20986,39568
61920,83917,27354,25494
61929,24294,14738,33124
61936,41174,8550,31162
61946,5927,42370,38084
61954,75300,48928,28932
61962,39964,9005,32098
61971,30839,40387,30127
61979,19296,18924,24546
61986,5870,39658,34573
61997,68364,38862,24556
62007,11396,47436,33078
62015,11732,24280,30524
62023,22205,52081,32285
62033,20710,23586,23366
62041,13302,32440,42540
62048,21910,14430,32336
62058,90590,20884,33270
62065,22212,43694,23448
62079,16768,28099,36844
62089,22189,34363,20717
62099,23145,19214,23946
62108,75140,45492,25520
62119,91808,33010,30715
62126,19847,13824,31600
62134,89600,38777,31941
62141,12800,17436,35650
62149,78098,34897,42352
62159,38763,11802,35786
62169,71276,16542,21806
62178,89538,23845,37971
62185,48583,8851,17732
62195,77572,15538,27192
62204,90117,25307,35182
62211,22860,37796,22555
62218,73039,35874,42105
62226,85906,37621,28349
62234,87144,44031,34402
62243,85250,47830,32084
62250,20514,36758,22576
62262,50073,11030,30950
62270,20298,41760,24828
62279,50842,44788,31462
62288,77949,12589,31764
62298,5523,38136,37280
62306,23028,12782,25980
62314,21704,15606,27020
62321,43178,25700,38882
62329,25608,45568,39106
62338,26740,32181,21771
62345,5364,32638,38990
62355,67704,33985,40906
62362,91631,37991,35321
62371,77884,43488,39870
62379,22396,19214,28846
62388,19534,26982,22680
62400,21200,19200,24300
62409,22328,16636,30500
62419,19156,49498,29402
62427,9436,33242,29250
62437,23678,32432,22212
62447,88580,22796,38810
62456,10816,46762,38614
62463,53103,13444,34052
62472,22516,31518,20870
62482,19672,44448,24686
62490,9917,20351,32275
62499,31847,35383,30139
62506,7924,36022,40708
62516,13762,29412,41212
62523,30420,32618,41002
62531,75650,43112,22732
62539,7186,23380,32724
62549,22677,51236,31965
62556,16656,20043,25850
62565,81509,19743,27940
62572,33098,36660,29654
62579,19554,17893,25108
62588,81138,14272,28356
62596,20542,15220,30702
62607,49562,8832,15548
62615,19019,25562,21834
62625,9716,43752,32580
62634,34854,36408,33636
62641,56476,13106,37192
62651,11018,30656,29298
62660,36764,8142,31703
62671,10750,19390,34870
62680,20948,18694,26854
62689,38320,6386,29432
62698,32402,37977,27819
62710,43188,14972,35260
62719,7506,34958,30090
62728,8482,43514,39298
62736,4903,24968,34058
62743,88526,45360,31110
62752,82463,45683,30102
62761,11682,37750,42780
62769,18388,26278,22892
62777,15598,34380,25436
62785,5790,30774,39145
62792,6924,38900,31170
62799,17146,31476,36001
62809,6232,25628,36447
62819,16648,33642,43610
62827,7162,25350,32782
62834,76992,15170,34790
62843,18514,48542,26848
62851,4246,39553,36894
62858,88138,38888,39500
62870,34786,38510,31376
62878,5460,33404,35450
62885,19024,36082,35500
62892,17108,25050,20484
62903,81164,23316,39724
62912,15451,38941,42036
62920,18540,37738,23332
62928,85738,45103,37613
62938,6146,30792,32051
62948,16968,25996,21181
62955,88534,18310,28156
62962,48282,12286,28089
62972,23553,18880,38077
62980,11543,47989,34432
62989,77262,44454,23016
62997,23469,32095,22275
63004,54065,13448,33616
63013,71320,44576,36952
63022,22497,15117,30194
63029,21248,13702,28602
63040,24017,41669,41773
63049,75414,27644,21404
63060,25550,47052,28043
63068,31551,22264,15827
63076,22766,41048,22706
63085,21036,17064,25314
63093,29498,39190,25728
63100,38642,17544,37412
63107,71369,21734,17722
63114,77156,45659,26060
63124,52456,7428,27614
63136,89774,20606,36253
63145,16081,23353,41765
63154,56433,56806,64746
63162,29187,32140,42091
63172,18656,33720,34970
63180,88412,44346,32642
63190,12788,33720,41714
63203,7114,43148,33462
63210,86192,36630,28318
63217,5718,43624,33578
63230,47385,8219,16086
63242,52020,35844,15357
63251,90980,37947,33322
63259,42582,24336,37534
63266,73776,18818,19845
63273,57689,18594,37970
63280,13888,33453,41035
63290,24336,40508,24384
63299,21716,32600,21672
63306,6660,39492,32284
63313,82580,48804,30618
63322,6157,24507,35962
63333,6556,40438,39724
63344,73718,35158,22005
63354,88004,43776,37155
63362,5084,42608,32326
63371,70819,33091,42111
63380,36840,9293,33990
63391,45577,17137,12083
63399,24306,18750,28686
63406,22944,35843,43291
63413,55364,10629,30115
63424,72470,15040,33290
63432,80268,13090,31006
63439,92147,35809,34801
63447,14120,29685,40345
63458,62478,32376,34518
63467,33014,37130,28554
63477,8070,28428,40424
63485,55008,19861,38803
63492,16336,18808,26206
63499,35220,17136,37156
63506,42514,9855,30888
63515,79861,48762,26620
63525,79428,16524,37716
63535,71610,17602,32362
63542,83198,33088,40414
63550,17974,24228,24454
63558,18151,20929,40705
63567,18834,14590,29340
63574,20299,41072,23895
63583,6059,38835,35144
63594,18216,52092,32931
63603,88664,45564,33064
63611,23862,26781,26261
63619,75838,19516,20863
63627,4510,27458,35212
63634,64942,8950,33082
63641,19206,17306,26284
63648,9618,44037,33364
63656,17212,19459,25911
63664,25350,41023,24054
63672,83448,47278,30187
63679,13530,50780,34830
63686,13593,29859,41851
63695,3430,33164,36628
63706,89002,42496,33354
63714,4055,27678,35314
63722,22558,15113,25994
63730,29949,38717,25807
63737,21462,21490,24776
63745,23130,17172,32222
63752,37028,6500,30626
63760,3467,28059,30432
63769,16736,17602,28089
63776,88538,37702,39492
63783,20646,50592,39676
63790,79432,49378,34812
63800,48960,47094,36137
63807,10368,42163,30950
63815,14498,31448,40970
63824,9242,46600,34850
63832,20892,14470,27228
63841,6160,26232,34000
63848,45658,9474,27184
63859,30096,35262,41359
63869,91042,36474,32826
63878,34548,37430,33809
63890,25259,19233,28080
63900,85960,17252,31990
63909,83374,44155,39220
63919,6778,31646,39606
63929,17462,20682,39330
63937,70306,38970,24860
63947,78523,14070,27013
63959,23160,18392,32151
63966,7358,27684,39130
63973,72820,33991,22500
63981,28109,16463,34205
63988,78298,26814,41316
63999,72839,36324,42083
64006,18142,33168,21998
64018,90059,21812,32071
64025,21140,26256,22008
64034,21498,36964,22994
64041,75511,12131,25401
64051,19175,44230,41811
64059,90157,38521,30382
64067,9030,44586,37112
64076,9540,25802,40318
64084,19526,39186,36660
64095,5426,40972,33064
64106,11551,46529,33871
64114,91068,23460,34748
64124,29230,33060,42082
64133,33484,9312,32668
64141,31602,11704,34542
64150,9221,47960,34349
64158,13792,40897,42721
64165,88822,43538,33870
64174,24754,20219,28316
64186,71746,21323,39549
64198,10391,25870,22776
64205,25730,19358,20442
64214,90064,28485,38384
64223,19058,52243,34150
64231,71481,17998,18968
64238,21879,12570,30010
64245,30448,40600,29476
64253,39088,11851,35230
64261,6924,42280,36822
64275,21486,31702,20652
64283,9220,44282,37334
64291,21960,35019,21492
64301,43362,21210,36810
64311,20639,39800,43372
64319,20920,44550,24588
64328,23496,21270,22662
64339,76534,14878,24838
64346,85426,27216,41142
64353,8218,43989,39554
64361,17412,42204,23808
64368,19900,48331,25770
64377,85819,21315,39023
64386,8448,47406,32978
64394,16890,36598,22934
64404,36604,17788,36758
64413,18706,22808,22452
64420,83415,47858,35645
64430,62938,36852,31332
64437,34450,8588,33292
64444,53826,55837,66918
64454,11579,49990,34296
64461,15534,14812,31798
64470,9366,19244,33402
64479,47924,47618,37405
64486,79784,45643,26241
64493,19008,52242,31530
64506,22081,16813,22896
64514,20784,51150,30134
64523,82382,28766,24450
64536,22207,32486,22480
64546,13823,38566,25665
64554,6183,42016,31642
64563,15428,37652,42728
64572,24548,43092,36230
64581,4909,40009,35677
64589,13576,26616,25588
64599,19232,17190,24470
64608,21092,27156,21188
64615,86860,29794,40170
64623,72280,15502,24486
64630,76562,30888,41914
64638,28417,8153,29351
64648,33521,38387,29804
64657,27718,39234,25634
64665,83402,42720,39522
64673,19856,27148,21730
64681,88240,44970,34522
64689,46272,7016,17228
64698,14836,51378,35188
64705,14930,14892,30706
64714,62164,36656,32360
64723,21728,18220,27616
64735,8119,20978,32674
64743,75894,42687,22588
64750,67059,39702,28072
64758,28901,33791,42592
64766,12227,42131,42311
64777,84484,14900,32342
64784,10036,37536,41695
64794,37646,12666,36392
64804,20129,15036,27840
64813,19162,30064,43505
64820,79236,39301,39939
64828,25198,10420,29196
64837,59280,30046,38204
64844,11645,36134,42355
64852,57965,6569,22705
64860,59448,9706,33514
64870,8984,36262,41366
64878,19820,44408,42543
64886,47682,47951,35737
64898,85450,20838,30862
64908,22020,16816,26226
64915,5478,40350,38752
64927,5558,33762,38454
64936,71146,36039,23698
64944,5749,23680,29130
64954,76049,13837,29197
64961,79482,43148,40576
64971,78240,35018,34848
64979,76446,36023,40554
64986,67082,35586,28228
64997,3981,38458,35622
65004,16876,20261,40126
65013,20964,33340,22364
65021,57518,37148,16079
65032,76696,14001,28882
65040,24939,18284,25929
65050,19440,48674,28832
65058,51424,11618,32492
65067,3743,37880,35751
65076,18904,14262,32254
65083,65448,9004,31442
65093,31428,42847,33962
65104,11989,48018,37645
65111,64499,37806,28793
65122,38726,7730,30904
65131,81002,45518,28694
65140,10471,40831,41876
65150,26192,39226,42300
65161,31046,8332,32228
65170,61554,60568,82864
65179,57787,33854,12829
65187,32717,10283,32641
65194,20020,41458,38065
65204,84500,28482,41606
65211,74398,36668,41252
65221,72998,16860,25452
65230,11976,42990,30893
65240,23548,19720,33198
65249,74050,11138,23718
65257,78148,35722,40402
65265,79891,43974,23978
65272,49006,10596,15432
65280,15218,43080,42594
65288,17692,44604,25330
65298,13054,36582,42808
65305,40446,36566,13108
65312,16236,37858,41145
65320,71810,34774,42070
65327,78226,43736,24976
65335,7871,40482,30611
65342,20258,14388,31752
65350,72760,17598,30912
65358,48952,13839,12448
65365,26559,13703,33814
65374,20372,52406,35612
65381,27464,16595,34054
65391,6732,43198,31392
65399,23086,40958,41582
65408,16240,44930,27164
65417,83326,27212,25132
65425,16191,52257,33567
65433,74374,21602,24482
65440,19495,44084,42435
65448,23709,16043,33241
65458,25607,10112,26608
65466,57442,27658,38528
65476,6774,38559,33978
65484,74455,10832,30102
65494,90988,28738,35190
65501,90788,38174,35001
65508,8274,45312,35054
65520,23202,35156,20966
65528,35865,40209,20171
65535,73754,12798,30534
65543,90608,25052,36502
65551,23712,34139,43880
65558,27026,40916,26045
65568,4746,26356,36954
65579,44318,11162,30020
65587,27635,33949,43349
65597,75238,12410,31360
65605,8691,21036,36138
65615,19832,13518,30375
65622,14437,50179,32956
65636,15188,38742,41718
65644,70556,11630,22860
65655,82295,49968,31030
65662,37872,41965,24146
65671,4138,35328,31724
65682,20558,23048,24770
65689,49453,11544,28101
65699,19711,15870,26614
65709,70763,12294,23875
65719,76836,48445,30151
65728,6482,36194,39476
65736,8370,35172,41000
65746,75086,18724,23484
65754,17140,14980,30648
65764,75582,27468,42636
65772,12802,49645,31942
65780,63036,34219,36880
65789,16032,51159,37588
65796,82932,48988,30652
65803,14642,35450,41052
65813,83182,47430,36312
65822,34027,20121,15256
65829,90584,33516,33406
65838,11426,18163,35353
65845,25177,25389,28225
65857,8792,29462,41160
65864,38868,7947,31270
65875,11024,18440,33296
65883,73583,39915,40654
65890,82009,23267,39515
65900,26888,25190,41454
65910,69517,40615,25975
65918,7179,44359,36159
65930,67542,7610,29110
65938,89673,23855,36203
65948,18130,45395,26023
65956,56667,36327,16124
65965,35486,17504,36930
65972,19646,38126,22047
65980,71102,35279,23937
65990,17989,41735,42132
65999,17072,15574,27432
66007,63854,33595,19142
66017,29070,8562,29977
66026,75558,17470,22612
66036,17809,35492,23333
66044,16782,14237,31040
66057,22828,21138,41324
66064,8836,32802,40840
66072,10896,32910,29044
66082,12298,47722,35304
66093,30244,40458,28352
66102,32559,34731,18176
66112,90900,34129,31326
66122,79622,14874,26988
66130,24736,16698,33698
66140,79500,39062,41374
66148,22948,40774,22926
66157,74698,11288,30756
66164,18246,42930,42944
66171,34966,9284,33722
66178,86356,29602,40616
66189,30642,37460,29280
66197,14434,35817,41049
66204,80228,13452,28005
66211,82683,48008,29335
66218,70868,17402,18392
66230,43488,20397,35792
66237,5028,35490,38282
66246,53294,10185,31673
66254,74448,31402,42738
66262,29883,24223,38687
66269,26208,25720,42614
66277,13032,40784,42598
66286,11868,17976,35266
66294,11948,16330,32367
66303,80694,39404,41662
66310,92688,27382,34706
66320,86310,46814,29318
66327,13892,18263,26138
66336,12698,40958,42390
66344,68490,38214,27360
66355,80118,50532,30871
66362,76701,43934,24686
66371,58748,35226,13388
66379,16168,38062,24258
66387,38508,15854,37686
66395,7688,30864,40780
66406,58873,35379,16057
66414,60728,39030,19050
66424,70488,15250,32726
66432,5648,24480,33464
66440,59132,10025,35195
66447,16907,14530,33992
66458,60324,8008,32468
66467,17476,51336,35550
66475,75834,36587,20274
66483,92056,28969,36410
66493,19677,52478,34159
66504,90774,29080,31398
66512,3830,28555,37183
66521,30610,38018,28332
66528,12366,31050,41694
66535,26586,40916,24678
66542,75782,18416,39267
66555,11520,16734,31072
66563,91216,22400,32962
66572,10612,39233,42177
66579,23808,47744,27764
66587,17572,31518,22946
66598,5276,37359,36091
66606,18736,42456,43428
66614,32772,38344,28588
66622,11620,47314,30520
66629,20619,14988,25825
66640,26310,37046,25176
66651,39502,36812,15454
66660,14974,51802,34618
66669,87058,47090,31450
66679,10192,25479,23217
66687,74418,20013,21660
66695,61808,20783,17838
66703,92986,25706,30780
66712,81604,37722,41042
66721,4614,25448,35030
66728,15538,46934,31180
66735,28897,40192,28048
66747,17146,44392,42672
66755,34498,6630,30262
66766,84794,18660,31710
66777,22135,40934,35574
66786,5532,33981,38783
66795,66131,36953,39186
66803,19280,39286,37018
66810,82578,47919,31781
66820,6643,36153,39808
66829,26353,10004,28925
66841,53157,16696,36063
66852,5088,27466,32310
66860,5686,40254,33634
66868,85802,27955,41158
66876,76920,46097,26375
66884,26322,19114,22286
66892,90294,42037,32898
66899,76760,43877,39956
66906,23162,44326,24884
66915,71835,12443,31962
66923,6712,25446,34594
66931,69725,38516,25921
66941,13510,16144,31066
66948,19880,17412,25280
66956,13578,35436,41664
66967,15538,49890,39228
66976,52520,18887,11909
66986,9882,45743,34337
66995,19114,36304,23372
67004,20774,19402,26408
67012,18231,21593,25858
67022,61100,9694,34076
67031,19010,16092,25803
67040,5619,36119,32419
67048,57328,36328,14268
67056,9163,47940,34805
67063,14466,30912,41116
67072,12560,31634,42922
67085,11294,47798,35794
67093,6668,24796,33004
67102,59803,9637,34196
67113,5000,33702,31452
67121,10378,46324,30966
67128,87266,23828,39279
67136,19841,30677,20727
67144,9018,44491,31788
67155,17266,13638,30262
67166,23225,37306,22074
67173,71676,9466,24962
67181,24911,11177,25984
67190,14130,40478,27623
67200,23982,50219,31202
67209,8522,23102,33048
67217,27120,36954,43048
67229,27038,37024,23116
67237,81462,49334,28470
67244,36558,36626,15484
67252,75448,11366,27875
67260,7491,34079,40919
67267,77846,40112,21335
67276,73220,43156,40368
67287,64270,8876,32510
67294,78306,40598,22326
67304,31126,40700,29600
67314,85714,27464,28386
67322,18443,24140,23862
67331,23178,40306,22310
67339,23762,45723,39987
67350,13326,29060,26072
67358,92974,27871,34345
67367,25794,35864,43624
67376,74108,22005,21777
67385,11172,33506,28718
67397,51516,8512,28322
67406,62948,7690,32758
67415,10692,32720,41692
67425,31745,7859,32418
67432,33184,10750,35086
67443,17210,36196,23208
67453,85955,16912,34255
67461,39789,18662,39000
67469,83190,27264,40127
67481,13240,45280,41554
67489,86616,42936,29626
67499,8308,42586,40192
67508,89410,37214,29242
67522,19460,18276,25624
67535,30314,9016,32646
67544,34540,9842,33334
67552,19114,33590,21014
67560,14922,17614,37278
67568,19231,37694,21736
67576,15568,14720,33240
67584,32167,40263,30965
67594,28442,35182,43094
67603,76378,38152,22299
67613,90508,22292,33558
67623,10576,42946,31060
67632,16534,41508,42210
67640,22794,47474,26750
67648,9820,37070,41178
67658,26824,35162,43394
67667,5464,42798,36514
67678,73554,15568,35104
67686,38815,16106,37388
67695,22331,19923,26584
67705,77680,38364,35410
67715,17916,43925,25249
67724,90192,41044,33420
67733,27824,43512,28301
67740,24573,25452,28151
67748,14228,18877,37934
67760,28828,42638,30230
67768,20840,13957,28750
67778,7959,23148,38029
67787,75249,25357,22031
67798,89773,42065,35068
67807,34164,35581,31975
67816,62314,25520,37586
67826,72985,43989,24773
67833,70117,45781,35645
67844,21744,36794,21010
67854,73757,15028,23578
67863,8363,31813,40754
67870,23302,47340,27264
67879,24820,44244,25913
67888,84956,27274,41400
67895,19688,52318,30576
67908,18433,49879,32070
67916,8923,39497,29911
67924,86862,28228,28844
67934,74633,13825,31446
67944,5214,37088,36724
67953,5540,33819,32907
67960,88249,28253,39847
67972,63768,50616,79624
67983,22990,37668,23240
67992,8007,34385,40165
67999,80184,18492,39080
68006,89446,25490,31098
68014,75130,44514,39314
68024,8070,45062,31431
68031,23806,15677,34851
68042,20920,39554,22440
68049,92877,35216,33937
68058,73850,17009,35927
68066,10172,45565,32585
68073,91274,32382,37148
68082,84118,47608,29953
68093,6432,25961,34857
68103,71855,38168,22832
68112,19690,17800,25518
68120,23445,46366,40076
68129,32458,7332,30572
68137,39091,14265,36610
68144,31486,11330,21146
68153,77648,38772,40368
68164,22274,46149,26169
68173,82582,14366,29170
68180,13344,48666,34878
68192,7929,22508,35363
68199,55870,21405,38614
68210,72583,31797,20448
68218,8480,47264,34568
68227,39235,34171,12965
68234,88666,41988,30305
68244,9164,27628,40181
68252,12501,33826,27810
68260,85915,46222,36230
68267,18136,51752,34965
68276,17164,36612,37640
68286,21916,12927,27894
68296,83538,27300,40788
68305,13566,32782,25156
68314,73218,35746,41356
68322,5907,41009,35135
68332,48996,13849,29870
68340,90552,20804,34836
68347,90843,41253,32121
68354,31913,18958,36509
68363,4068,41535,33936
68371,74532,22102,21290
68379,58709,31684,12647
68389,18388,24206,24188
68397,72049,43631,39671
68411,78867,26106,21821
68420,19226,16739,28157
68427,80247,35981,21677
68434,13208,43808,42149
68445,8590,43074,33730
68454,4720,36732,38560
68463,73842,15474,32316
68471,77150,50262,31538
68483,85588,16402,26238
68490,34334,37562,36252
68498,14165,38036,43045
68507,63450,7552,32440
68514,91842,27155,33302
68524,49549,48698,33998
68533,17382,15754,26644
68542,67350,36186,27042
68553,90262,42480,30856
68565,76774,16986,24362
68573,82408,13974,29396
68580,16263,14121,30100
68590,8354,32580,41388
68603,21462,39036,22494
68610,16746,41106,42728
68618,24073,30477,22083
68626,73039,30009,21094
68639,28920,44758,35744
68646,4840,30856,32236
68653,19651,25832,22304
68663,34377,37803,32413
68673,6463,24084,36447
68684,65190,22494,14898
68692,24127,15921,34800
68699,72602,34387,42096
68708,54131,9078,30067
68717,67885,40457,28550
68726,13154,28938,27776
68735,13076,33738,41440
68743,13748,48926,38270
68752,13217,29151,42134
68759,58771,9081,33838
68768,75122,10958,28442
68776,47915,7596,16838
68784,32852,38944,29916
68795,75342,37273,21881
68805,24971,28000,28560
68812,18260,34540,22638
68822,5953,23833,33869
68829,84394,41259,27973
68836,54061,19032,11516
68844,18198,32002,22775
68853,26132,19496,20837
68860,20484,29274,22230
68869,39050,35160,12706
68877,19166,15342,28432
68890,16111,40778,43011
68900,33216,34840,32350
68912,24890,45220,40194
68923,22852,33126,20888
68933,5157,41746,33817
68941,33378,9392,33783
68950,26378,15186,34280
68959,9842,44906,39379
68968,44025,9922,15966
68977,18026,39407,23192
68985,19830,52589,35410
68993,36532,38380,35426
69001,4982,34466,38370
69011,11605,40058,41936
69019,18509,26367,23980
69027,8650,28588,39734
69036,32430,36774,30686
69047,39947,15382,37210
69056,80041,12758,31354
69063,5267,33849,35609
69072,23948,24988,27216
69083,50754,33050,15128
69090,14756,32518,40460
69100,4816,34520,36338
69107,33058,35622,30708
69115,23398,32560,20894
69128,17296,17232,25800
69137,3484,35176,32948
69145,6714,24452,37068
69157,69351,35861,41744
69164,4734,32402,31662
69173,49518,20472,37062
69183,73594,32446,42970
69193,72071,15587,23678
69206,78911,40103,39040
69214,20173,18286,26610
69223,62341,9274,34076
69230,19432,36954,35632
69239,75841,35962,21453
69247,73482,12312,27076
69257,75276,41256,41622
69265,26606,37370,24602
69274,71000,16610,18848
69283,63136,39776,35598
69290,75212,26286,20594
69300,25158,40264,24668
69312,19132,18476,23522
69319,35087,21915,16331
69331,59767,19210,37572
69341,76188,23410,22679
69348,24596,49328,37242
69357,77446,19954,22172
69368,72590,9858,29344
69378,5570,43180,36970
69389,56882,14672,37398
69398,14743,45815,30057
69407,47923,12215,14587
69420,20782,22656,23016
69428,67935,20622,16282
69436,25168,30860,22746
69443,56093,23979,37555
69451,76196,43808,39826
69461,20298,30972,22732
69476,28300,34594,43596
69485,18990,38072,21712
69493,23656,32564,43458
69503,40630,6574,25564
69511,4651,34098,35204
69519,15116,49636,31540
69529,22694,29332,21032
69539,58818,6786,31738
69547,16482,45918,27827
69554,9871,44845,29944
69562,3532,30514,36564
69570,20002,37187,20984
69580,66510,37072,27540
69591,15186,43848,42726
69599,50093,14550,35067
69609,7021,23061,36052
69617,23596,21764,29028
69624,23158,39624,22636
69632,4477,35828,31508
69639,73542,13910,31437
69651,63318,9656,32910
69660,14544,46219,30063
69668,69716,7576,27126
69675,22532,17564,23648
69684,33566,21266,15486
69692,12612,36038,42133
69701,78334,45875,26298
69709,55764,11584,35082
69718,24984,45684,39784
69725,74619,26699,42021
69733,70228,14628,33078
69742,59544,13668,36960
69751,21180,47480,41528
69764,5398,28602,34992
69771,17575,36717,23872
69778,17430,36170,37056
69787,91564,31018,34918
69794,9524,39766,29562
69805,28904,35917,43048
69814,73899,17651,23978
69826,53282,23328,37106
69833,9230,44682,38388
69840,21700,39984,35075
69851,7378,43590,32754
69859,41442,8912,31552
69867,76978,49622,31548
69876,92008,35479,31461
69885,58255,10374,32109
69897,76368,16534,24334
69904,41741,15642,31865
69911,4102,36439,33158
69923,45018,19516,35911
69932,9434,36508,40866
69940,7644,42774,38606
69949,21446,31028,22784
69959,19414,13752,30808
69967,34657,8502,32064
69979,7344,37588,40782
69990,34916,36822,33246
69998,67158,40956,29230
70007,20802,27016,23266
70014,22550,48822,28890
70024,79028,32754,34750
70031,5937,25511,32392
70040,89867,41664,33691
70047,60634,18450,35462
70057,57037,5378,25706
70067,84842,48830,32886
70075,84314,15508,33913
70083,19400,38944,22324
70093,6000,42371,36966
70100,91727,38370,30980
70109,7989,33262,41325
70118,10660,47558,34284
70127,16818,40366,42326
70135,21801,40650,35663
70142,87882,44313,35050
70149,19434,28608,22834
70160,32494,41590,34740
70168,22610,48982,39853
70176,67524,35196,28430
70185,37322,9530,34306
70192,42309,25997,38771
70200,6725,43832,34884
70208,46414,8258,15504
70217,10030,32042,41867
70229,4884,32352,35018
70240,57982,18121,37769
70250,5058,33837,38798
70259,53280,22912,37822
70267,73438,10848,31146
70274,28946,40220,27272
70283,42279,10327,29760
70296,4676,31604,38786
70304,20925,15050,27928
70312,37540,6862,31268
70321,6880,43722,33038
70329,44126,14015,34094
70337,65335,18869,18030
70346,79991,32896,35844
70355,79678,25538,18490
70368,30349,40056,28715
70377,17556,39159,23881
70386,46476,13442,32314
70396,34568,14788,36886
70407,4416,36788,32430
70415,58298,34248,15640
70422,22654,41370,42928
70430,34870,11690,19298
70441,74980,19122,21362
70453,91430,28045,33779
70461,6366,44093,36105
70470,49364,7384,25796
70479,4257,30737,32215
70490,2751,32042,34157
70501,37859,16675,37644
70511,11984,48119,36412
70519,23602,19193,30082
70527,19580,43414,43074
70537,80384,42260,40442
70548,25456,27378,28832
70555,5464,39464,37806
70565,23849,11267,27582
70574,54506,7602,28544
70582,35588,35880,34840
70591,91076,30248,34734
70600,25294,16964,25066
70607,12797,34032,41924
70615,68022,14704,17759
70623,15499,20071,27183
70632,24298,35122,21178
70641,73286,41246,23230
70648,9883,35533,41542
70656,72486,16974,36442
70665,53660,7208,28144
70674,91777,37354,32255
70684,39614,34454,16556
70691,72774,17402,28666
70699,61000,20254,12778
70707,21526,23014,24922
70721,89094,27052,39466
70730,38369,18696,38000
70739,45977,15328,34630
70749,9310,30504,40618
70756,84852,48544,33668
70765,89599,37672,32092
70779,65754,16558,16076
70786,92398,35184,35370
70794,86932,35072,40648
70802,15350,45222,26768
70810,84482,24778,40856
70820,4736,40366,31702
70830,15226,32722,41562
70844,11168,48522,37114
70855,14958,16698,28692
70866,80245,31772,21374
70875,91110,41737,31273
70886,24678,38722,22760
70894,51104,9262,31120
70904,16646,40988,25422
70911,6266,34210,31340
70923,20456,45915,25906
70931,6902,40580,38798
70941,74718,12582,32059
70950,62185,10252,33264
70957,52360,16568,34710
70967,23874,22412,25126
70975,17514,18866,25552
70984,20318,26220,23018
70993,36302,16910,37618
71002,14934,15474,34536
71010,12662,25128,40988
71019,9760,33704,40984
71028,36788,9636,32800
71035,7006,45328,33592
71042,51230,11168,31530
71050,14167,50017,36069
71057,19336,29944,20901
71066,73840,16939,27844
71076,5214,34880,32342
71083,52780,6834,28386
71092,86412,30602,28234
71099,23820,17189,25351
71114,84992,47600,32780
71123,18460,31188,21526
71132,76258,44832,39408
71141,91574,31183,31904
71152,17226,25772,20356
71162,56103,55304,64110
71170,91066,25140,34922
71178,76942,13814,26461
71188,12804,33967,43066
71198,77611,49058,27800
71205,75332,14045,25694
71214,6460,42846,31208
71225,13026,48256,30970
71235,20543,41416,24057
71249,7647,44136,36749
71261,11634,46325,30015
71270,72318,11472,32256
71277,73400,44902,38074
71287,87282,45408,35296
71295,74536,33680,20430
71303,88516,42128,37495
71312,22199,41392,36526
71321,6633,38580,32135
71328,55764,5474,27534
71342,91232,25988,32828
71351,25046,38782,22934
71360,48132,46662,31186
71369,20832,33292,21965
71378,6513,43824,32736
71387,86274,43866,30467
71395,76746,25198,42326
71404,69098,35472,21814
71411,83384,40996,25536
71419,5715,38132,38065
71426,43645,22805,37898
71434,76157,41030,21012
71444,29128,7782,28782
71454,15108,44264,26834
71468,84726,29654,40864
71476,57791,33551,13751
71487,25634,38950,23522
71495,12156,31420,41768
71502,16819,34169,23359
71509,52340,6063,26998
71517,20828,43484,41338
71524,76670,18822,39334
71532,23402,37962,23308
71545,22176,13395,26832
71553,71929,32636,25032
71560,91951,28238,36080
71567,89009,22119,37055
71579,90416,35144,31390
71586,82142,36218,40258
71597,11116,48618,32690
71607,80888,27720,42268
71614,75534,12296,26576
71625,18896,14450,30776
71633,50362,21178,36544
71643,8298,29807,39805
71652,21538,29490,20748
71661,79927,34025,22545
71671,13793,50212,35951
71679,12558,43738,41852
71686,81120,45252,39184
71694,3824,36768,33125
71702,14006,27679,42657
71713,74234,14232,25424
71723,3604,27546,33752
71730,12952,49218,36674
71740,87698,18874,35166
71749,14989,43112,26090
71758,79968,31137,22379
71769,33968,20859,14674
71777,91793,36211,36112
71785,66050,18527,35233
71794,77623,47178,38079
71802,54284,34016,14119
71811,15068,36254,41728
71820,87274,47004,33632
71828,4848,39022,32250
71835,4404,31786,34196
71843,66812,7384,30766
71850,11705,22144,38872
71859,9678,37235,41950
71868,27478,45556,31042
71879,8071,21662,34661
71889,8881,44699,37984
71899,5129,40355,35916
71906,85362,39386,27518
71915,31760,39064,26866
71923,75332,35078,20306
71932,60340,6984,31470
71940,43409,64066,89161
71947,18444,17342,27000
71957,4954,28328,36898
71965,18977,43447,24043
71973,29554,38798,25790
71986,23189,20099,29314
71994,54688,18490,34910
72004,14530,26568,40616
72012,20586,44750,41250
72022,5438,35122,31294
72032,36536,10966,35548
72042,73388,40560,22822
72051,73004,9556,28306
72064,23261,18061,29799
72074,93058,26764,33138
72084,17116,52652,33524
72095,13024,49867,34032
72106,3258,30047,34784
72115,67402,18874,18674
72126,18376,16982,27238
72138,19533,17016,25824
72146,19936,35260,21283
72154,10470,48716,33494
72162,29645,34098,27217
72172,92670,37422,32262
72180,70461,23257,40037
72190,4882,38944,37296
72199,93356,28784,33278
72207,82743,41877,27780
72214,27652,32206,26344
72223,5448,37202,34512
72230,37877,9206,32170
72237,69990,37207,41914
72244,14631,37907,41774
72253,22997,12748,29808
72264,73388,44606,37362
72271,80560,37458,22442
72278,6846,35304,30470
72285,76415,11973,28021
72293,5344,41430,35364
72301,9708,43911,30346
72311,5676,23240,34430
72322,78820,45438,39518
72331,24246,39140,23020
72339,88161,23106,38456
72349,83372,22094,39980
72358,3672,36024,35613
72367,8727,20795,33836
72374,16268,46624,41746
72381,6177,40233,33456
72392,19859,47645,26404
72403,79674,13784,28047
72413,20620,35348,20826
72421,20616,52586,32758
72432,6078,41191,31365
72440,75889,11835,29808
72447,57595,18063,38651
72458,28916,16225,35082
72467,27843,27311,17745
72475,50159,48957,26940
72485,92026,33999,29961
72495,33816,9496,33554
72505,82362,49204,28708
72517,18720,18005,23937
72525,66826,37130,26504
72536,71676,30462,42792
72546,77292,43090,40930
72557,80878,50102,30494
72565,15566,21174,23014
72574,87902,43254,34301
72583,23444,34458,22584
72591,71815,14149,21727
72600,17660,21198,23488
72608,22286,45440,41532
72617,24121,19102,23596
72626,12455,33557,25857
72633,11576,46994,38078
72644,58238,35428,14814
72653,5045,32669,33807
72661,52008,44606,105331
72669,43548,9778,31282
72677,19294,53216,34456
72684,60193,16558,37576
72692,81724,24434,40418
72699,8111,44229,36752
72710,26422,39002,25514
72720,88888,20582,26908
72738,6209,41375,37207
72748,5288,37714,37378
72759,22633,18070,31532
72769,82730,13810,31304
72782,26840,34844,43060
72792,61895,35440,34964
72804,90238,42554,34700
72813,5403,42035,34411
72822,32194,37116,30406
72830,26171,39846,24510
72837,9874,45553,30694
72844,21908,31253,21900
72852,8740,45134,38928
72861,14227,27425,41887
72870,27634,23034,17736
72878,3533,36338,32215
72890,76734,12642,31514
72898,22278,17192,22728
72907,82498,26496,40294
72917,79704,50144,29687
72928,21608,30676,20620
72939,40616,12826,34936
72953,86447,47424,33955
72963,29195,19666,18184
72972,92188,37208,30532
72980,21136,52356,36610
72989,2745,34871,33810
73000,82370,14393,30111
73011,25752,15725,34842
73023,20208,13468,30212
73032,66118,35678,29133
73039,42636,10234,29913
73046,17738,39182,22322
73055,91368,33298,31220
73066,5568,37402,39608
73074,7891,42824,37466
73083,86632,30516,28594
73094,77064,39166,41692
73104,30822,35638,40610
73114,42830,8950,30378
73125,64508,9168,33220
73132,67327,40458,27989
73142,6990,24002,33508
73152,6082,35896,34372
73164,70433,15883,20614
73175,75396,46914,25144
73184,19500,31173,21816
73191,38493,9388,32112
73199,79354,24702,40612
73213,43451,16141,35207
73223,9152,31184,41406
73231,74628,14552,21634
73241,20643,50129,28415
73249,72276,15062,34904
73258,16576,33158,23552
73270,19915,52483,32659
73280,28310,40858,28626
73288,45464,15712,35022
73295,19876,18030,23957
73303,29374,35330,29238
73312,49722,10252,30927
73320,13266,34300,42448
73328,19438,43624,22896
73337,54700,10291,31806
73346,19624,31634,21458
73354,60738,8496,33668
73362,76128,15806,25530
73369,76730,35318,41498
73377,75186,18332,24398
73385,12638,34294,42836
73392,17214,28017,36894
73402,8056,24124,32748
73410,38895,8201,30299
73422,67832,10580,32081
73432,21745,28302,21877
73442,38602,10388,32222
73449,8820,44226,38960
73458,89282,39650,34402
73470,5129,40562,32002
73478,11476,32147,42560
73489,24212,20760,27148
73497,17700,47124,29358
73505,71535,26901,18056
73514,86040,47747,34596
73526,5580,37198,33078
73538,19492,51346,28724
73546,20284,45424,26288
73558,11730,48716,34514
73568,14604,36960,24728
73578,74689,12156,31523
73587,14552,44428,27348
73596,21852,52488,34185
73605,51925,46555,35400
73619,14304,33430,42953
73630,80514,16270,37678
73643,73756,18002,28185
73654,73516,41324,34276
73667,25273,18671,32037
73675,15348,17558,27906
73682,75405,20131,21779
73695,12011,46344,40276
73702,19980,21434,22360
73709,20266,44572,41890
73718,75396,19506,20688
73727,22850,49642,28250
73736,17184,28822,20320
73746,88804,21605,37897
73755,8900,19376,28892
73763,73684,44016,38946
73777,73976,11162,23166
73785,11658,26234,41536
73795,4480,32578,32926
73802,4642,29148,33592
73811,74131,40986,22226
73821,64708,18924,17632
73829,80356,16056,37415
73838,11358,32114,28466
73847,75576,14708,32434
73856,75656,15058,23754
73864,57442,63454,81834
73874,20444,43478,40788
73883,40105,22916,37414
73890,8524,41616,40516
73899,9672,29850,41108
73909,41470,36284,13192
73920,91064,37190,31738
73929,11268,39616,42678
73938,78440,36101,41825
73947,18900,15997,26674
73958,34542,20173,36994
73968,5310,29830,34419
73980,91332,37376,34636
73989,13350,29038,41160
74000,17239,41842,43410
74008,72876,16954,26926
74016,55917,11369,34649
74024,65030,8940,30942
74036,89496,23546,34866
74044,24733,38003,22845
74052,61455,25980,36621
74060,26586,41570,26212
74068,5178,29086,32422
74076,83048,33292,39985
74087,17540,47732,27102
74095,57244,24750,37548
74104,46724,22568,37042
74112,11141,29360,42023
74119,44521,13534,32040
74127,44063,22949,37053
74134,80620,40868,40594
74143,4942,25678,28702
74152,14144,25858,41380
74163,14577,28850,42024
74171,78006,45549,39741
74180,80868,34814,22750
74187,71616,10396,23376
74197,78016,40275,41107
74206,24358,19482,27624
74214,9764,38033,42068
74224,42892,28926,38488
74236,22987,45944,25565
74246,80232,34376,21102
74254,91242,38120,29696
74261,16577,15345,28169
74273,81336,28220,42264
74281,63134,34732,31224
74291,2620,35190,34764
74302,5732,34045,32355
74311,78944,20256,39018
74322,71094,35608,25000
74331,77642,18652,39214
74340,22330,45802,24908
74352,83438,19845,29852
74363,58829,21969,37750
74371,8862,39682,41482
74380,34127,9953,33180
74390,88490,23400,39106
74400,17341,25169,23840
74407,18536,24438,24488
74414,27598,45340,30041
74424,20151,15925,28527
74433,21392,20246,26686
74442,23684,32376,21280
74452,21788,17358,37476
74461,35908,15036,36678
74473,83818,17641,37580
74480,48723,12378,27967
74491,14706,34925,41811
74498,6093,24846,34980
74505,21385,33885,43778
74512,73973,16536,28774
74521,18880,50130,28017
74530,76000,12947,28969
74541,37080,9318,19786
74551,40554,28432,38332
74559,65016,37952,27933
74566,29840,23551,38415
74574,77748,45307,24334
74583,82424,41304,25048
74591,64773,38128,28507
74599,30342,23408,37438
74607,39570,6018,26242
74614,82952,43122,28324
74625,52246,47179,24193
74639,24097,49169,38475
74651,68558,39780,27016
74662,6996,40924,38704
74673,14478,18428,28352
74680,14890,17214,27268
74687,77538,13738,25780
74695,8167,22882,37867
74704,11904,17833,34314
74712,77972,47168,28886
74721,35302,16392,37128
74731,15942,38698,42518
74740,38193,9569,32302
74749,34248,34650,35146
74760,55580,13370,36360
74770,90254,36405,37855
74777,51207,17808,33810
74785,65791,20267,36254
74795,6619,44052,35665
74804,20362,21108,23402
74812,40844,10882,31040
74820,78188,32005,19749
74829,77186,12872,26780
74840,7560,42029,34619
74848,85917,38958,29402
74856,52588,11482,13510
74866,24812,25482,28524
74876,20702,24320,24266
74886,75560,11950,27741
74894,13758,19949,38815
74903,91100,28908,37018
74911,14223,30430,41718
74922,85252,19811,23359
74932,5274,25026,33206
74940,13419,32117,41250
74948,18775,14094,33049
74959,39992,39181,36954
74972,75776,38405,22381
74984,86182,30680,41224
74991,23530,38782,22344
75000,10814,17634,32746
75008,23026,49722,28590
75017,20422,15490,30926
75028,73054,22086,26241
75036,78920,40878,41046
75047,81404,38784,40824
75055,19744,15540,34296
75062,10299,18123,32707
75071,92081,38326,34077
75079,82110,42942,25357
75087,4017,28656,36219
75094,79338,16814,26091
75106,37510,17262,37488
75115,20768,15650,27782
75126,25553,49150,35905
75133,12988,28500,41290
75141,53010,10318,31364
75148,56189,16820,36220
75159,23230,47178,40700
75169,6414,39948,36924
75180,42291,38047,15856
75190,25120,20846,31400
75197,71688,16490,22610
75206,83656,20350,39436
75215,20524,14850,28500
75223,63030,38904,33354
75234,4648,36049,31862
75242,67944,19732,34984
75251,7736,42290,33838
75258,22021,44176,23595
75267,12143,29463,42287
75277,38723,40065,15651
75285,70839,14612,20048
75294,77772,20381,36765
75302,73096,18067,24205
75313,68962,41312,27170
75322,19606,32197,22172
75333,25052,11704,25686
75342,34546,31818,38403
75353,19714,47624,27592
75364,87970,41176,28570
75372,5214,34450,36826
75382,84262,15706,32246
75389,75046,15314,26878
75397,7219,43497,37959
75404,88126,46156,32764
75414,91584,39603,32111
75426,13326,26956,28330
75434,29470,38558,41534
75444,7599,43909,32930
75451,41592,23859,37696
75461,91648,25995,32319
75472,21174,37892,22257
75479,18167,25819,23959
75487,65372,36348,26996
75496,80480,21692,40017
75503,10964,38234,41768
75512,19465,51934,31570
75520,87972,18045,27322
75529,13528,26726,40796
75536,15763,24049,40495
75547,81346,37722,41420
75556,86928,17638,35600
75567,8624,28950,40722
75578,36586,9402,33612
75588,8734,20744,33480
75596,24834,10586,27192
75603,53776,21536,36945
75611,60330,8883,33838
75620,70050,40638,25885
75629,52240,7260,18836
75638,14327,37894,43485
75647,56642,43512,23444
75655,76856,36061,19700
75665,19952,40360,37000
75673,19824,45192,42382
75682,69810,12088,20636
75690,8818,42822,30128
75700,4520,27286,37224
75711,10376,47548,32390
75720,92406,35558,32322
75735,53597,22029,37832
75746,12927,31820,41564
75753,19008,47990,27755
75762,87353,46071,32650
75771,4631,33999,38444
75782,57691,10160,34379
75791,78478,38316,21408
75799,6734,22850,34566
75808,28690,32650,42954
75817,5706,31396,39518
75825,5382,36750,33758
75833,55584,54756,63414
75843,20054,40540,22525
75850,54610,20904,38159
75859,90165,43052,31915
75866,21492,40844,22540
75877,20894,43418,24896
75886,27999,40026,25530
75894,20546,51157,31921
75903,79857,49645,27509
75910,73608,45215,38070
75918,86486,17218,35684
75930,13875,42788,42378
75941,18766,43296,42097
75951,87098,44458,37080
75959,11604,20209,32518
75969,69452,31010,41710
75977,81196,28678,24694
75987,10274,18528,28684
75997,39618,10760,32580
76004,82163,30138,40732
76013,4057,31583,36086
76023,33892,9210,33910
76030,77350,37782,20259
76040,85730,39128,40264
76047,28715,10115,33309
76057,31758,18582,16916
76065,25032,23046,40658
76073,24964,32254,21504
76081,80284,25350,41562
76090,15200,35662,41048
76099,12698,49426,36372
76107,15222,34640,41224
76117,80740,13776,29935
76125,20705,15978,24053
76132,22059,41507,23885
76140,15168,35364,43308
76148,15394,36872,41320
76156,71240,11795,23210
76164,91730,24794,33534
76173,6053,31635,31238
76185,72628,22258,27712
76196,37952,38322,16665
76203,61723,13424,35893
76213,43200,23105,37770
76222,76155,16917,25295
76230,88125,43144,29982
76241,76814,42568,41210
76251,46222,13878,31503
76260,13441,29843,42299
76270,25290,41088,24544
76278,16015,41276,42815
76287,58542,14834,37272
76299,55592,9320,31358
76309,58412,9962,33286
76317,32780,7658,32470
76324,16920,28011,36477
76334,20514,52260,34214
76342,66735,42491,30205
76350,16243,42108,42691
76358,78435,16057,27227
76366,20268,27120,22658
76374,23122,36948,21969
76384,16205,52025,33168
76394,25296,16786,34662
76401,67986,13515,32991
76412,43014,33820,19760
76422,76261,28745,20176
76431,58696,7790,32150
76443,36904,9677,32159
76452,25484,49046,36308
76460,12788,21064,38624
76471,73428,32506,42356
76480,24317,43814,25197
76488,58385,8757,33792
76500,73486,45723,37847
76508,58934,7012,32136
76516,14928,51158,32682
76523,37886,13927,36940
76530,7954,21771,33152
76539,72362,23448,19128
76546,7116,43384,33831
76556,8732,44246,35772
76565,6126,23851,34264
76574,33552,25050,16628
76581,80718,38554,23244
76590,21981,24863,23869
76599,91939,36313,30980
76609,24809,49822,36216
76618,72122,43353,39512
76625,90456,32676,37416
76633,91868,36260,32492
76641,86771,44978,34168
76652,76952,26432,41772
76661,10798,40876,42426
76671,6348,29980,31978
76680,79443,32799,20203
76692,42701,7280,28098
76703,15991,19570,39471
76711,63687,33334,31885
76720,23484,46618,41206
76730,23990,37350,21854
76742,4026,28158,34467
76749,13728,50738,31406
76758,91034,24532,31860
76768,74284,46262,26140
76779,6876,25388,33592
76786,24342,47400,27756
76794,5212,27118,34202
76805,26962,33957,43644
76816,6837,22597,36116
76824,7185,27503,31849
76834,7064,24746,32862
76841,14654,35720,43426
76852,22704,17426,25060
76860,32045,38851,28777
76868,14474,51406,32464
76881,76376,38328,20510
76888,50462,17308,34630
76896,64310,37798,28056
76903,14964,15640,31678
76911,27024,40940,42742
76920,75546,42157,39598
76931,45796,8855,27060
76940,84376,27910,40592
76949,56570,8808,31054
76964,85422,14852,28858
76973,33944,9036,33011
76982,85054,48526,31520
76992,61356,30610,20484
77001,74294,23740,20754
77008,8892,43430,38970
77017,22270,16822,32248
77027,5447,30015,37578
77040,71344,16194,24714
77052,13720,39714,42916
77060,30658,10394,33546
77068,63881,8151,33067
77077,15474,14330,31464
77090,48308,13532,32830
77099,74103,16124,20559
77113,78762,41086,21364
77122,72876,13586,22854
77131,35235,16139,36820
77141,18474,24422,22478
77150,66904,41336,28506
77159,24582,35386,22974
77166,33264,39368,30568
77175,84692,25846,28388
77184,22732,50042,29764
77194,17750,14502,29064
77203,89622,22514,35344
77213,60752,38666,19442
77222,40099,27620,38902
77230,86218,26518,40790
77238,19225,14018,29686
77246,43234,20500,35374
77257,13488,36390,43210
77265,22820,33680,21968
77275,15465,46235,27163
77283,20400,27444,23584
77290,75829,35771,41462
77298,90466,26464,31378
77306,71931,16814,29814
77313,70787,9922,26144
77321,25899,37097,25829
77329,67847,36061,26716
77340,8937,19851,33637
77349,53909,56461,66516
77359,77602,43660,23054
77367,65918,7725,31770
77377,49440,14444,31320
77385,20953,37372,21906
77393,70023,39637,40514
77405,6686,40930,36770
77416,89577,43764,32315
77427,80109,17594,23088
77437,26377,43058,25882
77445,66117,37293,27545
77452,17839,13643,29485
77460,15296,41186,42508
77472,5710,39380,39206
77481,36634,18352,13316
77489,16732,16732,27636
77500,13417,50035,37256
77511,24327,41974,36144
77521,30438,36610,26648
77528,21665,35993,22369
77539,58496,10460,35438
77548,73863,40976,23059
77557,15358,34854,42822
77566,9763,44532,39932
77579,11569,32814,27915
77587,91973,34163,36588
77600,9886,30985,29492
77609,40552,34744,13700
77617,79176,22068,41132
77628,55743,10135,31245
77637,40822,13168,35508
77648,91116,34290,30202
77656,70617,16347,19946
77663,17936,40938,40872
77674,26588,15244,34856
77684,6948,44234,37928
77691,16612,43977,42664
77701,41089,16694,33903
77711,21213,25246,24081
77721,16841,42129,43145
77728,17810,52300,34517
77739,74770,12910,31290
77752,27540,40986,26198
77760,33937,11230,34965
77769,14522,51576,34270
77779,13861,33839,43359
77793,76520,15973,25721
77806,37424,38861,17827
77813,81981,48537,32902
77821,47660,10200,26498
77828,76526,38438,34532
77837,67676,41308,29402
77847,9696,25264,23262
77856,13184,49764,37446
77870,92570,35762,34728
77879,78756,15548,27082
77891,21324,38226,21300
77900,29180,39839,27223
77908,20460,36770,21408
77920,5320,43548,33058
77928,3901,26801,33505
77938,89114,27550,39156
77949,85816,15930,31775
77958,3118,34110,32706
77967,63404,7222,31232
77976,29952,23158,37546
77985,79030,24831,41989
77996,20270,29270,21090
78006,5662,25892,34127
78014,16942,40622,43302
78022,67146,36476,26318
78033,89320,25240,31576
78044,9044,35392,41344
78054,77526,16078,24810
78062,18132,14795,34471
78071,72984,44262,39592
78078,79769,46048,25015
78087,34806,35808,32575
78100,18298,49698,31658
78111,6590,22372,34133
78121,42244,10231,32271
78130,15800,19201,27854
78140,84354,14572,27550
78147,33414,13104,35935
78154,82272,49782,30608
78164,56611,51539,128617
78172,5978,35624,31398
78186,79384,14217,35142
78195,7268,41232,33592
78203,32154,9592,33643
78213,80253,44678,39866
78221,19602,49160,27422
78229,22392,35652,23134
78238,26527,46111,38699
78249,15894,23170,39614
78258,20051,48111,26938
78272,86200,16680,34828
78280,77772,41363,41440
78291,17888,16573,25329
78300,24958,42442,24926
78309,11354,24404,30382
78322,75091,48116,26849
78334,17482,34868,22396
78342,56798,5406,26328
78353,3921,27773,36299
78362,57390,34085,15124
78369,73726,11579,22683
78380,17366,19672,24828
78389,60038,16837,14475
78400,89072,23212,32246
78408,17302,46360,29962
78417,16037,24310,41591
78425,17986,18647,27012
78435,80232,37551,22130
78444,84388,31296,41336
78456,12373,48177,34620
78466,93138,29210,35738
78475,14704,27322,42442
78482,6153,41847,35454
78490,9528,46954,32516
78501,73612,16942,28554
78509,80314,30612,42440
78516,31084,41760,30406
78524,19424,24552,23294
78532,8314,45776,32822
78542,25153,18110,34456
78554,90946,25758,33536
78561,11036,35118,28214
78577,64754,19032,16211
78586,16163,20131,26400
78594,78502,36452,19734
78602,76382,42232,21825
78613,31646,39736,28524
78623,89370,19961,35548
78633,81004,13000,31160
78644,18401,34142,23189
78651,33422,37294,31116
78658,55828,25957,38432
78665,17720,13328,30542
78673,29598,7852,31301
78682,45016,46990,31014
78694,79714,30502,22197
78702,19972,45124,24103
78710,15034,35202,41694
78721,76347,15795,22207
78732,23440,30720,20950
78741,87786,44706,32358
78750,4345,34890,36103
78758,18149,49257,27402
78768,39416,9826,31127
78778,24123,40214,23231
78788,3581,33988,33726
78795,19508,50650,29020
78803,33012,15484,35154
78811,39769,14591,36346
78820,10918,33684,42550
78833,21910,14580,32781
78842,77510,23646,21552
78852,7524,23282,36998
78862,57886,15682,37824
78872,59832,11255,36239
78886,10624,18658,33468
78895,14348,27542,42300
78905,9935,31093,41441
78913,52014,23058,37005
78925,9018,28020,40267
78935,5113,30543,35868
78943,17787,40136,42585
78950,7848,22072,33975
78960,14127,17389,36912
78968,17165,41456,23799
78977,89710,21343,35830
78987,13104,38682,43148
78997,31768,9186,32993
79006,10750,37754,42718
79016,65241,37892,26488
79026,20148,43214,22973
79036,6910,38655,31886
79044,58749,55896,65744
79052,57830,9077,33949
79066,10290,37218,29078
79076,19878,53209,33888
79083,20757,36157,20730
79093,83876,16137,36298
79101,68893,27387,41975
79111,17624,40452,23472
79119,21991,38737,21997
79131,18159,47205,28173
79141,9159,32305,41891
79151,19256,43726,41815
79160,10652,40502,42356
79173,22731,46059,41360
79180,22070,25867,24480
79189,16498,26852,37468
79198,59870,5716,30406
79205,18085,44958,42509
79214,21444,45534,42342
79224,57308,7394,32232
79236,90860,25008,33002
79251,23234,18340,31494
79259,18579,36408,42004
79269,51365,28110,37485
79276,69873,7592,28403
79287,40576,11793,30060
79294,19606,43942,42024
79302,18932,52778,31140
79312,86040,32949,28292
79321,6388,31834,39015
79329,16853,28180,23894
79340,18666,15258,30153
79347,49616,14037,29964
79356,87990,42645,35986
79364,38888,10466,34618
79372,33511,7653,32085
79382,71010,14630,19532
79392,79230,38061,20996
79403,47020,61316,69898
79413,14932,34718,42838
79425,80663,26110,40799
79434,83680,26888,26718
79445,83407,35952,24592
79455,29986,21802,16950
79466,31964,38176,26900
79474,21480,24374,22272
79482,22631,31846,22586
79490,5888,22641,29112
79501,6692,42756,35444
79509,80146,14222,27395
79523,12251,29767,42087
79535,65300,35434,25370
79545,19764,23096,22240
79559,14287,35504,24958
79570,88478,24058,39109
79581,18863,17274,38028
79590,41246,11748,32824
79598,77929,40288,21022
79609,50579,15580,34188
79620,8651,21941,33606
79628,7624,23326,33192
79639,47710,8836,26632
79646,13118,41544,28284
79653,33891,11276,35515
79664,66014,6484,27599
79671,7646,23124,37744
79680,9040,45048,37232
79688,70453,43141,26004
79697,17915,51497,37413
79709,43210,9827,30711
79718,19720,17050,25062
79726,74987,21915,19710
79735,35824,14738,37556
79745,43358,7524,27658
79754,29815,34524,41455
79763,33560,40191,31112
79773,72168,41592,23714
79783,59884,6593,31973
79792,8890,44932,35262
79799,14978,26662,42338
79809,5802,31614,39173
79821,40984,11471,32102
79829,26860,37732,25684
79839,50819,8243,29353
79847,4528,29970,32767
79857,79034,18958,39156
79866,13296,50246,35900
79874,75268,47244,37562
79883,25843,26370,43006
79894,8412,42718,38266
79903,74284,45878,38186
79912,8881,20651,36072
79922,20955,31830,22993
79931,36508,9228,32212
79941,33502,40144,32546
79949,13788,23144,40934
79958,81750,40685,40741
79970,33740,40044,31508
79977,4768,29228,37488
79986,3945,36018,36467
79995,75294,41498,40744
80008,29436,34506,42294
80017,4684,32790,36410
80027,37919,8608,31830
80037,22942,49662,29014
80045,63804,38151,29886
80055,78133,38644,21828
80064,23630,48812,28922
80073,34717,38085,31216
80080,12548,29800,42768
80088,72344,27855,42540
80095,18887,40363,43445
80105,20620,45224,42654
80113,73157,28965,20074
80120,35521,17831,17186
80129,74504,34246,42268
80137,15412,40352,43404
80145,33242,34610,30898
80155,32630,14432,35254
80169,81829,44564,25464
80177,7739,45922,31766
80187,16428,50396,39056
80197,17866,33203,41626
80205,19212,25244,22046
80217,4664,40651,34161
80226,16211,17953,27495
80235,88526,22390,38676
80243,16678,19224,39332
80252,23582,31316,21879
80261,19265,20280,23836
80272,20800,23466,23044
80284,23792,38452,22081
80292,76041,47293,25839
80300,9480,26676,40264
80309,55946,11794,34843
80319,16172,42763,42713
80330,87877,28704,39661
80339,73563,22292,22144
80347,82626,42760,25848
80359,18570,47606,26796
80368,81660,15030,29126
80376,4821,34040,33401
80385,8438,47016,32008
80395,57556,13572,37314
80406,26980,46490,38250
80414,83122,27188,26924
80423,11608,18300,33418
80432,23332,19300,29316
80439,91395,38054,34855
80447,29618,39332,41392
80457,77861,40798,40427
80466,80704,21486,40636
80476,13502,26660,28260
80484,22145,41004,22654
80496,70864,15406,33166
80503,20402,18194,25917
80513,4430,35440,37578
80528,13304,33350,43092
80539,30239,13376,34346
80546,26139,31897,26156
80558,90835,22193,36023
80566,60354,14658,37338
80578,19270,15771,26012
80590,25764,34782,43556
80598,16992,25326,24262
80606,6245,24608,33868
80619,9348,30884,40800
80634,75014,38396,21096
80644,84093,36114,41082
80654,18672,41628,42290
80668,90100,20714,35018
80676,91945,30014,31946
80684,46702,46704,36466
80692,4772,27295,35990
80702,10099,20122,36784
80710,88418,44610,31006
80721,80654,48688,26856
80730,41882,11996,31215
80737,6756,39366,35732
80747,60583,11443,36127
80756,15694,15416,28878
80770,15659,32756,37924
80779,54274,9725,31806
80788,18142,18026,27478
80796,84720,15532,33242
80805,92838,28290,33684
80814,60360,10768,35698
80823,70866,43350,39238
80831,15056,22210,40184
80838,13804,30874,42888
80847,19700,28830,22610
80858,82966,17623,37923
80866,16948,39394,42688
80881,9468,40240,29288
80893,15744,14930,32994
80902,70320,16744,34163
80911,20219,30248,21516
80920,68114,39164,24735
80928,19508,28416,21652
80936,63224,33094,33504
80947,4912,40756,32398
80954,56790,33877,12491
80962,18868,15168,27542
80971,17130,16654,25774
80982,5346,42660,32714
80989,25312,39772,23252
80998,12912,15476,30950
81005,41980,10987,30239
81016,24524,31742,22688
81024,85926,17543,26103
81034,22380,14226,29772
81043,3266,34810,36834
81054,15916,24388,40359
81062,8029,47034,33841
81070,80406,19322,39166
81078,68073,19615,36462
81086,3116,36520,33758
81093,58708,6354,31148
81102,74812,35004,20452
81112,66950,32314,27980
81120,5680,36870,39839
81128,69987,37346,24815
81136,4584,36722,37212
81145,66351,42066,30799
81153,34394,27837,17376
81162,19075,17984,24900
81169,12223,26254,41483
81176,45408,12540,30500
81183,19984,20078,25898
81193,68457,42117,27015
81202,32232,12286,35014
81212,21838,17010,30530
81221,68396,41480,28196
81230,47644,66760,95068
81240,21336,27466,20464
81247,41704,17703,37530
81260,78205,47145,26041
81271,76198,17349,22191
81281,81230,46388,38402
81290,20618,38322,21554
81299,42801,36915,16231
81308,77542,41306,21186
81315,2812,31128,35636
81326,84172,31090,41650
81334,41018,15386,36680
81341,4504,25766,34996
81349,52975,8115,29916
81357,90073,24396,32223
81365,23214,39518,23094
81372,5350,43030,36182
81383,8056,42033,32833
81391,11300,34688,42470
81399,85256,47974,30075
81408,8584,29915,40344
81417,49092,10658,29706
81429,11008,41695,29928
81441,89880,42110,33829
81453,38260,17355,38121
81462,14799,24610,40173
81470,65272,20574,15158
81479,18719,51830,35716
81487,18454,17966,25194
81495,77929,50281,32289
81504,14099,32572,41893
81513,9618,29234,41222
81525,69796,36428,23090
81534,46068,21961,37079
81542,21092,17434,22900
81550,15611,45856,27426
81559,91099,23814,33557
81568,35945,17819,16143
81578,6811,40122,32949
81588,47386,64456,74048
81599,77108,30602,21376
81608,75204,43300,22586
81617,85589,16102,27310
81624,72057,22464,40942
81632,77431,26926,41837
81645,56554,12623,36104
81656,36244,10489,34084
81665,76436,29722,42484
81673,51665,17938,33970
81685,77523,21069,21978
81697,43358,36262,15520
81708,6682,39718,38786
81718,43442,42494,16086
81731,29597,17922,18734
81740,59538,6566,31648
81751,83400,48786,30133
81759,19849,52662,34972
81768,11657,46705,29844
81778,19974,33206,22260
81788,9636,18610,33426
81797,26671,41918,42558
81804,7134,41402,38558
81814,74838,14205,31127
81821,72880,19518,24698
81830,72090,35322,42200
81839,50452,8768,16332
81852,4784,39712,36536
81861,12856,17636,32440
81871,89390,22604,33758
81878,81536,15502,28106
81887,12922,42472,42554
81899,13084,30314,25216
81907,73758,16182,24792
81919,84150,28534,41036
81927,17139,21485,40092
81937,23831,31670,21715
81946,90910,22069,34848
81955,81804,43684,25513
81963,7668,41232,33322
81972,30946,40862,30664
81979,30519,10690,33796
81989,89008,38296,28692
81998,72726,23060,18228
82005,82770,26216,41516
82020,63840,27285,16200
82028,55760,10387,31927
82036,75039,43816,39692
82048,19778,32934,22704
82057,84544,47720,35304
82066,88686,24966,39518
82076,88230,44821,34052
82083,3127,31117,31940
82095,76240,49618,30588
82103,26001,24300,41857
82110,69558,32774,42496
82118,38069,8404,31460
82126,24718,36368,23022
82133,19615,33234,22062
82141,91570,28396,33512
82150,6958,24660,36728
82161,39128,11558,35568
82168,3386,35762,32846
82175,34679,38165,35713
82185,15154,16726,27604
82193,30176,35719,26986
82204,30562,41000,29374
82212,17381,19035,25947
82223,93404,32688,31578
82234,9190,28892,40334
82243,16512,52160,35400
82250,16164,22436,40719
82261,34277,21927,15291
82268,17083,14015,30413
82279,5312,31436,38312
82286,87899,19922,36804
82298,17562,49558,28886
82306,41272,6846,26592
82314,15657,38183,41650
82324,22180,32768,22796
82334,19473,26328,22137
82346,15640,34704,42570
82354,87352,27404,30090
82365,90688,30442,32584
82372,82832,17048,37584
82380,19404,48600,41136
82388,19314,29322,22924
82397,26199,11344,25517
82404,22154,48362,28130
82413,16027,37635,42324
82423,10152,28653,41432
82431,79346,44520,40109
82439,84198,20266,38634
82450,3854,28493,30713
82458,21232,50770,28444
82466,19800,27570,23528
82476,85846,16256,34821
82484,10802,33708,28806
82493,5096,26737,33973
82500,13144,33716,43066
82511,9967,44393,32155
82522,63298,35948,31579
82534,28614,9138,29530
82542,15816,23079,41044
82551,7818,42792,31400
82559,71426,47346,33188
82568,4420,39094,33508
82577,4500,37404,32960
82585,64474,41380,32388
82593,3872,30846,36593
82604,77800,42830,21620
82613,46277,10878,28363
82621,20984,31272,22386
82632,76290,13292,25594
82644,42190,13937,31892
82655,86984,25466,40270
82662,92641,36053,30766
82671,19468,33782,22514
82680,4583,25880,34623
82688,24046,46038,40452
82696,9078,19400,32031
82704,18814,35218,22374
82713,76103,11871,29445
82724,21986,41642,22756
82731,6557,40156,36457
82742,7324,21048,33526
82750,14688,19340,38386
82761,58424,8654,32738
82772,44423,9821,30471
82783,74926,44778,39432
82795,61450,18406,35404
82807,11807,48394,32116
82816,68854,19718,34512
82823,10962,38468,29266
82833,20750,42678,42835
82843,67116,21748,36686
82851,18194,15181,30319
82861,85824,47396,35134
82869,75628,24009,20631
82878,65306,37712,28600
82888,72900,36742,21344
82899,66085,35017,28092
82906,38935,8632,32044
82915,20053,14706,26044
82923,22778,17486,31478
82933,79876,35018,21098
82948,12892,31244,42388
82960,72736,14990,26780
82967,18186,22256,24272
82974,20565,14780,26128
82982,76534,16332,25348
82991,91135,29765,37823
83000,6442,44080,34762
83011,6936,41125,32021
83023,92676,35020,33340
83036,79818,12602,30345
83044,37804,23639,36632
83052,31430,8730,33238
83060,7909,43031,35736
83072,56536,9122,31760
83081,70358,23190,40334
83092,80699,30128,40611
83106,15354,50542,36093
83118,73979,31145,22155
83125,15566,35048,43572
83144,79452,42814,23076
83157,8316,20663,33943
83165,29359,41835,28538
83175,20626,42620,41628
83182,75588,12194,31505
83189,26966,45732,37919
83196,19342,28374,23120
83207,11957,17559,33516
83215,22636,17399,31836
83224,12757,33790,27486
83233,67465,37830,25339
83242,32414,38786,28092
83250,82310,41620,40798
83259,67538,19178,15805
83270,57383,10075,33498
83277,53964,18010,11485
83285,91620,27958,36524
83299,28657,14137,34016
83310,15926,44557,42361
83318,24161,37694,23221
83327,3119,33602,35868
83336,9614,44838,39718
83344,10570,46744,32960
83353,26786,39710,24740
83360,35360,10960,33546
83369,16444,24944,21146
83377,50666,14341,29795
83386,17080,21222,40934
83393,68134,17718,17336
83404,65172,34610,29770
83418,38290,16932,38224
83430,20802,16960,25632
83439,81244,38402,41296
83449,5412,25740,36796
83460,14524,21977,40427
83468,14552,33104,41756
83476,13444,24440,41310
83485,21598,47166,25036
83493,16330,38674,41570
83504,10506,39316,41808
83512,18572,25172,24374
83524,7334,43178,36686
83533,77554,22884,41076
83544,21466,38976,23298
83553,6978,23128,37248
83561,82538,45612,38618
83573,17688,15901,26915
83580,80532,35718,40332
83589,75342,16778,26171
83596,77956,38417,41522
83607,18124,41915,42961
83616,18217,41976,43397
83626,13720,16164,29394
83634,22751,45904,40177
83645,19724,42646,25164
83656,63428,12474,34436
83663,85572,24952,40706
83670,28782,8158,28479
83680,88806,30400,29244
83689,19251,33289,41924
83697,9958,45668,38692
83706,78880,31218,20812
83715,29276,11014,33604
83730,63803,36309,27025
83739,78809,14076,29282
83752,31258,38614,29564
83764,9030,34077,42057
83773,21480,26840,22108
83782,9313,33100,41847
83790,7706,20710,33166
83803,79728,49682,32234
83814,12560,48103,30759
83823,71004,24368,17322
83833,39402,10274,34000
83841,29458,40782,29554
83852,40762,15714,12380
83861,19945,22863,23674
83869,13572,34514,42254
83877,21946,40766,22331
83884,3646,30974,35528
83894,34864,16334,37156
83905,73115,14086,34175
83912,11532,39038,42444
83921,32348,10896,34820
83929,23928,11586,28582
83943,14976,45384,29756
83952,72730,12182,33128
83964,8194,40531,31533
83974,15200,48884,31694
83983,18268,48558,30500
83991,12077,49805,31461
84001,34932,35136,36076
84009,41988,24523,38338
84017,81758,36463,41346
84026,11618,22280,30992
84037,63634,10810,34500
84045,76590,48594,28254
84054,18030,52423,32436
84063,16918,35072,43126
84071,78656,35228,19698
84080,18192,45810,25077
84088,16704,16262,26902
84095,88380,43508,35694
84107,84285,27183,27968
84116,20386,14061,26634
84124,15560,23486,40090
84132,21361,39518,22164
84140,73270,41948,40100
84152,9724,33198,41680
84161,56790,27544,38634
84171,20544,15776,35302
84180,3412,29550,36280
84189,19016,22822,24998
84203,57398,34348,16770
84215,27590,9410,30700
84226,21104,14164,26605
84237,25979,46109,27683
84244,61580,9354,34504
84253,77442,45991,25456
84261,87328,17498,35440
84269,80546,36666,39580
84276,68358,44368,33558
84286,74772,43198,22880
84296,62152,21123,13484
84307,13074,17847,31792
84318,12268,49156,34462
84328,18329,34776,42027
84336,7462,41568,34968
84347,9262,29478,40506
84358,80892,38544,23626
84370,85922,44254,29827
84380,15762,24542,42206
84389,6674,26039,38133
84398,78630,27706,42224
84407,70533,10132,25761
84417,39493,37759,16881
84427,71676,41116,24416
84434,19690,41248,22752
84444,6318,39714,33372
84451,19494,15120,26944
84463,32822,41178,32968
84470,23510,19943,32410
84478,7056,41126,36292
84485,34730,14720,36112
84495,19133,44122,42197
84504,22246,49028,27464
84512,87604,45850,30994
84520,17711,47488,30036
84532,19128,15454,34930
84539,10474,37234,41808
84547,67404,17466,16014
84557,25380,11092,25418
84567,4424,28590,35550
84575,82834,46766,29546
84586,71088,47088,32812
84595,31132,34877,30044
84604,23746,20322,21106
84615,89338,40970,34670
84624,61392,18562,14892
84633,17552,21222,39496
84641,32744,10790,33632
84654,72067,16873,26237
84662,20755,50066,27733
84671,80234,50541,30146
84679,13797,43612,42490
84694,19552,14522,27678
84701,38620,35190,13674
84710,33622,39484,30296
84719,56039,27290,37715
84731,22359,36045,22638
84739,88926,21580,33722
84748,13112,50400,34400
84759,16654,39050,41620
84767,74872,35831,21428
84775,25482,45150,40892
84786,19016,41738,41664
84795,79332,12950,32029
84803,18928,45466,25558
84813,86320,43584,38318
84827,22078,15560,34097
84843,5026,24832,35034
84851,9478,43114,30111
84861,17448,36392,41708
84869,85997,38977,27833
84877,8056,36161,41100
84887,71529,32121,21841
84896,6748,42738,33034
84903,73690,45496,25372
84918,5855,39138,35035
84925,46568,7474,17560
84933,12982,23726,40918
84944,17027,45915,27470
84953,89700,40400,35092
84961,14904,32638,40888
84968,84358,26978,41256
84975,68048,33342,41219
84983,82432,33226,40930
84992,4245,40583,34283
85005,21506,24424,25060
85013,15978,17092,27758
85024,17301,35529,42102
85032,26828,15092,34308
85039,14145,39459,43332
85052,20571,20088,25685
85061,89097,41295,35997
85071,3323,27985,34915
85078,76443,49867,32754
85086,5770,43636,33168
85094,13316,27907,42469
85103,78234,29592,21188
85111,66688,7494,30248
85121,63823,6857,32120
85131,51280,11208,32328
85143,8512,43048,38348
85151,64960,41100,31610
85164,13108,44036,30018
85172,86702,45171,31950
85182,92948,27962,33373
85192,19018,19066,25106
85199,25805,37396,23940
85207,81654,38326,41546
85220,51056,57032,130448
85228,13212,19776,38276
85237,83482,48596,29792
85245,10572,17832,32478
85256,86456,46240,29046
85268,29650,22197,37695
85275,41854,39402,15851
85288,7400,44412,32362
85300,13802,49008,33130
85308,22738,30518,22422
85317,79871,34319,41150
85325,66879,8936,31857
85334,80602,45658,38756
85342,38133,16213,37004
85353,81781,34399,40652
85363,93564,31240,32760
85371,4229,27077,35138
85380,10006,23330,39237
85389,41225,10543,31962
85398,78896,47380,38185
85408,64471,21632,14028
85421,75992,46125,24948
85432,15644,44534,42698
85444,10911,19604,31959
85455,11953,40874,29717
85463,43711,36111,15877
85475,33023,40077,31969
85483,4277,37848,30782
85491,74996,12646,26422
85503,23296,19999,33373
85511,20312,23522,22246
85520,21176,24470,20570
85527,47819,9827,27649
85536,19406,37522,42860
85543,76384,12814,25590
85550,71018,39980,23677
85562,12765,48123,36746
85573,9829,27502,40080
85581,44904,14824,35024
85591,74340,15360,26984
85599,80055,35607,41313
85611,12646,47328,32836
85619,36678,16640,15114
85631,24520,40332,23358
85640,12596,20235,25020
85652,12161,24208,30610
85659,16236,22014,40750
85668,70376,12348,22494
85679,62131,32068,35423
85687,91308,27336,30872
85697,20932,15276,30874
85709,29896,33071,41267
85720,27387,39939,26109
85728,6133,36798,39978
85739,14134,49240,33071
85747,74494,13492,30926
85758,51989,59938,67542
85767,15817,42163,42763
85777,34614,37232,32924
85788,12268,49600,35400
85800,9895,44518,30659
85813,33017,6665,29835
85825,76295,16806,22158
85837,10866,34256,28534
85850,20910,17740,36626
85862,45362,34195,14593
85872,80889,35993,41651
85885,22157,33562,21267
85896,73253,17923,27613
85907,20081,19913,23081
85916,4502,29586,37442
85924,19695,37442,41922
85932,92529,36707,34099
85944,82356,16788,28067
85954,74115,45312,38915
85964,33704,16013,34911
85975,6050,29346,32649
85986,36364,10050,33956
85995,13694,31712,43024
86004,65377,41394,31916
86013,73614,25406,19568
86022,81950,49017,31231
86033,89518,40205,33068
86042,77712,18326,24538
86052,92966,36248,32558
86062,57327,28071,38085
86070,88198,42752,36646
86079,38816,15678,36932
86091,40768,40252,15054
86099,14920,44814,26954
86111,3082,33526,32638
86124,85921,22966,39628
86138,92192,29528,34706
86145,14794,24590,41538
86157,76170,12920,24406
86167,47678,14350,28718
86180,33480,14036,35191
86189,84978,35112,27264
86198,86994,25672,30594
86215,82952,15246,26394
86223,18444,17178,25158
86231,36618,15386,37582
86242,6260,39560,35220
86252,18576,18240,38520
86259,49938,13826,30460
86266,45807,36907,15109
86274,6224,38531,39134
86285,88964,23448,33270
86294,21248,15596,24648
86301,21218,31352,21694
86311,6262,38228,32240
86319,20258,27318,21034
86328,88707,40183,31358
86340,20960,44416,42748
86348,24974,45390,40586
86358,6148,24814,37531
86371,7417,41986,31764
86385,18648,36446,22788
86397,12838,41472,29280
86404,70123,13073,19866
86416,17204,35568,42912
86424,62966,32964,32992
86434,23149,46102,41114
86442,5093,31166,37959
86450,20891,43948,41794
86458,81112,16448,28322
86468,37998,16578,36903
86478,13626,28890,42632
86485,84139,24380,40486
86494,15076,23999,40921
86504,16464,35476,42250
86514,77014,21578,40912
86523,67122,6873,27934
86535,22020,17579,22508
86543,14320,27600,41246
86553,34136,8312,31926
86562,85915,32404,27324
86574,18272,21508,24126
86583,56028,9565,33792
86591,17221,33766,41975
86600,80352,26272,36614
86613,19494,25570,23542
86627,15512,36334,41076
86636,21663,31801,21469
86646,44512,44023,115812
86659,19816,36466,21200
86668,13518,40510,43074
86676,15450,38400,42520
86686,20452,32080,42279
86695,81351,44455,27892
86703,21530,42716,42706
86714,23506,32268,22936
86722,46314,13550,30924
86731,74626,49340,29580
86743,73256,34726,20792
86751,39140,10698,34314
86762,18480,15868,25528
86771,70608,37336,42196
86778,17310,33869,42394
86789,79562,41022,40944
86804,14729,49277,32157
86815,72110,42698,24233
86830,71656,13554,33198
86839,83944,48433,31779
86846,78250,15256,26544
86856,13698,48956,36960
86865,25771,45767,39803
86876,34316,16237,36366
86884,18920,15762,29676
86893,16222,37558,43154
86902,13100,36502,43178
86913,4804,27578,33184
86921,78891,36142,19880
86929,25267,35847,22324
86940,62640,11026,34560
86950,78748,49318,28818
86959,21650,41080,36266
86969,7023,29956,31118
86977,21300,20868,26360
86986,27964,38138,24258
86995,21012,47948,27475
87005,16012,43309,26558
87012,40262,38099,17697
87020,71542,17110,28832
87032,19678,50574,30244
87046,69214,8554,26564
87054,21668,44041,23829
87066,18554,38071,42669
87078,11160,18228,34984
87085,24354,19496,22988
87095,91905,28630,31059
87105,92702,27544,33710
87112,24172,46816,40560
87125,88970,23362,32612
87135,67354,43118,36248
87145,77558,14642,24710
87160,78047,43226,24786
87176,14008,26334,41478
87188,4169,26475,35046
87198,81352,16220,28712
87207,20643,24126,23276
87221,33008,36742,28488
87236,4312,25796,34268
87245,22292,31260,22030
87258,65884,41342,29863
87273,67685,34804,26074
87283,12988,48274,38580
87298,13296,28256,40966
87305,59658,18808,13594
87313,33306,36230,31704
87324,32031,9694,34071
87333,75274,13238,29464
87343,21069,42072,23271
87354,73762,30911,20823
87365,16226,17634,26422
87372,10302,37078,42274
87382,41120,9600,30848
87391,83394,23777,26660
87400,30322,39983,29485
87409,15614,16340,28374
87419,47060,61496,117042
87430,71520,28922,21510
87440,8534,27534,40360
87449,31422,38450,27562
87458,24673,46109,40533
87467,24440,32822,21554
87477,9947,32972,41434
87486,16457,37840,43200
87497,52199,11651,31865
87510,76790,15452,24738
87518,79636,31510,21796
87525,31104,42980,32486
87534,7418,34133,39820
87547,41464,9698,29742
87557,78674,31580,20396
87566,25684,33450,43408
87579,14052,23370,41130
87586,18468,19682,25680
87598,16068,51316,32997
87607,82360,41748,40404
87615,4364,30340,36320
87627,9174,46276,33606
87638,80658,31648,22516
87648,12262,21096,38476
87658,9340,21328,32148
87669,13841,36623,43311
87679,26998,37184,23676
87690,74188,40256,40252
87700,75336,12232,30916
87712,32198,21933,15460
87722,10750,33318,42192
87732,62100,12869,35451
87740,79164,41991,40543
87754,73599,24812,19922
87762,91292,35126,36678
87771,16574,21498,40618
87782,18340,39460,22904
87789,85638,28342,41224
87802,30400,22264,17490
87811,7402,21784,33608
87820,65847,41514,35855
87829,4682,40602,33128
87840,80266,47562,30240
87848,14084,28011,40998
87855,56112,36881,17468
87866,74860,40552,21530
87878,21957,13286,31809
87890,18946,17392,27006
87898,56406,25248,37520
87906,89848,38483,32570
87918,60602,16272,37352
87927,74592,34920,42546
87937,18860,38788,42810
87945,85389,29546,27958
87953,39596,18318,37138
87960,17272,38482,42904
87969,74231,47645,36576
87979,72454,18646,21256
87991,14296,42618,28874
88002,23981,44905,25072
88012,14203,33336,41487
88022,71914,40136,41346
88030,22738,45644,25338
88043,21520,44236,41594
88051,71894,20746,18934
88058,76284,14330,23026
88070,46197,65898,78694
88081,14578,37236,41502
88092,3438,29704,34950
88100,92848,34308,33158
88108,65722,8741,32041
88118,17518,41010,24674
88129,29464,44864,33698
88139,77884,36830,20929
88147,18556,20356,25300
88157,67747,8380,31312
88167,17975,32480,42122
88179,22183,42047,41977
88186,90216,20702,33849
88195,82126,34216,40404
88208,13732,18738,31306
88224,15722,40918,42960
88237,20542,25596,23098
88248,18500,15853,28944
88259,20758,37158,22430
88270,48658,46568,35500
88278,16141,18942,27947
88292,6101,34230,39426
88300,15616,15959,30507
88307,10473,18034,31137
88320,22057,33894,22027
88328,15502,40990,25552
88337,13031,37784,25747
88345,46394,19520,12782
88355,4568,26996,33452
88366,74198,18660,23716
88376,91224,23807,32139
88386,88046,21357,32596
88398,15964,32874,42716
88409,14087,28721,41722
88418,21829,13207,28861
88428,60226,8402,33688
88439,28866,38884,25296
88452,4433,38224,31825
88463,88680,20490,26362
88473,90366,27324,30946
88480,90490,38824,33186
88487,11766,21898,23979
88498,10266,18558,32462
88510,18788,23880,24364
88519,5817,42034,33174
88526,24836,33007,23906
88535,22768,32314,21608
88546,72974,19580,39086
88555,81314,22282,40398
88563,17350,15098,35168
88573,65696,41542,30702
88581,17614,41606,42268
88590,72336,44310,37622
88598,73312,34304,21054
88608,16284,34746,23348
88618,79608,15104,28268
88628,12309,48023,34267
88638,76050,21518,21116
88650,20538,26135,21058
88659,8888,43812,35990
88670,13937,44027,29860
88685,76638,16662,26486
88698,18561,30944,42078
88709,21618,51722,32032
88718,72837,47747,35518
88728,78766,46510,26958
88736,30178,7336,30116
88747,65062,39698,28502
88756,29654,44488,35386
88767,87164,18452,31680
88777,15118,32027,42931
88786,63072,39362,31762
88794,80310,21909,40605
88804,71176,21298,39428
88813,90197,26553,31869
88822,41526,9020,31144
88830,45126,8510,16682
88838,7429,41865,35822
88849,32835,18181,16717
88859,6145,38735,33306
88870,20085,27633,21176
88878,78966,46892,24690
88886,78940,39200,41460
88899,30892,9096,32552
88907,11297,47934,32799
88918,9578,22872,38712
88927,72183,39841,22880
88937,14476,17702,29134
88947,78138,26326,22230
88958,19465,20088,24084
88971,6218,26498,35248
88982,22886,17732,31140
88990,19424,19726,24462
88998,16808,32732,22914
89007,9660,43728,32056
89016,16063,32898,43481
89032,21570,41170,41971
89047,22476,47374,41158
89055,78018,48674,27004
89064,11342,33728,42502
89074,9409,46643,35834
89086,21398,30520,20994
89096,9251,43998,38993
89108,24052,39269,23374
89122,25052,46570,38998
89135,90488,35029,30167
89147,20472,33419,22130
89156,4980,32202,33692
89166,35418,5804,26208
89175,82512,36408,41664
89184,71534,32294,42352
89195,13522,41508,26766
89205,19756,21636,25670
89217,65446,57299,79030
89224,3060,29364,33782
89233,18205,16140,27963
89244,16268,33606,41784
89255,32824,36998,27644
89263,81859,18452,38517
89274,71345,15166,19911
89283,9424,43600,34480
89290,20063,34515,42954
89303,30800,42574,33638
89310,81916,32574,40603
89317,21306,32336,20916
89327,35527,9939,33318
89339,18492,37282,42618
89352,77088,49766,30246
89362,8698,40626,40922
89372,5008,36192,35336
89382,16852,18723,25979
89393,22455,35942,22297
89407,20350,14592,29182
89419,59318,14956,37194
89428,21152,22838,24684
89438,87115,43798,33944
89454,88880,21404,36494
89462,90165,42472,31197
89469,29350,33240,42782
89476,4308,29685,35928
89485,17788,31369,42393
89496,92126,24802,35849
89503,15520,25096,41560
89515,73278,45168,38372
89526,16376,23336,39516
89536,57350,10348,34102
89546,44094,15090,33804
89557,16960,41680,21188
89568,82180,48702,33174
89577,93460,30674,34332
89588,4894,24335,31819
89596,90258,38370,35272
89604,17976,28863,22390
89614,22756,41947,41333
89622,11222,33502,42818
89635,40598,16362,36912
89645,19956,20284,23345
89655,91099,34213,37373
89664,16172,17178,37164
89677,21056,25658,21376
89686,88326,42081,37847
89698,17008,40222,43318
89708,4444,39865,34426
89718,32937,10488,34170
89729,29832,19129,18193
89738,81245,23116,40036
89751,24958,23142,41562
89762,5416,33220,37370
89771,76334,38067,40428
89779,50173,16401,34473
89790,18844,46738,27330
89801,71454,15482,22592
89813,23330,41098,42590
89821,90946,22332,33458
89829,16287,42060,25668
89845,9901,47462,34606
89852,16894,35930,41870
89862,34478,15202,35602
89870,72151,18305,20881
89877,76381,15635,25880
89887,59317,9125,19835
89895,76762,18040,38969
89903,31718,33306,29452
89917,20601,13853,32008
89930,74608,13424,30484
89937,33312,22143,13609
89947,15462,33124,43156
89954,18431,40013,22955
89966,49917,6850,18151
89975,4722,35046,36932
89983,75190,46638,25292
89996,8978,20876,36416
90007,82575,37882,23925
90018,17600,36462,43444
90030,25786,15472,33927
90041,20256,36810,34562
90053,16800,33176,22910
90062,16882,38036,41666
90077,18726,39348,43170
90089,85870,44402,29342
90096,74354,21178,22828
90106,92608,27626,35464
90115,22492,34304,21470
90129,72388,31734,20736
90139,60656,8350,32374
90146,81234,13282,30324
90154,35875,36060,36374
90165,40686,6380,25116
90178,72354,22616,41248
90190,17875,47263,22141
90200,56496,18492,38744
90211,77054,38696,41092
90223,69151,17417,18220
90234,20682,21943,22605
90246,83316,23868,40137
90258,14056,50080,35465
90267,81494,35222,23218
90275,26521,31981,20361
90284,20621,42672,41105
90293,20582,23612,21572
90306,22808,16550,36342
90313,89318,24430,32268
90323,41514,8740,30806
90333,7194,24462,38274
90344,15404,25936,40390
90353,17350,19891,40088
90364,62560,22442,12634
90373,62730,37973,34344
90386,48964,9698,29028
90395,18003,48789,22214
90405,92898,34486,32836
90420,74302,11168,27252
90430,12732,34384,42176
90439,32684,10972,34224
90449,83570,23758,40406
90458,5939,34914,38776
90466,17432,18698,26574
90475,12326,48400,34120
90489,20544,43935,41092
90498,87576,27126,40424
90510,28484,35016,42696
90518,16289,15798,28879
90527,5524,42392,34340
90535,12680,28608,41488
90544,29144,44974,36394
90554,39122,35268,13210
90563,79392,32560,34712
90571,18640,37202,43116
90581,57957,36944,16306
90590,10382,46262,34366
90601,27246,44584,36324
90611,16420,51390,35240
90624,33382,23152,15002
90636,70166,44234,36810
90645,19928,42546,42697
90653,20688,41456,23260
90660,85040,47182,30726
90667,91734,32396,33542
90676,17880,40338,41087
90686,3092,38078,35173
90696,8700,31656,41018
90704,15878,15557,30549
90711,56512,62734,117758
90719,18550,38004,22705
90727,90852,33272,32900
90737,24108,33506,22169
90756,56598,46236,110006
90767,18430,17498,24468
90778,20060,23960,22712
90785,20006,46261,25963
90795,15214,33906,43254
90805,36888,16980,36430
90820,35662,36250,35750
90827,77739,15279,25877
90835,71440,8664,26366
90846,63637,40187,34167
90859,15288,21136,27170
90871,8849,44504,36082
90880,15376,21811,40749
90889,69426,12532,20330
90900,18115,30109,41865
90910,11750,27732,41364
90922,76240,14550,27342
90929,82236,39502,25734
90939,74962,13552,27742
90951,21095,43945,42161
90961,75613,19976,24282
90972,22344,36310,22093
90985,15776,23460,41204
90993,75829,37244,40366
91003,32576,39628,28844
91013,91333,26182,32112
91023,25032,45582,39414
91034,8020,42967,38229
91043,22590,45832,40529
91057,19222,32510,42168
91067,76884,41192,41668
91075,71904,15314,34778
91088,78214,44524,22768
91095,14928,31582,41829
91106,16410,17558,27260
91117,76594,21570,21388
91129,89250,29742,29790
91139,88802,44268,32902
91150,37855,42965,23011
91158,31221,35694,25875
91172,15632,31364,41764
91187,19746,29904,20942
91201,45984,47877,30416
91210,89734,39757,32997
91220,59170,16916,13176
91230,92710,34131,30633
91242,76149,16137,22392
91249,16734,34908,42800
91257,21008,23236,21120
91264,16710,19148,27036
91275,40988,20592,34594
91288,18460,36992,42852
91300,7584,43730,36516
91308,27710,40430,25454
91319,4814,33338,37486
91329,68572,39800,24912
91338,87886,15668,30552
91348,9172,34858,41947
91359,67260,19458,17120
91369,93022,34282,30636
91381,90096,37455,32196
91391,52958,18268,11232
91400,88601,28125,39934
91409,20096,21093,24907
91421,84302,14284,31294
91430,15120,45763,27142
91438,20364,15052,34238
91454,65814,22131,37285
91468,78512,17134,24243
91478,76201,17621,37875
91489,24896,45692,41066
91497,37261,9370,33825
91506,47662,12473,14031
91513,4816,36918,38074
91520,86310,23333,39932
91531,90385,33619,32049
91539,12469,30228,42139
91548,39916,6108,28060
91560,74354,29372,42934
91572,14101,26494,40290
91580,40508,6596,26980
91591,27458,38594,24192
91600,85992,44879,29056
91611,3754,39714,32660
91619,20179,43643,41747
91630,67239,33549,41176
91641,70802,39262,25292
91649,88222,17992,33805
91658,83520,43074,27772
91669,78350,34758,41308
91683,79606,39109,41841
91692,81778,13310,31923
91703,6159,39395,37348
91713,73690,16426,29406
91727,79228,44330,23410
91741,19628,36170,42644
91749,82511,21921,39954
91757,78940,45770,24946
91772,16518,36716,41496
91782,35937,8867,20772
91793,80820,34550,41302
91802,8494,20898,34266
91814,19442,38438,42210
91828,23002,19731,21906
91837,30504,43340,34668
91846,37190,40231,16860
91856,12572,49028,35562
91867,31792,40808,29757
91876,18982,39074,22930
91884,16530,40744,43400
91897,18661,52117,33017
91906,87084,44092,36189
91916,18772,20910,24738
91927,74744,14780,31548
91936,76067,37210,40929
91943,38678,18070,36658
91952,90582,23014,35178
91962,79516,28297,21873
91975,82003,16179,30854
91984,7650,19254,31528
91991,78442,38133,20045
92000,8715,45908,31873
92009,22705,49445,27961
92022,27874,44027,28799
92034,92410,29867,35763
92046,19046,37758,43176
92054,20444,38462,42362
92063,61102,37572,17442
92073,26318,11126,24996
92080,11254,36786,42672
92089,19652,18642,22922
92098,79414,35568,40962
92107,77131,37090,19929
92115,39120,36815,17826
92126,27825,37771,25601
92133,19048,14688,27698
92146,20544,37693,41964
92156,62019,35530,33501
92165,70366,8706,30362
92177,14137,32582,42331
92187,81162,22740,40484
92196,74458,35486,40970
92212,63990,23256,13101
92221,72420,44890,25340
92230,87997,23365,39393
92240,77289,40025,40849
92248,6768,23574,33236
92256,84822,19388,23400
92266,18348,38918,42748
92275,61296,7128,32063
92290,42736,23846,37926
92298,92059,33438,31725
92310,16092,31102,42061
92318,22437,43842,24045
92330,45720,11012,28412
92339,22678,43586,42358
92349,13730,23170,40554
92359,19284,50004,32146
92367,75406,39786,40131
92375,19038,26092,22768
92391,14050,41629,26206
92401,34638,25146,16126
92410,25220,28169,28853
92417,52878,17064,35386
92429,17989,28335,22547
92438,82738,48466,30990
92453,93542,31454,32370
92461,21098,25256,21502
92472,15876,33907,42570
92482,87126,42040,28964
92492,14358,28936,42828
92502,6194,38536,36087
92514,44254,11068,29442
92526,13974,50149,34004
92536,89154,23469,31988
92546,77518,38986,20313
92554,79443,38122,22258
92567,15436,15052,31432
92579,88855,23148,38075
92588,21823,33035,21742
92602,15566,30322,42568
92611,53924,9318,32706
92624,79182,36892,41590
92635,33338,11475,34119
92642,91817,28849,32037
92652,14312,43090,42808
92660,24150,33598,22894
92669,15452,35390,43678
92681,23694,42840,23746
92690,51249,45719,38169
92699,44692,12402,31672
92708,73214,39176,21903
92719,14376,32394,42604
92731,13978,32376,43359
92738,16003,30919,43132
92745,88342,44040,32268
92755,6950,41014,31066
92764,83214,49036,32798
92774,56303,63942,80297
92784,40876,8436,30266
92795,78851,45800,39351
92804,21752,14216,28733
92815,81799,22034,39663
92823,18944,39805,42555
92835,19180,18308,38718
92842,20810,32944,42656
92854,74708,34532,21734
92863,81904,31472,42220
92874,86569,18187,31293
92882,82059,42835,27120
92891,19700,37771,22172
92905,89442,18692,33704
92913,83519,28078,40966
92924,38436,9780,33908
92935,14184,26180,41129
92943,15013,35116,42138
92955,81910,33999,41968
92965,79193,13847,28522
92975,18808,16170,28916
92985,35335,14271,36079
92997,75979,15683,23508
93011,30284,24586,38074
93018,24804,43988,41704
93026,73902,12883,23014
93036,25175,17200,23945
93044,54058,7434,30110
93054,45963,13956,28783
93062,75768,47521,26578
93073,20185,33573,22364
93081,64562,35568,27034
93093,76124,36360,40851
93102,32934,37788,28355
93109,3872,33578,31949
93121,19058,17364,26586
93130,5916,39443,32643
93140,58371,20117,14071
93148,92928,30106,35250
93160,5372,29086,34184
93172,77760,25674,42334
93186,49943,12436,33653
93195,6652,42206,32990
93203,18672,41130,42712
93213,12996,42454,28772
93222,80464,35648,41356
93235,18410,44594,25132
93245,79934,12608,30723
93254,13666,22768,40664
93267,26980,12540,33682
93277,92478,27911,35149
93284,51197,12140,32081
93297,16365,19881,27168
93306,20882,16728,35284
93315,66370,33722,27156
93323,73544,12680,27848
93331,23613,18453,22046
93341,58963,20036,12584
93349,20618,52234,31594
93360,19422,36518,42630
93368,21278,32674,20436
93376,10664,46920,31586
93389,70638,12590,21272
93398,84075,35795,41689
93406,12376,48558,31114
93418,18824,37746,21433
93429,83504,36682,26588
93438,71445,33611,42020
93446,76160,42232,23534
93455,20037,41634,42962
93465,8834,43284,38168
93475,79422,40934,21820
93483,23384,44724,24980
93491,5808,27240,37971
93503,60538,18772,12744
93514,3978,28966,35128
93526,2932,35124,36296
93538,48053,11356,27903
93551,22318,42844,42538
93559,22560,29186,43502
93571,20807,24113,21390
93582,29917,9335,32710
93592,78230,33532,20712
93601,83745,34908,40706
93613,88344,20738,36624
93622,25130,32654,43212
93634,7753,41809,36256
93643,72789,29922,20639
93653,9934,46316,31627
93661,16024,39594,24570
93668,19572,47104,26272
93678,32567,40067,29674
93688,23244,34620,43290
93696,85498,46280,34940
93709,23428,37790,23622
93719,8436,21474,34716
93730,31018,38818,28390
93738,92316,27368,34534
93746,69096,40630,26684
93754,44732,8640,16860
93765,72628,15274,30430
93775,46512,13732,32858
93783,78884,46502,28994
93792,16982,18333,26083
93803,57574,9686,32976
93813,18255,48036,30508
93824,10574,46298,33086
93835,15628,43338,42678
93847,31598,41766,32464
93856,6908,37302,31052
93865,19290,33647,42029
93877,23542,31124,42952
93885,14190,49567,35481
93893,32021,14184,34490
93902,57791,11646,36124
93909,76771,13417,30152
93917,88814,40560,35288
93927,18248,30514,42124
93934,81382,34460,41044
93941,22860,40414,42009
93949,80424,45572,27766
93960,24954,41396,41478
93972,18682,32934,42206
93980,75032,23514,21736
93990,22072,44993,42040
94002,91823,24525,32252
94011,16072,35525,23891
94023,20051,40935,43046
94036,72718,44374,39382
94046,83862,29106,26373
94056,81352,23596,39492
94066,70080,40113,24582
94073,78630,45772,23845
94083,23316,31500,20878
94095,81544,16024,27958
94105,91692,36850,32580
94113,15550,17558,27612
94124,89901,24709,38080
94136,8894,43030,31358
94145,81849,48611,34379
94152,44067,11683,30442
94165,68278,38892,25444
94177,4642,26894,33108
94189,13332,15484,30476
94198,20482,18648,26564
94208,87648,21668,38662
94217,14188,19904,39017
94228,61688,31590,36568
94239,70356,14988,22530
94249,12716,17032,34730
94257,4984,28996,33256
94268,72111,14712,34473
94276,24541,37966,22405
94289,17780,34730,43390
94296,15624,51044,34818
94305,18850,33272,42274
94317,91433,35806,32684
94328,78326,35997,40564
94337,5752,25504,36670
94344,15974,50282,32515
94359,79340,43484,40394
94368,22850,34640,43038
94383,87767,22739,39179
94394,76536,42238,39742
94406,65012,35170,27416
94416,66833,35981,27817
94423,7212,42804,33262
94432,19260,39300,42458
94443,14348,44228,28820
94455,78308,35562,40994
94468,25587,33863,43189
94477,75232,14142,28311
94486,79624,37228,41158
94493,15936,30136,24461
94512,78121,35192,41656
94519,81140,31202,41122
94529,7189,37913,30286
94540,22508,30000,21459
94549,19723,37834,42950
94562,5042,29712,35002
94571,78289,38054,20407
94578,19940,18442,26208
94587,7321,21888,34863
94598,17997,35552,43236
94613,92268,26360,31560
94625,21350,52692,34874
94644,11971,26615,41566
94657,20458,41762,41778
94669,19276,40618,42446
94679,15146,39624,25168
94690,76059,37783,41186
94700,19972,15207,29444
94711,78904,39610,41092
94724,47798,46314,30751
94732,51486,59260,66314
94741,26169,45575,40025
94750,12659,48713,36035
94758,77760,47980,26368
94766,15696,37649,42099
94776,91720,26100,34020
94784,79071,21163,39994
94797,46033,48994,26305
94806,19156,21276,24694
94815,74458,48452,35818
94823,78292,39384,40922
94835,12490,41058,42726
94843,30398,37072,41308
94854,69462,45324,31734
94861,8354,30314,40726
94870,41817,30480,38709
94882,85711,47881,32809
94893,26042,33599,43342
94904,83827,25318,26078
94914,56203,10295,31076
94924,9104,33242,29572
94936,3846,34157,35297
94947,65903,40687,30396
94955,17538,15148,27790
94962,4980,33302,37160
94972,17018,20221,25221
94982,85808,26408,40803
94993,62818,11794,34893
95002,12638,43748,29838
95014,15570,50866,32099
95023,84604,47108,30454
95033,13619,37768,25522
95040,81390,18106,39033
95051,21729,39833,41584
95063,21598,41946,37336
95072,58833,8895,32191
95081,53009,8204,29541
95094,4204,32803,34952
95106,51694,65940,92291
95118,71872,22949,40402
95129,10042,44098,40643
95138,80298,47464,26648
95151,81322,13540,33606
95162,78456,38396,41528
95173,86936,42770,29784
95183,16626,39436,42986
95197,21057,15964,28466
95207,53122,18664,35552
95218,75100,26464,42314
95228,72123,13209,23231
95236,20576,21610,25152
95246,92610,34227,31388
95255,60738,34150,14825
95265,63121,14098,35612
95273,74724,18780,21040
95282,7726,32284,40224
95290,86372,47082,34460
95299,87230,23372,31364
95310,39824,7595,29186
95321,69865,35235,27465
95335,22096,33633,42745
95346,74180,45300,25044
95356,21824,35828,42550
95364,20081,33641,42676
95372,79072,37242,40920
95384,81572,31956,37212
95394,79652,34750,41782
95403,49113,41660,116049
95411,72346,10746,25416
95420,14471,24524,41814
95432,6180,24924,37101
95442,74208,17290,25194
95452,63105,17083,15995
95461,7750,22886,35110
95470,13702,49224,37256
95482,65418,38910,27050
95493,89504,42010,31169
95501,20766,27210,22394
95508,63170,35468,32292
95518,54448,9478,31412
95530,18750,16700,26484
95537,78487,45832,24232
95548,35532,16702,37744
95557,21362,12910,28730
95567,74172,40564,22856
95576,76869,49560,29983
95583,61475,11678,35923
95593,29059,35283,41816
95604,7224,41066,31788
95612,80880,31388,42374
95622,79064,45776,26322
95631,28440,34072,43103
95639,54936,8105,31241
95649,80404,49420,34093
95658,18589,51858,34918
95667,89901,20510,34741
95674,72340,13731,32111
95683,19618,25096,24196
95692,20512,14664,31214
95700,19210,37620,41640
95709,23923,44913,25560
95716,19446,35318,22228
95729,81192,35510,40328
95738,79944,19776,25385
95747,16900,36880,41722
95759,8954,44526,35262
95773,89624,41022,30546
95783,35642,12824,36006
95794,21300,50280,39446
95803,27714,37774,24496
95813,11647,47565,36108
95822,20733,35311,42067
95832,19106,33322,21656
95843,68402,40970,26382
95853,13400,39212,43198
95863,40340,20836,13354
95874,15298,25354,41716
95885,80278,34800,41622
95893,78570,39468,41190
95905,14095,24677,41719
95914,5022,27637,36045
95926,22758,37042,42370
95934,82164,40445,40687
95942,74218,35084,41134
95950,23218,40161,42523
95968,7043,26029,34667
95978,66836,37187,27802
95987,82956,37218,40916
96000,41748,17576,36834
96012,69356,39838,25804
96024,21328,17948,25557
96041,60280,7308,32264
96054,4748,35774,36163
96064,19022,31436,23034
96072,67734,13425,33671
96082,7162,24510,37348
96090,21907,36036,42049
96101,74255,12196,25981
96112,79797,50487,29480
96119,9941,29747,41456
96131,30703,12718,33812
96139,32426,40934,32382
96151,20872,19406,39122
96161,29528,18406,18912
96168,19344,19638,25536
96179,4866,38374,34562
96195,76596,39224,41232
96208,22446,43350,24632
96217,93254,33266,31258
96225,71438,32524,22005
96234,20145,43931,42103
96246,13424,31572,42590
96255,14746,49698,37910
96263,64654,8717,31979
96276,78440,33646,40892
96286,16938,33674,43040
96294,73694,44248,38286
96301,57337,18011,36672
96312,75438,12428,29774
96320,49000,11578,27402
96327,71079,45090,37815
96335,11983,37867,28304
96346,76550,45780,24620
96359,76715,30128,41793
96370,14266,41310,43168
96383,33244,10322,34440
96394,21324,37460,41987
96404,34278,38742,30560
96417,18926,39230,42808
96427,30614,19702,17492
96438,23438,35610,21734
96453,22642,17276,30248
96463,25092,17776,22772
96472,75456,28290,42630
96482,56664,62930,119180
96489,79370,26332,22566
96499,46914,15604,33885
96506,80852,35568,41302
96518,76919,27556,41831
96526,80212,50163,30106
96537,75348,42488,23308
96550,23254,42084,42252
96560,83916,30256,40447
96569,20185,16923,36329
96578,18716,17094,27528
96585,14696,28888,25286
96602,28592,41104,27062
96610,72230,18542,19042
96625,21213,39959,23358
96638,19897,37887,41936
96651,73598,35076,41740
96662,23738,35600,21456
96671,16488,30457,42077
96682,75708,12845,31991
96694,16562,40322,43390
96705,5750,28654,36094
96714,88804,26300,39310
96724,67368,31318,27300
96734,29164,45106,35514
96741,75742,17488,37100
96748,79764,37394,41827
96761,18034,34885,42522
96770,14005,31851,42032
96785,75809,12561,29269
96799,62658,36582,31486
96809,14220,15789,31768
96821,4796,36294,35692
96829,21034,14968,29048
96840,75888,40225,40573
96847,62553,13864,34594
96856,77838,32432,41414
96869,24159,45824,40153
96881,11628,47144,34378
96893,67439,40226,25997
96903,70934,45284,36962
96913,7534,24970,38772
96921,18940,38533,42042
96929,21792,17516,28616
96945,19464,39778,43164
96954,75506,35086,41542
96964,15262,42285,27927
96972,15694,50866,33014
96985,18804,52854,35502
96995,17602,32420,42262
97003,15344,20998,40250
97010,80210,35370,40848
97017,16350,14842,31658
97026,13608,31546,25462
97036,10069,45037,33510
97044,71330,9318,27488
97054,86293,23842,39963
97067,82547,20468,39870
97077,76538,40692,40430
97085,18862,51884,37953
97092,44150,20953,36705
97102,17106,29376,41590
97110,82192,28690,40200
97121,7823,42146,31737
97128,79540,37106,40346
97136,20729,13934,25802
97144,6871,41852,36287
97155,80842,38219,41876
97164,75372,49276,28710
97174,6059,27733,32503
97185,16892,53402,23640
97192,79340,18786,25166
97200,73364,34308,42936
97212,75754,29538,42734
97223,15220,29264,43142
97232,23507,34532,22018
97240,72812,20784,26488
97250,86404,16155,32575
97257,39858,44667,20105
97271,14472,18786,24656
97280,14638,25024,40764
97290,69248,39931,25438
97304,83210,48926,34042
97312,80862,29350,41698
97320,14073,29484,42540
97332,73126,21454,26318
97341,10037,25080,39823
97351,82004,37812,41046
97367,13272,29434,42490
97375,30574,21461,16095
97385,22092,43072,41610
97394,79902,32158,41157
97404,89486,37668,29046
97412,18858,16992,26236
97420,16069,24768,42149
97429,16238,30108,42166
97436,89551,40618,35920
97444,73547,36769,42022
97452,72614,27608,42358
97461,79863,38939,40943
97469,30876,41168,29134
97478,17094,38003,42448
97487,24852,35195,21886
97498,74984,34920,41166
97508,32472,39686,30322
97520,15712,20888,40340
97527,78294,43202,23362
97535,33586,39374,31708
97544,17995,39122,41855
97557,79140,34716,41474
97571,4964,26392,34832
97585,78138,19268,39058
97595,19988,41885,43228
97607,77772,41765,21725
97615,22072,14369,31555
97625,74243,14159,25046
97633,5852,23872,35132
97647,15139,27760,41990
97656,75118,17484,38346
97665,34504,37744,20804
97675,21402,33762,42710
97683,6425,37960,40090
97694,80981,43606,40081
97704,18316,41608,43120
97712,21426,52636,33022
97720,9692,44954,33314
97727,92432,36376,31680
97734,77236,15826,36942
97745,82422,28183,41204
97754,68103,38972,25930
97764,75835,43672,23864
97775,73918,32923,41544
97784,18699,32048,42276
97793,19788,32646,20912
97805,63708,35696,31334
97816,16490,23180,41218
97832,73690,32618,41672
97844,13136,25204,40842
97853,23144,32432,42730
97863,53881,19698,37266
97872,21471,32946,42139
97883,17030,31346,41534
97893,19826,29178,21660
97906,11264,21646,38702
97915,22242,13776,28374
97929,79256,19380,24416
97939,12584,49016,33648
97949,65236,7913,32523
97964,8988,21318,37056
97978,75434,34388,41408
97989,63492,39859,34377
97999,36862,17871,38068
98006,59136,12956,36998
98014,74819,16185,25644
98023,11604,33392,42576
98032,31896,41672,33221
98039,21052,37508,42178
98048,24022,33497,22548
98061,19602,41738,42390
98070,54367,10027,33163
98078,24376,32012,23303
98087,72142,34984,42592
98095,22958,43744,42546
98107,62819,9696,32141
98115,21947,43499,41747
98125,78578,36760,41214
98134,5739,30047,33758
98147,20112,22050,24666
98161,73056,41074,41144
98175,21328,36688,42916
98189,26672,41004,26868
98207,32444,40812,30630
98223,75386,35592,40970
98232,14744,42460,42858
98244,15366,30654,42584
98256,23758,42374,24406
98266,70884,21614,39498
98278,21060,27361,21882
98287,75382,17166,22328
98298,80544,36727,42129
98310,81995,30127,42209
98319,40938,25658,38364
98332,34247,24824,16830
98342,7444,39933,34486
98354,26896,40733,42143
98364,17454,16440,27720
98375,14685,29980,42892
98389,15629,36177,41496
98397,21208,29476,21078
98405,88838,19879,34860
98413,74071,39389,40252
98427,26494,29590,42854
98437,12121,47388,32181
98447,25308,32822,44071
98455,70992,15750,33722
98471,54095,15266,37150
98490,31665,9404,33774
98500,22383,41390,35802
98508,81702,32488,41108
98517,72924,36216,41516
98525,7356,21004,35198
98538,28882,35062,42458
98549,15098,33512,42674
98560,26394,44442,40896
98570,76818,40214,40978
98582,55085,9855,31878
98591,18666,41112,40886
98600,70606,31102,42206
98613,81738,31862,40977
98623,18858,39933,41941
98639,75882,29333,42299
98648,80956,14700,28490
98659,64412,38110,29488
98667,16605,24152,41921
98676,50454,11024,14372
98687,14942,33904,42491
98699,5834,25850,35029
98711,43336,8884,27921
98722,21971,16678,32427
98731,10944,48242,36212
98745,81565,32683,42123
98754,13456,28234,42674
98764,53813,64591,88072
98779,84920,30918,41304
98791,20012,52322,31061
98800,17180,27834,23518
98814,19282,21742,24576
98822,77771,41081,39329
98832,40352,44332,33142
98842,79864,31990,40751
98850,81134,31698,42348
98866,21092,41572,23406
98874,54358,13524,36600
98884,23460,45880,41408
98893,76328,47784,26700
98904,65040,35196,26584
98918,75299,12145,26833
98925,22104,40555,41628
98937,14924,34552,43222
98946,59764,7173,32445
98956,91959,29942,32371
98964,12003,33401,42397
98973,77329,35806,41262
98984,78112,39082,41099
98991,21676,25489,22037
99001,91504,26464,31776
99009,85905,47369,33149
99023,11658,47326,38346
99038,21934,42850,23529
99045,3898,41161,34018
99054,81342,42178,24514
99066,75759,39761,40493
99079,18470,16264,27182
99089,60228,16388,14138
99102,42114,37017,13318
99111,84778,25544,28778
99123,91026,31134,35544
99131,22444,34764,43426
99141,66762,39220,26464
99149,75164,36033,21297
99158,13886,16467,30546
99165,24214,31056,22516
99172,49843,9116,16097
99181,13260,30115,42574
99189,11915,48552,32508
99198,81879,33306,39418
99211,65530,42089,31642
99222,85004,46476,30612
99230,25614,42800,25344
99239,89570,26188,38284
99247,69933,40363,41002
99254,73373,39804,22475
99264,18765,16119,36429
99271,16318,14606,31398
99279,16374,28766,41982
99295,18655,51924,30985
99307,75374,24664,21012
99318,71198,43732,38600
99329,36612,20464,13384
99341,15710,40236,42568
99348,21080,30628,42364
99358,25618,29238,42704
99369,19154,26674,21372
99377,19744,42688,43258
99390,5260,24658,29772
99398,77826,40662,21751
99410,23590,45722,40690
99422,18906,31474,22155
99431,90569,34488,31861
99439,74463,40215,40004
99449,80708,32177,40457
99457,22932,50218,30532
99466,21674,41444,41466
99477,92620,30844,34418
99484,72146,17304,19252
99493,77640,17318,23098
99503,3786,26927,34005
99516,16587,35587,41929
99528,65890,12866,33519
99535,74755,37919,41189
99546,79211,21469,24187
99558,15516,50210,33166
99567,66230,38662,27930
99577,83612,47738,28686
99586,74167,47047,26345
99594,80026,29112,40738
99606,4520,26952,34786
99620,72467,9986,30266
99629,77216,40516,41788
99646,64564,20289,14155
99657,83420,19582,38588
99666,18292,38558,42562
99673,18031,16918,27115
99684,78454,14388,26360
99694,5572,35276,32212
99705,74600,34996,41078
99713,10780,46010,37398
99724,79114,17166,24994
99735,77590,37027,22079
99745,23548,42476,24840
99755,48272,13544,13262
99768,14268,22554,40410
99777,76558,34880,41514
99785,41456,10576,32384
99796,34672,11897,35982
99811,17256,30650,23370
99821,23804,26425,26541
99835,88987,43806,34100
99842,88744,21116,32452
99852,18129,51819,37616
99861,7713,23612,38060
99869,20036,40205,43005
99881,79436,35260,41412
99889,18784,40522,23424
99898,77444,48694,26528
99912,20632,22262,23072
99921,69942,33066,43064
99928,77060,13674,26810
99941,77285,36135,40570
99950,20330,33078,41963
99959,75154,13750,25482
99969,20588,19702,25288
99977,35856,36531,15155
99988,76207,43971,39029
99998,11192,30278,42356
100011,65604,41102,36772
100020,92966,31022,34061
100030,22324,37391,22084
100040,89970,37604,29535
100052,16486,31949,42882
100064,87204,43666,37094
100076,37198,17894,37795
100088,9378,46220,33244
100105,19947,31979,42682
100116,29145,43901,31611
100126,26585,38061,24953
100136,54334,7995,31183
100144,19946,23729,23283
100155,5152,33304,34838
100165,22366,37999,42299
100177,25760,40984,41594
100185,10768,44742,31024
100196,10478,34036,29720
100208,36974,6520,29562
100217,33024,22272,15208
100227,20940,53021,34167
100236,4310,33624,37034
100246,58804,9734,34828
100254,15290,23678,40382
100262,81944,33659,39931
100274,21393,31861,43221
100282,23095,36526,41864
100293,87426,31662,29578
100301,17770,28626,41664
100310,23182,33246,43158
100319,21566,37280,42494
100329,4790,36754,32314
100340,61084,37026,36704
100347,77975,19914,40364
100356,17482,15798,36198
100367,8814,39430,32388
100379,74564,11628,31370
100388,16506,28080,42896
100396,22288,37732,22450
100406,16016,29540,43128
100415,78852,50424,30994
100425,11590,48280,34812
100438,3087,33871,33997
100447,18608,42074,25309
100455,80081,26755,22719
100465,83270,38766,24434
100473,92227,27808,34527
100481,16014,27730,42077
100489,20100,28774,21832
100497,32554,10447,34062
100505,74625,46955,37913
100514,23124,18544,35784
100523,13428,18970,30902
100537,32820,11842,34656
100548,68898,18472,18586
100561,31658,33646,18246
100569,20442,21864,24833
100581,22531,45700,26055
100588,84082,46754,36591
100597,70700,33710,41911
100606,20516,40338,42410
100616,21897,39524,22091
100623,17484,15212,28624
100633,18858,30240,42270
100646,19771,24708,23904
100656,76586,12954,31764
100664,88033,20855,32776
100674,14512,49658,36974
100686,81130,33354,42346
100696,23500,39408,23514
100706,45262,11494,31168
100717,21168,37072,22466
100726,17108,32596,42534
100735,20018,21917,23919
100750,21124,38285,41969
100763,23236,42300,42772
100771,19024,52690,35202
100781,12782,20364,38330
100790,75135,30903,42038
100799,15502,33566,42852
100810,24356,46536,27048
100821,83499,17818,37810
100832,79776,36247,41785
100844,72984,30968,21829
100852,72860,12241,21834
100866,73484,12788,21482
100874,21788,39524,41750
100885,60116,11687,35915
100897,21412,30752,43038
100908,76266,30598,41682
100922,78402,30544,42490
100930,65133,34189,30136
100946,20814,34658,41798
100956,19908,32528,42533
100965,18894,40188,23608
100973,33132,27078,14484
100984,74429,32546,41901
100992,17608,16116,27907
101002,55226,36598,15098
101011,44980,9062,29362
101025,19014,22506,24664
101035,40194,15860,36420
101045,14726,29582,42726
101053,25072,31656,43196
101062,79612,33552,40430
101077,25548,34908,22354
101084,27713,43908,28421
101095,17808,32047,42795
101107,82506,30642,41502
101121,30248,33718,26412
101131,91476,30778,35330
101141,22834,31941,23338
101149,13452,16928,29164
101156,18940,23792,22992
101172,5386,32706,31320
101180,18888,53240,34272
101193,44930,7912,18922
101205,26850,10504,32302
101215,21674,31764,42550
101225,73194,15738,35014
101237,8055,26359,39380
101248,15314,29913,42516
101257,37549,11933,35448
101265,76646,12958,31210
101275,5796,24976,34690
101284,77516,38298,42030
101294,79614,36068,40826
101303,75726,13676,27070
101314,92238,29188,37006
101330,14791,29167,41790
101342,19958,46956,27395
101352,80260,32654,41996
101364,72967,20682,28010
101375,78236,33780,41354
101382,19624,36884,42718
101397,11929,24858,30194
101406,53284,9712,29698
101416,5871,39460,35371
101425,8412,44566,36952
101432,21058,52044,30544
101444,21482,46372,25254
101455,87258,44834,34750
101470,8191,42340,38861
101484,42673,14078,33866
101492,19898,50432,28463
101502,18255,23574,23880
101511,16842,14614,30514
101519,71356,31586,42302
101526,84410,47630,31534
101535,18920,19562,39008
101546,15996,30241,43204
101555,74728,29050,41896
101566,15420,30600,43222
101579,80918,29650,41442
101593,27807,8526,28785
101608,15772,16880,28254
101624,82109,23794,40909
101638,79308,34902,42412
101649,81979,45200,39010
101663,14174,49865,36867
101674,71339,42512,40077
101684,17883,33087,43605
101692,18564,15382,27692
101703,79329,38900,41780
101713,78656,46406,25634
101722,19181,33978,42292
101733,44410,14694,34714
101745,19958,20676,24038
101758,23626,41732,42238
101765,18094,31621,22230
101779,16006,30753,41951
101789,83402,39797,24617
101802,34908,13182,36088
101810,13893,31091,41359
101823,5058,33692,37132
101834,20373,48154,41558
101846,83296,20362,39276
101860,8569,44035,36116
101869,52010,6976,19368
101878,20318,30734,42149
101887,18742,52103,37174
101898,51200,8402,30490
101906,18700,44398,25380
101921,76530,41638,41626
101928,13105,22192,39877
101938,20836,19542,26770
101952,19266,20187,25916
101964,79979,42822,25149
101973,84133,46980,31018
101991,79936,34709,41518
102001,8844,32398,40804
102010,71490,33031,21927
102020,86846,17756,33182
102027,76618,19794,23738
102037,89463,22910,31934
102045,24550,36248,43274
102055,54700,26358,38664
102065,18403,39824,23264
102075,51384,46786,35314
102084,38220,13366,36454
102092,74440,10434,28742
102103,82935,37901,41074
102113,22644,33388,43196
102120,23340,40912,41835
102129,72795,17856,33295
102137,18210,37382,21625
102145,17546,43394,26426
102154,73706,32928,41899
102171,72361,16193,21758
102180,21544,46564,25640
102195,18792,40535,41965
102206,19230,41322,42988
102215,76109,33423,41399
102226,81308,33272,41092
102237,18998,46438,26454
102249,79949,45154,25022
102261,5016,31568,36726
102274,24230,31504,43614
102286,17396,19318,25162
102302,12240,47836,35907
102313,13957,20194,39118
102325,6088,23855,34859
102338,17314,35156,42888
102350,17486,23326,24682
102359,52494,17912,35216
102370,16638,32578,43148
102380,9083,25708,40123
102390,14360,14994,32066
102399,75720,34058,41464
102413,63336,15584,35540
102420,14394,20694,39782
102429,21142,14187,32258
102440,63122,9364,32768
102448,22882,30244,42878
102460,86556,16928,33306
102470,20510,27352,21668
102479,21510,31288,42630
102486,25885,43518,40936
102495,26526,34400,43516
102503,76205,32991,42138
102511,27216,35254,42560
102520,80093,25400,40519
102532,88548,22402,38230
102542,25196,35434,23494
102553,21038,25342,22390
102564,23560,33090,43080
102578,24850,25630,42546
102587,37122,17270,37274
102597,51420,9991,15297
102609,81204,32088,41734
102623,26860,45032,27586
102631,79860,35745,40788
102640,14274,35800,26058
102650,38095,19320,39104
102663,21155,13989,27057
102672,8782,44802,34506
102681,88600,19470,35498
102693,22309,41836,42888
102706,15242,15230,32352
102716,66796,6552,27708
102729,14770,27422,41754
102740,18300,38024,42904
102749,31572,40562,30176
102761,74452,30836,42482
102770,20432,29026,42620
102779,87106,42820,30804
102788,74982,23318,23270
102798,86151,29636,28002
102807,75717,13522,32104
102817,22500,42058,41557
102829,16772,28939,42040
102841,18500,19142,25250
102849,66870,34442,26890
102861,78976,33098,41732
102872,16488,50946,36702
102883,5616,27028,36834
102893,74248,48216,28634
102905,17586,24358,41664
102913,70768,40618,24896
102921,80580,34882,41794
102931,77829,19025,22891
102944,22127,15982,29924
102955,22041,41023,41536
102965,47977,64566,91946
102973,80574,23804,40984
102981,20105,15142,31129
102990,36906,10878,34908
102999,16201,31985,43360
103009,15480,44778,42340
103019,74017,39480,41336
103027,18156,37269,42765
103037,74123,13973,34788
103047,78111,38394,40655
103062,22006,15904,29390
103073,22532,32284,42810
103081,72476,28080,42263
103089,69921,32720,43116
103101,20532,14838,26672
103113,23987,30812,22406
103124,21810,13318,29286
103131,66562,39419,28093
103142,83843,38352,26266
103149,88958,43038,32694
103163,92538,29330,34790
103174,27042,37496,25128
103181,18616,23710,22428
103192,77276,22698,23384
103203,81449,33460,41964
103213,14288,26946,41318
103221,46650,13016,28376
103230,77526,30446,41172
103238,78360,37128,41286
103245,5366,39158,34530
103253,14804,26408,40986
103262,83348,45708,30456
103271,22402,32254,43124
103279,72243,26396,27851
103288,24098,43150,42438
103297,77412,30346,41596
103307,76581,38129,21107
103317,80027,30885,41574
103327,49949,43005,37832
103340,21178,46151,25380
103348,5088,35086,38392
103358,20884,42392,41360
103370,65915,35837,26205
103383,23850,29603,43022
103397,72674,9244,26524
103407,73808,31970,42123
103416,56020,8071,31130
103423,59757,10392,34884
103432,71672,44560,25716
103441,92766,35122,30148
103452,18790,15208,29088
103461,79216,34374,41274
103469,77610,47525,26116
103482,48288,9130,26560
103492,69934,36720,23845
103503,17102,32330,42828
103511,75448,32864,41212
103521,41248,38304,16714
103532,19604,24798,22574
103543,70190,42668,26562
103554,91896,26094,33408
103565,24610,33490,23516
103574,19362,40804,23430
103583,18463,16759,26137
103594,72298,33869,42457
103603,77676,44186,24426
103611,11368,47170,33384
103622,16010,30782,42721
103631,21162,15288,28798
103640,41142,9012,30888
103649,86760,34299,40145
103660,82014,29645,41885
103674,75474,36236,41242
103686,67042,17632,16193
103701,37140,10678,18416
103713,14918,35992,43255
103722,18680,37604,42996
103735,20358,26362,23652
103743,17400,29362,42486
103757,21188,48484,41194
103769,73929,17448,34469
103779,35120,6770,31244
103787,91392,23338,35700
103800,89774,38106,34469
103811,22909,41529,41978
103819,68428,39232,40646
103827,23118,32988,42760
103847,5945,29178,32119
103859,76708,24832,42206
103869,21882,40573,42490
103876,74264,13342,25486
103884,16421,35831,43561
103895,79308,17094,38302
103909,72558,25502,26368
103917,16168,51793,36288
103926,19918,27234,22801
103936,74371,25928,21523
103945,35150,15186,37232
103959,73754,29661,42287
103975,77296,38828,41646
103984,77180,31950,41230
103991,72836,36920,41664
104000,73428,37730,40942
104010,25458,38232,23948
104020,9523,19991,32186
104030,74450,33386,41222
104041,72286,32250,42124
104053,14452,33979,43520
104063,22860,45406,24738
104073,82394,48266,30748
104082,35028,15099,36078
104092,18570,15028,28258
104104,19610,41064,42942
104114,79178,44280,24874
104123,24949,33849,42949
104130,24814,36818,42894
104144,14284,36846,41486
104155,66462,17546,15366
104165,80836,33410,41654
104173,5346,27396,35364
104184,8562,35562,40386
104193,78051,43603,24184
104204,20220,36094,21231
104216,72947,9971,30052
104227,19492,49552,28096
104238,69148,35580,41536
104247,23952,40779,42336
104256,20304,31909,42555
104266,22930,45226,25216
104277,17430,23054,25128
104290,33430,39624,30874
104301,21180,32089,42686
104309,85571,47254,32138
104317,25647,35862,22451
104329,24646,43574,41280
104340,5979,28379,35454
104350,16094,36074,42508
104362,75062,33248,40900
104370,23624,40330,41710
104382,73957,42169,40744
104391,83870,39737,40778
104402,19000,18340,39052
104413,22708,24210,42628
104425,79826,39193,22640
104437,18624,34187,43240
104448,54876,7566,31372
104458,75299,20115,24625
104465,62982,37642,35322
104474,81746,33615,38138
104483,18888,31430,43222
104491,17180,25248,41468
104499,63596,21314,13308
104509,16430,51248,33756
104519,17216,29537,41859
104527,18079,51531,37793
104534,79400,32746,41678
104544,20036,51386,33114
104554,79000,33732,41430
104565,5223,32008,38319
104573,74002,33794,21306
104580,88940,41716,34646
104589,10214,45508,33540
104603,9562,20141,36109
104613,4832,28426,36318
104622,24606,34212,43056
104634,79152,28011,42423
104644,21252,16106,34694
104657,8314,43470,35182
104669,43661,9869,15200
104677,77325,37502,19936
104686,20034,17359,24183
104702,82567,31454,41900
104712,61134,20046,35037
104723,40724,11967,32817
104734,34944,21388,13006
104745,38672,14646,36512
104758,22954,50040,28980
104767,73756,14333,30330
104785,74990,36356,40668
104795,85170,24522,40636
104804,73794,23165,41635
104816,23116,41616,42926
104824,81314,38978,41274
104835,81387,29300,41978
104849,15597,29831,24760
104858,21130,36226,42618
104866,56728,13394,36920
104879,19798,39084,43278
104890,92590,30435,31826
104902,18614,36672,43148
104912,34412,38990,33827
104919,46189,17881,33886
104928,19880,38458,21900
104938,14962,26960,39424
104949,76015,41882,41442
104961,26648,47522,37582
104970,59914,10833,35608
104978,79941,20383,25128
104986,79359,41590,23838
104996,22124,37079,41926
105006,83668,17402,30994
105013,8540,35034,40726
105021,19769,43982,41302
105036,3920,30079,33773
105045,77038,41320,41038
105056,91816,40049,32751
105065,8858,20430,34039
105077,78979,33848,42480
105089,76586,16109,37130
105103,74200,15434,35590
105111,86770,18610,36948
105123,62868,7030,30850
105132,82666,44442,29730
105144,74694,41666,40364
105157,23899,43978,42018
105168,16740,29838,41813
105176,17038,25718,24071
105184,86055,34037,40890
105196,79804,39267,41134
105205,4594,36077,36792
105214,18810,35106,42350
105228,24970,30117,43206
105236,79740,30984,41054
105245,5276,26606,33110
105257,24831,44199,41980
105265,11596,47156,35468
105279,15460,15098,33298
105289,43616,9293,16144
105300,18352,28850,42053
105312,19869,21327,23390
105322,20576,16336,27316
105329,19946,15283,34437
105336,80748,13372,28770
105348,19488,27370,21704
105356,17056,28196,41540
105363,26234,34948,42808
105376,6408,40260,31624
105383,18896,14258,29612
105392,84886,40996,39668
105402,71682,42474,39492
105411,26222,38298,23827
105422,31144,41475,30043
105430,19751,38382,41995
105437,73623,14108,31788
105445,88870,18818,34694
105455,4914,38604,37438
105469,52577,46397,31941
105478,73805,41644,40251
105490,69190,40841,25914
105499,22993,51358,31782
105516,17856,36594,22674
105526,24744,28428,43108
105536,76412,40648,21622
105546,20614,41160,42192
105556,33107,19843,16982
105565,3867,38286,36792
105574,20636,31756,42758
105582,58507,34957,16163
105593,76631,39495,41814
105604,75326,15240,35326
105611,19032,40147,42700
105622,20959,40036,41533
105630,20133,44694,42662
105640,27042,35092,42806
105648,15876,50813,36369
105661,75629,12028,30339
105673,22436,29482,43310
105684,40367,7769,30297
105694,28390,36238,22450
105701,75830,43092,24388
105710,20648,37280,43132
105719,81640,31660,40262
105731,8779,21552,33991
105740,20157,47175,42004
105755,14286,38566,42384
105766,6025,23711,32972
105778,16724,46290,42226
105789,48334,65564,95462
105797,6359,38046,35538
105809,16166,29926,43115
105823,15632,33082,41364
105830,21989,41541,41707
105840,21776,12808,30428
105849,26336,34730,43068
105858,19498,24740,21768
105872,14226,22147,40598
105884,13877,46510,31873
105895,18613,30199,42662
105902,16046,27339,42025
105912,91789,27512,31396
105920,76016,42016,40348
105932,74396,43122,24226
105941,72301,19841,39282
105954,77230,29586,42764
105965,21482,41454,24220
105975,91572,28552,32248
105985,81828,29655,41582
105995,16928,23778,41314
106004,75002,23566,20526
106022,45987,11952,13869
106029,19200,37192,22326
106039,54651,12288,32156
106048,16840,28958,42694
106056,13907,33673,42013
106070,23347,30071,22428
106081,17263,43888,26650
106093,20730,30308,42260
106103,21844,44449,40921
106118,18621,36112,22268
106131,21050,37298,43016
106143,86280,17052,34940
106159,80204,49554,29102
106168,31218,22032,15572
106177,82911,13930,30344
106186,27232,41652,27468
106196,18452,18912,39412
106206,61949,7673,32229
106214,60108,59841,113521
106227,59508,36292,14648
106235,77664,49454,27462
106247,77834,31034,41241
106255,19154,38726,43630
106267,19628,35096,42898
106278,77381,40201,41514
106288,10285,45979,32669
106296,20694,15054,33782
106305,79982,39761,40762
106312,78125,38300,40205
106329,5272,29650,36516
106338,26618,37536,42938
106347,92540,28408,32268
106362,22718,38030,42527
106370,4355,27735,33903
106378,90642,33738,33668
106386,81384,21534,39662
106394,16604,31482,43162
106406,69458,35594,41987
106415,78520,41668,21696
106429,18990,18098,26481
106442,22752,34774,22322
106456,11064,38610,42244
106471,19273,39201,41891
106481,82004,43199,27222
106494,43668,21416,37452
106504,79158,39522,21794
106513,89974,22497,34496
106527,15462,16639,28145
106535,26252,34366,43262
106548,9610,25782,22278
106557,17302,28660,41520
106565,14293,44065,29540
106575,18936,52424,30770
106583,15858,26380,42668
106595,73668,41490,40680
106611,17008,19062,25772
106622,9437,27457,39983
106632,84099,34900,24639
106646,20698,15598,29176
106656,20045,45990,25503
106664,20338,30332,42216
106674,89472,19108,33740
106685,9523,33804,42167
106701,19059,31994,42479
106713,21776,49502,39839
106720,74964,12240,27082
106736,16081,25955,42478
106747,17313,40195,24161
106757,80107,39126,40502
106767,23738,49174,28750
106777,90976,26456,33602
106790,4702,32738,35432
106801,18735,31513,42101
106811,6407,35326,40021
106822,17788,16410,26352
106838,20071,52854,31350
106847,88718,35614,39004
106856,53764,9642,32984
106867,21002,44886,42580
106875,17246,38964,43012
106885,64717,9813,32989
106894,25554,36890,42828
106907,90506,34908,36604
106914,20068,37367,42870
106926,86450,45929,33470
106937,27345,35925,42355
106947,76932,34584,40748
106954,76438,14017,27562
106971,19240,47192,26286
106982,79552,30982,42558
106992,7044,40402,39060
107000,69304,36944,24242
107009,62730,10041,33662
107022,14980,31018,42230
107031,17570,32001,41652
107041,34207,11616,35296
107054,19836,44780,42386
107069,91660,30059,33070
107077,4606,26924,32624
107084,71977,31573,22315
107094,4458,31150,34780
107105,22219,35885,42242
107120,29869,33495,41276
107132,24504,43235,42069
107145,84265,41281,39818
107155,68636,43128,28700
107165,77196,34756,40972
107173,82198,15082,29012
107185,14808,31358,42104
107195,51558,7594,29152
107204,80264,28148,22419
107214,75764,16374,24958
107223,12752,19380,37808
107235,17090,25786,42136
107244,22532,49150,28550
107252,21770,25206,23750
107262,16141,26245,42070
107271,17382,27308,41806
107285,58062,18177,11776
107294,69668,43390,27094
107305,9036,20274,33036
107319,76056,42426,40467
107327,25877,35851,24229
107338,16258,50408,35712
107350,30244,35999,29179
107360,77117,13337,30003
107370,15752,27100,41262
107380,20678,49134,26880
107389,28283,42642,28029
107401,72990,41438,39756
107412,19504,26752,21176
107421,19428,24286,23832
107433,72001,36008,22761
107442,21312,33394,42526
107450,23666,43256,42216
107461,78318,40656,38926
107470,18735,43932,25715
107480,81603,26077,40175
107489,26299,36014,42984
107500,83991,48461,33498
107509,22734,25914,43108
107520,17195,21865,25741
107531,38267,9722,18950
107543,21381,41944,42558
107555,4286,27438,31186
107567,20226,29957,42218
107577,77682,33082,42626
107588,17939,24695,22953
107599,14082,38272,25362
107608,72926,40256,40454
107616,16426,26054,41944
107628,25889,38582,42161
107638,27588,38822,25608
107648,16123,27862,42423
107656,18013,52177,35718
107668,91156,31422,33362
107679,57472,11920,36192
107690,50809,9971,30932
107699,77010,28564,41660
107710,17634,28113,41915
107719,18792,32582,42280
107731,14253,49266,32057
107743,76179,14740,33830
107753,76127,18298,25301
107761,33336,12265,35146
107768,26759,40227,25853
107779,76580,15086,26700
107791,19304,17602,26786
107804,71131,34279,41986
107813,75680,44714,24382
107821,29570,40234,27586
107829,75501,29765,41851
107837,63201,36496,31941
107846,83767,34968,41753
107863,28948,8706,29588
107871,15490,33616,42406
107886,16352,46828,31174
107894,35132,20648,13396
107907,20676,39204,43150
107924,73024,12568,21514
107943,79967,33616,40568
107956,8313,30876,29877
107967,69927,16573,34268
107978,12894,39478,27868
107990,91513,26472,33974
107998,80322,33558,42442
108007,17490,26410,41918
108016,19426,35398,43164
108032,75697,30057,41636
108042,43482,8838,29874
108059,63574,7072,32568
108066,26058,36553,42482
108076,24139,47983,39632
108086,76099,22973,22539
108097,20672,40496,42814
108104,17148,39319,22928
108114,13124,25236,28784
108125,87528,42670,30732
108133,27042,17412,35186
108145,3356,28608,34534
108156,81253,48802,34049
108169,10894,33220,28806
108178,20177,30679,22392
108187,19775,35452,41956
108195,21568,16746,30670
108205,20580,41060,42676
108212,75640,39198,41128
108227,16904,22604,24806
108235,16514,32134,43478
108243,80592,30816,41190
108251,19172,48724,28512
108261,56497,54199,63374
108269,11262,22776,39474
108277,57496,13514,36708
108286,45320,9386,29422
108297,30386,33292,41134
108310,26770,42129,41489
108318,80854,50447,30253
108325,19254,31640,42574
108336,74852,40600,40564
108349,23602,34614,42786
108364,71484,36470,41398
108376,16756,27942,42221
108386,17104,52042,36355
108400,5546,42420,32936
108409,74964,49204,29732
108417,18170,28557,43215
108429,53770,16264,11458
108443,76292,40454,40586
108453,81720,33432,41602
108465,77590,50292,29036
108478,49494,8492,25234
108486,23830,50685,31789
108495,18962,21482,25468
108505,15827,27050,42014
108516,16326,29122,43164
108525,28060,43104,28891
108532,15056,29378,42846
108544,73843,14660,34725
108554,76146,20262,21108
108566,39171,38380,18044
108576,37496,13098,15694
108587,83754,31000,40561
108596,16146,30175,42814
108609,65002,22380,14356
108618,22272,16784,32662
108626,14402,33004,41018
108639,20448,17897,26145
108647,79246,37688,36722
108655,9588,20434,35458
108668,75378,24942,20230
108679,11944,47909,31107
108691,20526,39112,43472
108701,75935,35273,41092
108711,90528,26742,36500
108725,73638,20390,25348
108738,43236,18272,36412
108746,85401,15914,34007
108757,22050,32146,43015
108766,9712,46268,31062
108775,6382,31344,39628
108784,10412,29877,41463
108792,87831,44873,29231
108801,24568,34690,23370
108815,21056,23314,22240
108824,25224,36512,42934
108841,76630,36330,42120
108849,80294,27134,42280
108857,18287,29930,43487
108867,76004,14428,34869
108876,16959,31752,42112
108892,76826,34736,21086
108900,5349,28097,35017
108907,20894,31000,42474
108916,12788,32540,42492
108928,8221,30667,40934
108938,19782,30678,43656
108948,26420,36838,42290
108956,6282,20838,31190
108970,20642,40745,42019
108979,80479,32042,42154
108992,44952,7344,24534
109006,21292,41034,41810
109017,79815,24157,40524
109026,73853,26927,42164
109035,23958,39730,42081
109044,73762,35670,41582
109054,75302,36956,40962
109062,89892,24514,35247
109074,77176,35340,42214
109081,68609,14112,18267
109095,11896,30527,42735
109105,20280,43104,41284
109113,77148,28290,41380
109120,18661,26539,41844
109130,4161,35312,35808
109141,14468,28544,42598
109148,79614,25538,41192
109158,10356,42956,41286
109170,81320,36856,39442
109183,18740,22756,23712
109197,19700,37448,41592
109208,20046,16082,28878
109217,23982,30335,42886
109225,21400,27997,42932
109235,82166,27773,42069
109246,77178,15528,24792
109255,20786,15484,31084
109266,21161,45963,25924
109273,14541,26485,41956
109282,59798,32287,37523
109289,4974,34738,31328
109297,11074,37352,42482
109307,16894,17164,26814
109315,5879,28833,38596
109333,57000,15414,36380
109347,21586,39982,42692
109361,13700,25662,41192
109373,31851,41479,31166
109381,17074,18980,39442
109390,20428,15208,27620
109404,29502,33427,25911
109417,16591,31744,42024
109426,89278,20610,33450
109435,29060,38808,28662
109442,75576,31534,42866
109454,72256,31286,42614
109464,84102,37592,27335
109475,23819,43635,42075
109482,73670,41222,40404
109495,86586,36712,28446
109503,5726,28047,33162
109514,8878,30105,40162
109530,12577,30376,28029
109545,24378,44700,40980
109556,19326,37410,43408
109565,45951,13626,28429
109578,28961,35683,41882
109589,5076,30946,37596
109598,22055,33422,42291
109609,16054,28682,41775
109623,5762,26216,32820
109630,78992,34738,42590
109639,81114,27768,40866
109652,20100,32590,42278
109663,75466,41492,40322
109671,18610,32427,21855
109684,28454,16640,34940
109694,17556,44852,28356
109705,27306,42896,41024
109717,21164,29110,21146
109725,79645,38011,40258
109738,80700,34193,21745
109749,77610,36194,42490
109758,54388,11260,32350
109771,92080,37759,33900
109778,83770,39674,28036
109787,66095,42680,33630
109795,15514,23206,39776
109804,45048,13131,32078
109812,81813,27121,42001
109820,16248,14812,32314
109836,90840,29302,37752
109844,10626,31123,42032
109852,16397,14178,32131
109860,69080,33414,42410
109870,57198,12632,36290
109885,29244,33356,41728
109895,80590,45590,25374
109904,77702,15957,25259
109914,73672,16252,30060
109923,15146,49686,34386
109932,71379,33921,42224
109942,77394,39992,41232
109951,81404,13052,29572
109961,25490,48476,37666
109973,73379,31958,20549
109982,62595,18173,15843
109993,74196,23688,21452
110002,21278,31458,42304
110010,16682,50566,32396
110021,76045,29001,42003
110033,73831,39624,40572
110041,19782,42836,42051
110050,61474,13598,35616
110060,16976,34156,42955
110067,19825,18082,26679
110074,24301,42047,42519
110088,35163,38365,17840
110096,23546,43606,42288
110105,16546,42454,42638
110120,68838,40061,25929
110128,34668,7314,30804
110140,53096,59610,65768
110150,6252,38112,36735
110166,53883,21200,37508
110178,71989,38759,40821
110187,14146,35724,43123
110197,81179,30010,41349
110211,18368,49190,31182
110221,88094,28637,39962
110230,20246,25995,21682
110240,79184,34226,42574
110248,76202,50174,30626
110260,15114,23482,40746
110274,57150,10616,35374
110282,57599,9642,31999
110293,52599,43693,37333
110309,21166,40358,42150
110320,20766,21592,24642
110327,17372,25742,42808
110339,81748,24586,39284
110348,23180,44242,41724
110364,8296,21780,33786
110374,28240,44884,30482
110384,21963,39073,41971
110396,81567,34825,42090
110404,33754,24648,13486
110413,25378,37756,42690
110424,79086,17654,38708
110438,71614,11433,32184
110448,49193,8099,15512
110461,20226,44522,26188
110470,87481,30377,39805
110477,76684,21754,23754
110484,9324,31670,41658
110498,20300,27308,42848
110506,6792,24896,37044
110517,81504,45190,39092
110529,7082,21374,33440
110541,73829,41288,39734
110551,5632,23752,34806
110563,24774,39444,23768
110573,82228,48272,32190
110584,79036,28718,41010
110594,22638,43384,41236
110602,68304,41604,26966
110612,16453,40113,43091
110621,16220,17230,28276
110633,16682,18998,26610
110647,5286,31130,33630
110659,40258,40420,15228
110667,22318,36736,22352
110682,23841,26319,42940
110691,21015,43983,41168
110704,15730,27706,42656
110712,17835,30983,41888
110723,92692,29242,33402
110732,68230,39380,25032
110742,22354,37739,42020
110752,77093,33083,41953
110760,81372,34514,42065
110771,9417,27908,40386
110781,19312,21370,25374
110789,76642,34318,41188
110805,24754,38420,23058
110816,25392,36534,24316
110826,77983,33255,42766
110837,79242,40458,21939
110847,26470,46550,38738
110859,22534,44408,42426
110877,20598,49266,27938
110889,91359,36538,34065
110901,75772,27164,20522
110911,29036,31516,42186
110926,92628,30724,32488
110935,21869,38503,42018
110946,17961,28376,42578
110954,82579,28971,41915
110962,77944,45415,24070
110975,19554,48380,29668
110985,16690,33454,43266
110993,80438,31011,42153
111003,20830,29298,42764
111013,81420,42834,24808
111021,79904,34217,41556
111029,84118,41184,27666
111036,20082,42504,41927
111043,77991,50148,30934
111058,77135,17956,38737
111066,76116,37735,41999
111078,3140,29422,35478
111087,19621,14165,32540
111102,33002,11484,19877
111119,24169,26154,42819
111127,58320,9508,34496
111140,66993,11538,19835
111150,77700,24794,41170
111159,23685,43382,41882
111169,47078,11710,27722
111179,89988,23664,33042
111193,77853,31270,41557
111202,75836,37620,41779
111214,16242,31354,43350
111227,16271,24089,41902
111236,26078,37122,42807
111245,16144,23174,40355
111255,18959,43923,43054
111268,17392,30059,43347
111281,72788,33794,41808
111293,22788,18356,35154
111304,21287,39869,42105
111317,88040,20036,35690
111329,11646,31394,28732
111337,21398,42998,41460
111347,79955,35174,41013
111360,32867,14053,35146
111368,15742,30918,42500
111379,87065,18058,34609
111389,90934,23058,34626
111401,19968,40999,42297
111412,16746,27306,20444
111421,13987,30415,42431
111431,13088,26828,41174
111442,17300,35366,22790
111450,19997,23820,22022
111460,43592,20808,37332
111478,24508,39556,42452
111486,24769,39828,42724
111497,21746,31474,42890
111509,75938,37407,41235
111522,16512,27074,42320
111533,76330,30207,41794
111546,75121,35867,41125
111555,20266,40472,23356
111565,18882,52540,31752
111574,40648,7136,29278
111582,10081,45358,30345
111590,75938,33556,42220
111603,12518,28934,41444
111614,74515,37846,41815
111625,20712,31350,42468
111635,76489,29500,21900
111644,10080,20686,32494
111655,53586,7220,30256
111665,40442,16803,12155
111676,82616,48860,29174
111691,74804,14566,26496
111700,91440,39342,31736
111708,21138,17244,26438
111716,76466,39768,20736
111727,78234,47238,26426
111737,15102,31246,41894
111746,17711,34118,21910
111754,60800,9826,33586
111762,21808,39652,42830
111775,24914,31688,23098
111782,23510,22998,20768
111790,26049,41033,41946
111798,28006,41554,41530
111807,16882,28608,42590
111817,83636,14394,30464
111828,74282,39633,42075
111837,41758,16429,37195
111850,16927,22139,24879
111860,6318,23500,35630
111873,76858,28968,41714
111883,6330,41250,33648
111891,20698,24890,22800
111899,23060,41710,42254
111907,75020,13028,26488
111917,18408,19827,39745
111926,14718,30604,43304
111937,80156,29332,41280
111951,10494,41038,31582
111960,10166,30701,29657
111969,14203,33411,41865
111979,22527,36076,43789
111990,16760,29218,41596
112002,82522,35146,25124
112015,15500,32032,42768
112024,71244,42350,39506
112033,80610,15574,36694
112042,21144,44384,24822
112050,77705,26918,42098
112058,76121,41116,40891
112069,5348,31090,39246
112078,9784,34858,41750
112088,20118,30863,42464
112103,49555,12653,28059
112115,16510,29104,41806
112126,17336,23784,41298
112138,5150,32244,31450
112150,26542,40013,42006
112160,84946,38940,40832
112174,26604,46092,39573
112183,89004,40678,32418
112191,48918,20698,13388
112202,80710,23922,41313
112210,47156,57616,66432
112223,12805,31792,43229
112237,28768,38060,24908
112245,78484,18610,39416
112254,18289,25817,22259
112263,66814,35866,40413
112274,22990,32696,22488
112285,17044,28060,42675
112294,73386,20678,25492
112305,14015,41189,28254
112312,18332,30316,43530
112324,91658,24084,35408
112331,80474,27642,40936
112340,28706,45050,37534
112352,26571,39919,24508
112366,14987,29840,42675
112375,79769,18910,25412
112388,36224,37302,33264
112399,11318,42964,41540
112408,9832,43737,31366
112420,15314,35304,40982
112432,29358,42346,29144
112443,83660,32940,41346
112457,75424,13924,26037
112466,38764,37864,19086
112481,69115,8098,27312
112494,74202,26678,42356
112502,81510,29496,42264
112516,17939,32335,43056
112530,51712,12528,33574
112542,72932,11210,31288
112551,18726,51550,35220
112569,40074,35159,13351
112581,10102,19090,31961
112591,74382,35875,42499
112599,65913,11903,19722
112610,57206,12262,36192
112618,14688,23100,41196
112627,31971,39958,28603
112637,80294,28202,40580
112646,4892,37620,34646
112654,18548,18312,24111
112667,34552,22276,15170
112681,16866,25670,42410
112690,83797,46421,29795
112700,67999,38655,25248
112713,22371,36141,43480
112721,79970,23004,40521
112729,63661,12078,34321
112742,9066,40037,31025
112750,18735,27431,41986
112765,81248,47742,30922
112776,76642,42764,39408
112788,11248,47178,31452
112796,28258,45882,37248
112805,15222,44472,42536
112816,26918,36758,42704
112830,81782,31403,40459
112839,78428,48616,31130
112849,74023,13791,29215
112857,81088,27320,40674
112866,19824,32980,43104
112873,13559,24168,40654
112883,24468,33122,22336
112892,19548,33678,43170
112902,42817,13836,33512
112911,4238,33270,34822
112920,15116,15354,33052
112929,35076,37434,33748
112937,48918,39162,42584
112948,83308,28978,40444
112959,75620,22858,20448
112970,20161,33537,43459
112978,49400,48480,34662
112990,80480,24524,41594
112999,13628,20394,38572
113010,88776,19622,32268
113023,15536,25104,40806
113040,79825,28124,41060
113054,19264,35048,43040
113064,24481,39443,24007
113073,32071,24386,15212
113085,66086,12254,20121
113096,14966,15308,32664
113106,18446,20252,39736
113116,3926,32241,33713
113132,21666,16058,30870
113146,80885,28981,41834
113157,5190,28588,37772
113164,72262,44866,38252
113174,50398,6654,25044
113185,74398,41534,40944
113200,22359,51961,36262
113207,25244,34382,42826
113214,20962,50260,39736
113221,73930,40777,40486
113230,86088,38820,40533
113247,10222,36720,42194
113257,11858,17017,30874
113270,66284,20336,15230
113279,70753,22363,40067
113288,76145,18966,24658
113295,78774,26624,41058
113306,90870,39764,30125
113315,7576,36236,40194
113331,62910,22586,15957
113340,64810,18484,15394
113352,74724,40184,22506
113366,81926,25438,40710
113378,8280,44878,36258
113389,16308,16354,26974
113399,17989,13828,31404
113407,18757,24324,24163
113414,26949,37994,42362
113425,18632,46174,42358
113435,20868,25326,23364
113450,64965,10147,33535
113464,5886,38008,35076
113473,65622,38800,28490
113483,76682,41544,22630
113491,20888,25658,22540
113501,89510,22342,37792
113512,50437,11328,31806
113525,88632,19072,32642
113533,20548,43836,41988
113542,16431,26139,42500
113554,79180,27002,41412
113564,75058,19090,23376
113573,19686,34270,43536
113580,13066,16576,32664
113587,80358,29088,41652
113598,15071,15814,30405
113611,35294,12786,36460
113623,69648,37292,23622
113636,16334,25502,41176
113645,80762,13378,30674
113654,24214,40457,42115
113665,20530,15160,32258
113677,7596,41309,38079
113690,25142,37282,43678
113701,8088,21683,32867
113710,11666,35540,42820
113726,81146,24568,40720
113738,73380,39400,22540
113746,21414,40974,23806
113757,74182,27360,20958
113767,17454,35226,22464
113778,66488,42238,30454
113791,18433,14911,29957
113801,46696,9040,25580
113809,75494,48464,28390
113821,22220,38884,43126
113835,37278,12057,36069
113843,20696,22376,24304
113858,61052,36648,16982
113866,69246,13576,33428
113878,21891,41243,42824
113890,73370,36800,41318
113902,23395,43989,42362
113912,11927,32135,42647
113922,71382,39158,41080
113934,20077,26126,42373
113945,24846,32868,43304
113958,59632,35373,14162
113969,83704,19324,38812
113978,28115,39457,42224
113989,79700,31426,42274
114000,21704,39903,42187
114014,86397,27977,40997
114023,11890,45772,33045
114033,23782,43180,41252
114042,19462,20250,24974
114055,88634,39604,29964
114062,9429,44015,34528
114074,12192,23018,39991
114087,27476,40504,41634
114097,88196,20252,32964
114108,76749,12169,28593
114123,22422,29194,42808
114132,15458,32161,43417
114143,79758,27932,42081
114154,20652,20798,25222
114167,17102,29194,42994
114176,87724,19304,36606
114191,54958,13158,30752
114199,19604,41600,23574
114207,25354,39515,41889
114216,52880,14992,11702
114226,28972,44716,36656
114236,82516,28098,41668
114249,81316,28702,40452
114258,32917,40014,30518
114270,65328,36060,39024
114283,91052,32774,31148
114293,71586,22598,39716
114306,16986,30016,42236
114319,74773,21897,19963
114331,77354,29908,41730
114344,17667,42071,25501
114353,21170,38250,43364
114362,90954,24544,34908
114371,16968,40708,42254
114380,23494,38630,23210
114390,16202,25132,41066
114402,39370,6074,25762
114413,21196,14416,28968
114420,77522,27462,42542
114428,45630,9710,14924
114438,30129,34190,41607
114446,25376,40884,42376
114455,75586,38514,41652
114466,14140,28556,42086
114474,4309,31887,33301
114481,69712,35330,41594
114490,71066,34124,22329
114503,16444,33338,41508
114512,73780,40850,41681
114520,60720,5202,26028
114528,18495,52058,37486
114536,92676,32596,33881
114547,75092,38476,42176
114562,88714,40936,29490
114574,16984,14600,29696
114583,79826,24689,41186
114592,15535,51294,32107
114601,21768,14162,31491
114609,19277,29981,42862
114616,77600,40296,21636
114625,92322,28628,31186
114640,71573,40002,41639
114651,17515,23031,42034
114669,23008,31626,42796
114677,20730,32758,43780
114684,81324,25180,41056
114692,74004,21570,41275
114701,72322,41164,40582
114715,47336,6696,17953
114724,82457,36507,40097
114732,77162,41292,23066
114741,20538,29658,22192
114755,17701,51789,23023
114769,25825,36569,42892
114779,19943,15759,33408
114790,15860,25049,41142
114798,83404,30852,40814
114810,82730,32132,41214
114821,53898,6726,20955
114831,20123,52095,33921
114844,17892,23702,41933
114857,76268,37010,42318
114870,2912,33806,36123
114877,19923,52463,33642
114891,25183,49356,36102
114902,57552,12366,36416
114911,24548,33644,43382
114922,22158,38112,42926
114931,64616,39642,29452
114942,31604,21294,17592
114954,72514,45002,38682
114964,80676,22572,20126
114977,16112,33227,41521
114986,17210,28470,42854
114996,16044,51109,33295
115006,12243,36504,42732
115020,78494,36408,35352
115034,82766,30654,40580
115043,25180,42682,41818
115051,18044,33309,43066
115062,72830,42870,39700
115073,82597,40157,40691
115089,87447,29874,40302
115099,16197,28776,42306
115111,25104,36598,42606
115123,80900,24648,41684
115135,4671,26927,35850
115149,19438,40728,41710
115159,75042,21008,19861
115167,9438,45931,33519
115176,39872,21614,38611
115184,69929,36786,41227
115194,14629,32052,42723
115203,20256,28870,43166
115214,23803,39926,41652
115224,88824,41164,35758
115232,80650,47286,26208
115240,35967,8552,32814
115252,19176,35184,43806
115266,13812,41739,42620
115279,20558,38796,23144
115288,91258,31636,33042
115298,18650,24812,42780
115307,14031,28119,42108
115314,75961,33808,42477
115324,78994,35688,42528
115336,22472,18554,31170
115348,73252,43734,39544
115359,73744,27754,19965
115376,16382,27444,41774
115386,5748,34420,31742
115399,16276,25843,42251
115410,23441,39982,41750
115422,24804,35304,43242
115430,7102,24104,35931
115440,19974,27562,42720
115447,6888,21376,34798
115454,6248,42244,34820
115463,46352,10010,26612
115473,82930,48202,31428
115487,18141,23912,41500
115499,67565,8157,29289
115509,7040,29000,31506
115519,25298,42738,25552
115527,71036,41220,39800
115539,78772,28990,41640
115549,8666,20121,33895
115565,22028,37494,43686
115579,23048,42408,42416
115589,18998,41412,40998
115599,23919,37868,43291
115611,55579,11067,33967
115622,37849,37348,17758
115639,13152,44428,30846
115648,71978,18497,31995
115655,6432,26330,37052
115664,66806,8826,31500
115678,20638,21480,23614
115690,38176,5443,27077
115707,53530,26898,38175
115714,23184,33108,44010
115723,23374,34376,23072
115733,22356,25756,43250
115747,10093,34631,42376
115759,20546,19405,39957
115771,86504,44402,36992
115783,17921,30155,43430
115793,81686,13252,29778
115806,77744,19790,24167
115819,55996,12654,35847
115828,17266,25271,41810
115838,76545,29784,41999
115848,79876,29608,42202
115855,19582,27652,42482
115863,76298,32364,20664
115873,3026,33050,32688
115883,48902,9352,15664
115891,17166,14444,32034
115901,88384,21958,38239
115912,8526,34107,41780
115922,10334,19426,34980
115931,5927,36431,35592
115940,80940,24922,41058
115947,77321,35972,41850
115958,8336,44091,33377
115970,12675,17922,31675
115983,62002,17931,16348
115993,20216,44648,42284
116010,16930,22360,41584
116019,76503,20649,23856
116030,9296,45138,32998
116044,88566,29678,39812
116057,54087,9052,31292
116071,78802,33922,42090
116084,62870,10475,33909
116095,20428,20740,24029
116105,22009,14646,28823
116113,6868,22564,34852
116126,69834,41710,27814
116134,34124,22694,13239
116144,43582,11038,32256
116156,79542,29470,42326
116167,79157,30069,42387
116178,26146,45774,39300
116187,26630,36570,42598
116197,72772,38882,41554
116208,83092,29424,41596
116217,12036,17498,32515
116229,6055,25664,37353
116239,17380,21638,41342
116251,69987,12740,20100
116260,90872,39238,35512
116272,90404,29764,30442
116282,18384,46928,29034
116291,23874,28292,43236
116304,59470,11314,36011
116311,22602,32254,42308
116321,20326,50658,28486
116334,79978,49812,30945
116347,25914,42109,25827
116359,74476,41946,40299
116368,77942,26485,41903
116380,78432,31382,41254
116395,23786,43214,42586
116408,20969,43300,24028
116419,27933,36069,42815
116430,70642,36320,41628
116441,9820,32906,29728
116452,74432,12948,28840
116466,6420,41092,34992
116476,11912,38997,42229
116489,78073,28078,42622
116503,23154,20374,39961
116519,6649,27916,33099
116527,32190,23669,16647
116538,20694,16718,27344
116546,17418,14272,29042
116555,56253,11945,14634
116565,17612,27544,42246
116578,80504,27746,42266
116587,10374,26352,40960
116598,72512,39384,41026
116608,69662,36914,41606
116619,77974,41725,23507
116637,74752,35861,41009
116650,74558,30177,42475
116666,73760,28324,42564
116675,63846,6684,30962
116686,12400,35514,43064
116697,17923,50135,33594
116708,28748,36360,42168
116720,79395,44893,39934
116734,74316,26337,20252
116744,15603,17187,27868
116753,12143,38574,28938
116765,27620,44054,29697
116773,82864,22304,40418
116785,23400,40976,23696
116794,11577,27947,28957
116804,5286,40199,31848
116816,18906,27921,42331
116828,12144,34153,28006
116839,82906,35736,41486
116847,81869,31661,41273
116854,79790,30379,42019
116868,92578,28558,28916
116882,77358,30678,42716
116889,30842,38866,28776
116897,28616,8484,28768
116908,82754,16722,28464
116918,72734,40668,41278
116928,66532,42924,34628
116938,7220,25748,33450
116949,21997,35840,22611
116961,18314,14764,30878
116969,20856,44528,25768
116982,82696,34720,23636
116997,75102,31580,42878
117010,11494,35792,42590
117022,21228,37462,42538
117031,88148,29145,39926
117040,41302,10726,33068
117051,60519,10164,34508
117061,70451,34223,42059
117072,22073,33027,43390
117082,72012,32697,20931
117092,45746,63702,71458
117105,25849,41731,42411
117113,73437,42145,23285
117121,61136,21144,13560
117130,21136,28836,42984
117138,81620,18974,21450
117149,20112,51816,29712
117157,79773,37948,40546
117167,76594,33306,42852
117176,20646,33410,43078
117184,74260,33700,42426
117194,27977,37995,24577
117201,86684,16859,33842
117211,41148,7228,21026
117224,25052,32634,23548
117236,15054,44314,42256
117244,10778,44698,31720
117257,72917,13993,22601
117266,5494,33010,37778
117275,83845,44833,38749
117286,57556,9362,32284
117302,87157,25309,39832
117312,19424,32760,43092
117322,81883,34405,41058
117331,73658,38992,42222
117342,30086,11123,33551
117356,48776,13234,32824
117365,12380,47631,31954
117374,8506,44984,31312
117387,28940,38980,41770
117396,77768,28594,41570
117406,91062,19528,30632
117415,15494,36804,43390
117424,18116,41525,41798
117437,62428,34744,36474
117449,24294,42544,25308
117465,53008,64226,86034
117473,71460,38792,41144
117485,23364,21690,41580
117497,26318,39558,24902
117509,28115,41152,41533
117523,19636,41524,41324
117534,18014,29616,22870
117545,20883,37772,43120
117552,5796,36536,37047
117560,60438,12674,36444
117568,90923,35795,33172
117580,18039,21499,40277
117591,25656,36990,43660
117601,26290,35943,22137
117611,82124,15018,26012
117622,52965,10914,32017
117634,18907,53287,33866
117644,18020,27962,42096
117658,18262,25938,42531
117666,18952,39012,23440
117675,21186,44358,41024
117685,29367,13753,34078
117692,46133,59696,67517
117702,22708,44064,42267
117714,21333,14332,30052
117727,72800,40888,40944
117740,63969,16428,34975
117754,17244,26934,42172
117767,9100,20894,33286
117780,15992,51601,34394
117790,9897,42751,33450
117800,73991,45084,24753
117809,7624,22362,33424
117819,26084,42590,41187
117835,16600,31110,43428
117845,19426,18610,38806
117859,20930,22252,24540
117868,39548,36298,15931
117878,72696,15691,27980
117887,7376,41112,37554
117895,79756,41723,22455
117904,76376,48606,28556
117915,77310,19548,24898
117927,26648,43094,26968
117938,23222,44424,41412
117949,17508,22610,41332
117956,5628,27769,33989
117972,49832,14263,31887
117983,74201,11389,26034
117997,21156,26390,42816
118011,13456,36112,26694
118025,19686,26540,22794
118036,10352,47184,34095
118046,5272,32572,33252
118057,13226,43701,30006
118068,4560,29732,33148
118075,86060,36280,40994
118089,28752,44666,36936
118098,83120,32171,41621
118108,74428,39598,41358
118119,80176,15241,27958
118133,18663,25707,42056
118148,4676,32038,34366
118159,7910,35191,29720
118168,19668,19526,25956
118176,17677,19574,39854
118188,73708,40056,41529
118198,4496,26724,31484
118207,13103,32047,43163
118217,13982,36229,25090
118225,28636,43403,40143
118232,18714,29094,42310
118243,14544,40082,43065
118253,72612,18854,28304
118264,36941,17662,13886
118276,19937,31730,43393
118288,47556,8117,26154
118300,75382,28760,42230
118316,10918,46708,33600
118326,6186,31945,32560
118339,91046,20008,31472
118351,36158,14295,37414
118361,85881,46697,34560
118373,65236,11089,20151
118385,19296,30720,42398
118394,90217,25816,31457
118402,80236,38140,40653
118409,22547,42128,42835
118417,51177,8053,17289
118427,80359,22859,39869
118443,73569,39825,41923
118452,72059,11556,24537
118469,19919,19104,26494
118480,26610,35470,42508
118489,56703,8149,19536
118502,22506,30526,42768
118511,5482,36855,34149
118523,87416,22988,38926
118533,89760,34890,30214
118547,79823,50088,30032
118555,15735,27866,42335
118566,4742,31124,37712
118579,76370,31112,42778
118592,74734,12438,23704
118601,81362,29448,41484
118614,74790,20276,24878
118626,21438,14448,29386
118637,23831,36032,23413
118647,23094,32701,43974
118661,21692,23204,42280
118670,8422,21148,33444
118677,72518,27284,18636
118688,48052,46555,32238
118697,60646,7024,31156
118711,23656,47448,40454
118719,77747,28217,22133
118728,73224,23234,25314
118743,88818,27770,39414
118755,81339,23899,41085
118763,26564,48232,35064
118771,15787,27877,41751
118782,70656,40590,40398
118791,26007,36651,24020
118800,79024,32592,42330
118811,19096,32208,22586
118819,77674,30872,42626
118828,12912,37280,43108
118836,26372,42330,26384
118847,18686,43858,23514
118859,7362,21536,34268
118868,4680,36482,38232
118884,27212,37394,42908
118894,90876,24854,37622
118907,75448,20722,24254
118918,13872,39443,25444
118930,26431,43800,41350
118942,20159,19351,40031
118954,14606,32528,43392
118969,77014,12468,31246
118978,12624,29384,28634
118989,78502,25432,41030
118998,12444,20786,38772
119010,5178,29520,33072
119022,21132,15720,31824
119036,21502,28676,42982
119043,9488,45290,32674
119051,28772,42308,40666
119067,10264,19158,34032
119078,88838,19814,35706
119089,76638,26994,42226
119099,75190,38330,41058
119111,77905,29527,42319
119120,72443,16177,27970
119131,80469,25217,41856
119145,14646,40770,42980
119155,17369,21818,40260
119163,26800,45342,39200
119172,7354,34018,31494
119192,7666,23748,33334
119201,21348,37668,43642
119209,26579,40867,41846
119221,27403,46060,30046
119235,15604,39418,43080
119245,23774,34396,43452
119256,89034,22856,37714
119271,90692,34818,29626
119280,42994,9050,29320
119292,18198,28181,42834
119302,71820,41423,40007
119317,14132,31831,43316
119326,70739,34020,42106
119340,6404,36312,39124
119354,77942,37650,35493
119362,76628,45606,24986
119373,16227,29723,42003
119392,80130,42636,40762
119402,65385,21779,36545
119413,61450,9624,34776
119427,70538,14316,19378
119439,80949,39923,41607
119449,81674,36804,41506
119458,77257,35004,42046
119469,81088,50394,30608
119480,9012,30988,40474
119493,15784,25575,41941
119506,15750,31076,42071
119525,21108,22534,42258
119538,27390,44610,29002
119551,25826,40051,24325
119564,18206,14966,28282
119571,20192,38155,42537
119586,38352,6494,28822
119596,66314,14710,34384
119606,20224,20562,24392
119618,15996,47646,31723
119628,18700,29492,42312
119637,72971,42554,39841
119652,90870,30610,34324
119664,19926,24699,42238
119673,91883,26521,33427
119686,27316,35592,42464
119695,87260,44730,36372
119704,91452,33224,30740
119716,74288,36434,42194
119734,76184,48210,27366
119752,19168,28926,42854
119762,23664,38354,43534
119771,15544,28490,41666
119785,5354,32152,36052
119802,21116,16572,27182
119813,76970,27186,41666
119824,10980,30858,42034
119835,21610,33502,43584
119848,72848,40930,40176
119857,86566,44318,30768
119867,17879,28261,42216
119881,9742,32548,41462
119890,24858,39438,43704
119902,80343,26073,41586
119910,8356,40424,31228
119920,77028,24424,41530
119933,24032,29001,43217
119940,15156,49632,33392
119955,24044,43159,42056
119963,76526,31974,42521
119977,28959,36125,41907
119988,81512,20729,27909
120000,15055,42139,28133
120011,19612,27484,43276
120019,24630,44976,41628
120032,7458,43069,31889
120052,18430,27966,23449
120069,16163,25328,41423
120081,20156,33455,43104
120088,74920,39198,42065
120098,25144,39092,23346
120109,18561,16621,27983
120122,81154,39130,41654
120130,81356,37160,41744
120144,6942,31160,31554
120151,14390,27360,40282
120166,13742,48770,39032
120176,80789,25841,40424
120187,44813,62251,120618
120201,26440,37048,42015
120218,73105,30041,42167
120228,69684,35322,41921
120246,78428,43450,40652
120259,39933,18836,13297
120270,90838,36386,31026
120279,13438,18197,31359
120287,7008,38426,32414
120296,79122,26588,34892
120312,3228,34856,33308
120325,20398,28356,42546
120335,11354,29120,42240
120343,76254,16273,26086
120353,72612,26610,42522
120364,76002,39789,42016
120375,50786,22750,37782
120387,13002,27456,41516
120394,78744,30494,42494
120407,15478,40047,42040
120418,79708,15144,27808
120427,19714,18964,38836
120443,26624,38352,42734
120452,52542,15338,35266
120468,30408,43450,33178
120481,5500,33124,36680
120489,81660,29505,41906
120501,8318,40582,30600
120511,71352,36406,42346
120521,16117,27747,41698
120531,76832,34636,41344
120540,24534,31582,43100
120552,73821,42392,40174
120563,64302,11450,20368
120572,76910,24828,41748
120586,73846,33955,21780
120599,10294,44754,33254
120609,79889,29234,41088
120621,19248,27552,42498
120636,21258,40648,42356
120649,22522,33222,43782
120660,61764,12976,35117
120674,82462,34786,41490
120684,12324,34570,28198
120694,25178,34512,43140
120708,24067,41138,42550
120720,77178,33408,42442
120736,18438,15966,36246
120750,19486,20902,24356
120760,18312,24578,42188
120773,46087,12496,31516
120786,80103,25081,40777
120801,73862,42828,39734
120808,76642,12846,29070
120820,21896,30292,43053
120833,71828,20444,39573
120841,13024,41354,28984
120852,83282,34244,41208
120861,77853,45561,24593
120871,73016,41410,41268
120881,16340,21560,22916
120891,7211,38499,32133
120899,19484,48541,28037
120914,42128,10238,30931
120927,16422,37776,40800
120939,4625,28122,29330
120952,5420,35814,38350
120960,43730,54719,67126
120970,67910,43223,34749
120981,32730,40900,36320
120990,78190,25440,40902
120999,75342,43748,23888
121008,77316,33226,42760
121016,19176,26998,21778
121031,56822,35184,18900
121048,20686,14852,29168
121065,17307,22044,23939
121080,13875,41185,43135
121093,24698,39126,42024
121109,22278,23446,42192
121123,8792,42930,30786
121130,17766,27186,41883
121141,18758,30878,43308
121151,7240,33350,40316
121162,22864,41100,42760
121171,18400,24059,41705
121179,15578,42792,43098
121191,20678,39358,22778
121202,27094,37072,42276
121212,79246,24834,22704
121222,16377,24037,40849
121237,74390,48674,28456
121247,78436,34060,42222
121257,20584,29837,43679
121266,72451,44035,39143
121278,13043,25930,41459
121292,78902,28300,42584
121302,77150,13116,32422
121313,24718,34512,43420
121325,21670,14953,30131
121337,80306,22428,40460
121346,80196,26500,41324
121354,75624,12922,27446
121363,90262,23288,35206
121370,8082,41625,33826
121392,28914,40560,41072
121409,78631,24074,35830
121420,23890,36871,42312
121435,75798,13883,32147
121446,55905,13553,36899
121457,14061,29686,42218
121466,23905,41860,24833
121474,10468,36576,42730
121490,11929,18129,35965
121499,12970,20038,38318
121508,20844,25006,42680
121520,31660,28536,14970
121529,69830,37124,24981
121539,13401,33321,41806
121547,20920,29138,43624
121556,11724,39432,29392
121565,50528,16896,34440
121578,47854,12629,32499
121592,15441,15372,30131
121600,10209,28938,41671
121610,9893,42797,32917
121634,65519,21290,15833
121645,74958,40474,41118
121657,81444,24790,40966
121666,70067,32232,42305
121678,17220,17208,27268
121687,73915,25768,42401
121699,9762,43831,31004
121711,20830,38024,43386
121720,70018,39294,40658
121734,8349,42835,31951
121752,17092,27378,41562
121763,16712,41638,42940
121772,70273,9717,31790
121785,71234,37242,25074
121795,18179,23932,41979
121806,22658,35806,43546
121817,46495,6443,18156
121827,14142,45063,30625
121837,26974,42904,41112
121847,21137,28334,42962
121856,22113,43068,24668
121868,71950,34673,21983
121876,77748,32664,42682
121885,18406,15242,29230
121896,73839,30310,20011
121910,60074,11991,36162
121920,19556,53108,33078
121933,28112,39127,42415
121944,17946,15656,28992
121956,3122,32382,35486
121963,18246,28706,23046
121971,77521,31819,42059
121984,22170,41291,43042
121995,82730,25606,41472
122007,9646,27336,40640
122017,14464,25402,41604
122029,25804,41332,41843
122040,87310,35170,39694
122053,78075,16249,26053
122063,17250,21286,39752
122073,86220,29448,41176
122082,71910,12886,20773
122091,9046,30400,41208
122101,20426,17993,37480
122115,25608,38684,43724
122123,82648,34606,41178
122134,26081,37878,24350
122146,20620,14544,31532
122154,18744,45786,42346
122165,88870,39562,31738
122173,76530,14390,25612
122181,70732,43946,38216
122195,36750,6494,30958
122204,13492,33590,42584
122215,19194,14456,29430
122226,60908,10718,35220
122236,14812,29232,42139
122247,28740,38762,42057
122256,68235,35714,20978
122267,4372,29284,36228
122274,80248,24156,40638
122282,26752,42896,41684
122292,92441,38132,28374
122301,18328,23110,42115
122313,79103,24316,41826
122325,81982,36948,40909
122333,24810,38035,42678
122340,86750,22175,38810
122353,87050,45058,36700
122360,51332,8448,15480
122370,53140,12234,32900
122383,83746,34588,40996
122392,5382,30010,38144
122404,17002,19380,39612
122422,74064,42803,23485
122438,16918,29112,24206
122454,67959,19310,35952
122467,90289,29134,37943
122476,10626,36298,42330
122490,19857,34096,43761
122503,89849,26519,32512
122512,88158,19026,34774
122521,78877,17920,25188
122534,23486,19416,38642
122546,13014,44316,26348
122560,62512,34542,34332
122573,41956,10870,31377
122585,17466,36160,22866
122597,52860,59348,67024
122607,19712,27268,42462
122618,16648,51170,34290
122631,39248,11024,32688
122644,28930,38600,24712
122656,80631,13806,28098
122667,80944,28692,42368
122681,17574,25412,42786
122693,25204,40994,43056
122702,76788,16792,23556
122714,79084,39236,40282
122724,78196,28446,42612
122732,13530,33632,41506
122744,68100,38258,25613
122755,18844,38458,43694
122766,19949,42022,23905
122780,17710,28288,23388
122794,79937,28425,42368
122805,23330,19578,39522
122816,73318,32752,22244
122829,76294,12794,31638
122842,80652,12576,29656
122854,92480,39966,28583
122867,23372,31646,43594
122876,81048,22388,38946
122888,81080,19558,21422
122903,70725,17735,17988
122913,19474,18976,39658
122921,15949,38848,24608
122934,15810,27028,42878
122948,20049,47823,27756
122958,72684,44418,38312
122967,3318,29232,30468
122978,4116,30788,34811
122989,76687,17816,38728
123002,80366,38662,39742
123011,92074,33306,36559
123021,77855,26879,22072
123035,35912,11271,35250
123048,11161,32758,27946
123058,69398,37176,41444
123070,78518,30972,41540
123080,28856,35047,42045
123093,85485,23353,39957
123103,80880,24958,40496
123111,80114,22051,39659
123126,6037,40049,32101
123140,60423,12345,35959
123150,18842,25624,42384
123159,87604,18714,35778
123167,19602,37260,43114
123178,13990,31961,42436
123185,78592,32592,41548
123199,41821,12138,31863
123210,75606,42590,41046
123221,21390,31258,43802
123229,77264,36162,42556
123239,16830,30003,23770
123249,19936,19622,38361
123258,90080,22900,32880
123274,55729,10076,34560
123287,36304,18676,14310
123297,24876,44186,41394
123305,23426,20542,40174
123317,20696,19138,39332
123328,21950,40924,43017
123341,81528,24314,40778
123349,4724,36508,35218
123360,76597,17842,38387
123371,18770,15838,26938
123380,62410,8151,32423
123392,77034,27100,42278
123405,23007,30216,43798
123419,17344,29088,42732
123429,78158,40774,40968
123437,17929,23017,42136
123446,80408,46288,25456
123458,80900,23990,40950
123470,17412,22574,40924
123481,88828,22252,37546
123488,55006,6039,27446
123503,37339,16353,14097
123523,60215,12730,36752
123539,16412,24204,42262
123555,20776,14662,29734
123564,3431,34728,34181
123576,23971,36157,43359
123585,40366,14644,36296
123595,70834,33538,22642
123603,21845,30813,21818
123612,23630,46446,40872
123624,62289,33101,35810
123632,83510,28496,41050
123645,23790,40980,42764
123657,22900,29532,22272
123667,68762,31522,25144
123679,21060,25806,42700
123690,19388,24758,42790
123701,73224,41172,41496
123713,6940,26999,31859
123723,4822,29554,33318
123738,20286,19776,40636
123749,40718,9938,31932
123759,24154,39621,42482
123768,84294,28906,41036
123782,23046,19818,39798
123798,79178,28026,41705
123812,71960,22123,40839
123833,36910,20914,13508
123842,27704,36876,42702
123849,24378,33272,22726
123863,19496,31194,43308
123874,9400,30152,41167
123885,21866,14247,30050
123894,39498,17100,37869
123906,16866,28620,42958
123925,17891,16374,28239
123936,75836,12986,29468
123948,24950,41354,42482
123958,21262,19674,40266
123972,7078,41730,37288
123983,72258,18947,24198
123995,20841,51563,30090
124004,23355,39944,42834
124014,16690,29316,43240
124022,18618,24406,42322
124035,11137,33818,28997
124044,74548,46412,38304
124056,19182,36453,22161
124070,80178,15338,27574
124084,13152,34808,42472
124094,12816,37662,27856
124103,28584,39420,41512
124117,88468,40310,31774
124131,26780,40351,42018
124148,22231,13926,29441
124163,6625,27816,32077
124174,59833,59668,113087
124186,82345,33261,41862
124199,18224,46074,27465
124212,20462,28490,22920
124226,10838,45466,32520
124233,85714,47002,34382
124242,36970,6957,31841
124252,69181,35936,41446
124260,89002,21644,37152
124275,20654,31126,43414
124285,16179,26605,41989
124302,14069,16002,31347
124314,83718,15634,35556
124329,75754,47052,25975
124338,25166,28181,43102
124353,7353,28159,39488
124364,45820,19598,13341
124375,70152,7878,28105
124391,74712,39564,41682
124402,70439,40989,39912
124415,20670,14157,32295
124426,5808,24542,35656
124436,25916,40024,41751
124448,84428,23282,40438
124458,20752,29334,43112
124467,79496,40378,41036
124476,80989,24060,19180
124486,25124,45590,40214
124494,67923,39828,39825
124506,73652,43694,39352
124518,21304,31676,43518
124532,81762,35204,42010
124542,26324,39344,25368
124552,25217,48828,29923
124566,12740,39090,28724
124582,10008,45306,38486
124594,31827,20728,17384
124605,34366,15064,35916
124614,91096,39550,30860
124632,31012,12878,34326
124644,82560,18280,38472
124655,20728,26712,43072
124666,29596,44019,37895
124674,80334,19671,25841
124685,35896,10231,34496
124698,29522,39973,27014
124709,14692,27694,42452
124720,26112,36146,43982
124730,74541,20150,22638
124738,6888,25788,34013
124751,11364,34330,42938
124770,82914,44181,28304
124783,89803,20098,32859
124792,18908,28986,43322
124804,22636,47366,27588
124813,19812,39462,43182
124825,73782,33304,42835
124838,81519,27757,41843
124854,29991,14499,34358
124863,14386,41790,43078
124874,79564,27504,42396
124887,79686,43278,26532
124898,19846,19459,40287
124911,85550,16049,34742
124919,72956,15506,21530
124931,92864,29578,31548
124941,76972,24382,20988
124950,78726,22806,40682
124962,24628,42160,41625
124975,85377,17114,26156
124988,88462,21186,37158
125003,14089,31116,43069
125014,22766,24316,42990
125024,19594,28880,42730
125039,76208,46638,26558
125054,74978,21988,41209
125066,56454,22816,37358
125074,21572,28998,43684
125085,13628,39138,27186
125098,6914,40692,37526
125109,75418,13442,28838
125119,13378,27208,27580
125133,71762,37562,41982
125144,18726,40558,41360
125154,28490,44920,38726
125163,79132,40434,40882
125175,92490,27823,32149
125186,6272,41440,36388
125200,17308,16262,28814
125208,77242,25388,21076
125219,84184,35668,41326
125226,10437,44991,31925
125236,28792,45256,35760
125246,65556,40358,28698
125259,26822,37718,42612
125270,78131,26244,41496
125286,74280,14315,21861
125296,11564,17778,33410
125311,61008,20023,13092
125327,20946,33404,43336
125339,13850,29311,41865
125350,89595,21136,36087
125358,18910,25104,42744
125369,40840,16900,36568
125381,84654,27742,40870
125392,63442,38434,28268
125406,65064,19296,17666
125419,18079,24867,42211
125426,77512,43110,23066
125440,24344,36136,43554
125452,24725,40030,42221
125466,81122,43576,27742
125476,5458,22545,31818
125487,8668,30726,40388
125502,8156,24061,33137
125512,6662,23915,35323
125532,27995,41833,41185
125547,21550,42634,24318
125555,14366,22690,40996
125566,52568,19350,36720
125575,77899,26517,42313
125592,40380,17483,36141
125603,27308,36294,42248
125613,89060,33712,28912
125623,19716,20612,24916
125641,26616,40234,24644
125651,23234,34728,43604
125662,9826,36910,41784
125675,68498,12292,32802
125685,11957,31616,42338
125695,79530,28202,42180
125707,81460,45764,30224
125718,69736,35680,41682
125730,17152,28818,42906
125748,77803,45987,26692
125763,19152,32598,43384
125780,71913,40481,23402
125794,59711,18161,12719
125805,75280,13376,32366
125822,17476,30374,23496
125842,16782,42448,26416
125850,15936,26473,41749
125859,9961,41496,32276
125868,45508,6504,21888
125879,6966,38958,33360
125892,75234,33508,42776
125906,81684,42782,40270
125916,18406,49462,29068
125924,81845,28072,41622
125938,61424,17835,36225
125951,23966,23274,41960
125959,17630,15162,29388
125971,19309,53066,31923
125979,9050,43320,32726
125988,24009,22574,41570
125999,75700,14078,25682
126021,15515,35940,41197
126029,88055,16798,29120
126041,69116,40224,25578
126056,79102,48122,37326
126066,20054,20059,25541
126077,20748,24806,42388
126087,19278,41296,41298
126094,79462,40998,23188
126106,18340,21614,40752
126124,72178,31058,42816
126136,79097,16576,25962
126150,64316,40193,31032
126161,21408,37292,22776
126171,18982,20502,40864
126182,21468,51474,30644
126194,22165,44922,26342
126207,73783,12442,24573
126224,20354,19776,39206
126235,73504,33680,42878
126258,16518,26382,42174
126272,5904,28236,33780
126283,75705,46573,24798
126296,17688,40153,24403
126306,15904,19217,27027
126318,75328,48198,27982
126327,21856,40234,42061
126335,43532,6562,21620
126346,79839,24712,41724
126357,67411,32964,26166
126373,13567,48485,33950
126387,18668,26978,42806
126394,17644,21796,40838
126403,19433,25751,42012
126416,91732,25058,32260
126428,76412,14091,32942
126437,73040,39512,22532
126453,21459,15937,34439
126461,72690,37068,42290
126475,83498,18602,23312
126489,31905,39182,38948
126501,59660,15310,14586
126510,77386,25030,41992
126522,28288,40704,41538
126532,18222,14094,32340
126545,20801,22488,41866
126562,89358,23300,34254
126572,75570,26621,42073
126581,79923,33723,22251
126595,84542,41358,40196
126609,92584,38480,28672
126619,61829,22931,16448
126631,73660,24552,41986
126642,76256,19480,22604
126652,13622,42762,28440
126670,18392,14398,32498
126679,90163,22855,32106
126695,55246,8818,18308
126707,62182,10243,19885
126716,15324,27992,42262
126730,25248,16974,22792
126748,14044,24860,41328
126761,5430,33708,37658
126777,19756,52800,34678
126787,54318,10560,32672
126803,15282,39156,42448
126816,84397,45830,28669
126827,25670,43020,42162
126835,78326,15030,35564
126847,22836,35190,43758
126861,90502,35768,33196
126879,13804,33859,42617
126888,69160,21968,16534
126900,49497,17317,11739
126911,82146,28244,40459
126925,86092,45049,36863
126944,77154,22108,21686
126958,13838,37511,43006
126971,30588,36672,40652
126981,79296,40031,39692
126990,22638,35434,43684
127002,63755,36007,37857
127015,82468,23050,40131
127027,24395,39808,42730
127045,89240,20728,34642
127058,26609,35853,42483
127071,80788,21920,39283
127086,21856,31909,22582
127096,16442,41346,42938
127110,40024,6396,27199
127125,75078,14866,28730
127136,18512,36572,22500
127147,23576,40694,42756
127156,82504,41076,40514
127164,88500,37863,31038
127175,83506,34834,41490
127189,9714,20858,32318
127205,9778,22250,38456
127215,22181,32301,21828
127225,60632,7646,32356
127237,89724,23560,36820
127251,73790,41666,41263
127267,14364,33699,42100
127276,88490,41370,31846
127292,78584,43250,24786
127302,4860,25720,32814
127315,13123,16085,30704
127328,16692,14601,31839
127341,20466,48168,28104
127354,17661,20513,23722
127369,21054,15957,27714
127380,78366,26482,41498
127389,14286,23028,41110
127401,12960,17268,33812
127412,6854,47986,29164
127420,20206,23924,42346
127434,73622,29654,43102
127448,23582,36023,43701
127463,61935,8156,32530
127474,12704,47434,31714
127493,51690,11266,32432
127504,78194,26270,42386
127516,15889,38063,43437
127532,27192,36494,43784
127546,77951,34134,40924
127556,74610,41388,22374
127570,79988,22093,40792
127579,21527,15826,34800
127589,29811,20568,17646
127612,2624,35474,35106
127625,10850,30888,28646
127637,19198,42800,40892
127647,19210,16628,37066
127661,44547,9851,30113
127670,6804,41500,32984
127683,78078,29912,42648
127693,74431,25910,21119
127701,15064,25023,41643
127711,25720,42756,25672
127724,22244,31078,43402
127733,29591,44038,37450
127746,15930,44477,29078
127761,16546,24899,42108
127770,61259,38161,35774
127783,84680,43422,39070
127799,90771,26030,32279
127812,9839,19983,31954
127825,19748,26288,42446
127838,74630,37442,42474
127848,16109,15155,30964
127855,21147,51913,31092
127862,23442,43604,41238
127875,19923,48196,28402
127887,13392,23082,40774
127895,14268,35780,43433
127906,19010,42228,40886
127916,78568,28646,42620
127926,13046,24802,29364
127940,25050,31000,23218
127957,81014,23044,40656
127969,25309,46300,39808
127982,58672,6692,22356
127992,88042,29341,39219
127999,19584,13930,31814
128007,84154,40282,40770
128023,21647,39750,23856
128036,90852,37802,34234
128052,77670,28009,21818
128066,19354,38660,22526
128076,38572,13502,14962
128089,16804,23622,41038
128102,36925,40153,21981
128113,21356,38734,43658
128122,75765,29937,42730
128137,17576,48532,31586
128148,21170,19748,38916
128157,78960,21188,24392
128169,21798,19678,39350
128179,68354,20894,16336
128196,19418,32087,42958
128208,8140,22070,34765
128217,16342,21506,40896
128229,22408,44244,42062
128245,26906,42276,27290
128259,18010,23396,42277
128271,10396,19196,35670
128280,66053,41719,36766
128295,79836,36893,40437
128303,10816,34143,28933
128314,21158,19754,38504
128324,80692,44666,25100
128344,77924,27553,41776
128354,81570,30206,40830
128370,70826,39208,24892
128383,25632,35443,43982
128396,25392,35412,42824
128410,72644,9360,28390
128421,21260,46593,41915
128438,89000,20354,34910
128453,74926,12606,28480
128464,19722,42011,24935
128481,46317,43008,37887
128489,78753,28559,41934
128507,84626,20352,38876
128518,74471,38576,41823
128532,17354,28510,23534
128540,29402,44234,35434
128551,87376,17544,33912
128562,69975,8914,27064
128574,67608,37114,40552
128582,20498,29106,22500
128593,81966,37190,41721
128610,5338,27842,36581
128622,77259,22101,41238
128635,22013,43694,23883
128646,25776,36140,22912
128656,16140,47345,27495
128670,38812,6118,28258
128687,5586,34810,32360
128697,3019,32098,36373
128708,67347,7538,29861
128716,6720,38508,31302
128731,60217,8531,32454
128743,61486,14780,36182
128759,5882,36980,38849
128771,72756,33646,21264
128781,18440,27548,42912
128791,70530,34812,42800
128800,26390,42544,42090
128812,88230,42566,34316
128824,78049,22964,40746
128835,61272,35070,35290
128845,5676,25492,36284
128856,91148,27474,37474
128864,23358,48682,28510
128873,54624,9308,32852
128885,75057,36366,41913
128893,13285,17479,32039
128904,80906,24013,40298
128916,3012,36047,35620
128926,78164,27680,42618
128935,10762,46510,33358
128945,72648,39796,41418
128954,22440,30748,22754
128968,30118,35688,40983
128988,72526,12446,21608
128998,76043,27548,20970
129013,24410,42752,42684
129027,35000,8454,33134
129036,78865,50609,30182
129050,89156,27865,38680
129068,77980,17297,38081
129082,14646,34620,42526
129090,72466,22344,18802
129102,91698,30392,34494
129112,28086,36281,43245
129127,70730,42670,39300
129142,4998,26956,32904
129155,67879,43521,35313
129167,74450,22946,41312
129179,6172,26352,37263
129190,78496,24518,41152
129204,80488,21476,40380
129217,6912,40133,32075
129231,71174,37476,42286
129239,72868,17684,32406
129254,6049,29227,34115
129262,76964,19190,39340
129271,87783,18546,33993
129284,78294,44670,25604
129296,91234,29280,32274
129308,6158,35406,33940
129320,79452,42582,40330
129333,19921,21837,41519
129347,76762,27044,42568
129359,72820,31094,20798
129371,13801,26659,41961
129380,70776,22734,40286
129393,72064,21267,39809
129408,17588,34568,23390
129416,76035,19873,23719
129425,77382,21802,40976
129435,18262,22364,24892
129450,15170,36089,25864
129466,9090,44238,35420
129473,22506,47716,27873
129482,25292,44614,40878
129497,6444,34692,31338
129514,93018,30232,34084
129528,4910,28870,33702
129541,19002,27480,42994
129555,19317,46048,26810
129570,20940,24378,23406
129580,26790,43250,41088
129591,80924,32876,22442
129603,80030,20060,21180
129612,20624,30767,21964
129626,18286,35771,22171
129634,80709,33997,40354
129650,12826,45566,31306
129669,67204,34476,25702
129683,56870,34136,17902
129693,76628,28782,42736
129707,18786,19636,26290
129726,48213,10795,13754
129739,75974,37065,41817
129755,78730,15829,26730
129767,21256,30892,43742
129774,16334,18086,26774
129789,26283,39905,42844
129799,79987,39725,40405
129811,25304,39682,24496
129819,76836,40886,21496
129829,17018,19452,26326
129848,63299,38451,36037
129858,31564,42012,31634
129869,19887,18732,39128
129883,20355,16306,27943
129901,71606,36714,42798
129909,11914,28039,42335
129921,21359,48012,27540
129937,19895,29951,21597
129946,93144,33460,33488
129955,77281,24130,41529
129967,27304,37782,43558
129977,77561,45146,39920
129990,65850,24844,15111
130004,15486,41126,43226
130023,76153,28932,41710
130033,74772,23210,41522
130045,20982,27756,22870
130056,78414,23798,41704
130065,78936,24572,41408
130074,14105,32952,25094
130082,64119,14433,34846
130102,68587,44113,36184
130113,79498,40528,39670
130127,9546,27534,40322
130139,19656,25044,23778
130147,71570,17632,36268
130158,72402,40133,41031
130169,81738,27446,41680
130176,24824,43478,42378
130196,64028,5851,29143
130210,28568,38660,25310
130219,58170,16742,36458
130236,71531,39987,41263
130250,63626,11242,33002
130260,71938,41235,40984
130280,4055,40872,32630
130290,78832,26680,42278
130305,26115,44173,40739
130319,20016,35477,43282
130333,56280,62010,82625
130342,18412,28912,43220
130355,72458,17428,36636
130369,3446,34670,31104
130382,33524,21252,17556
130392,38064,15502,37026
130403,36783,8105,32043
130419,22016,30138,43797
130430,93378,29990,32129
130440,21201,19904,39238
130451,77985,28722,21890
130461,20646,14089,27832
130470,73198,48438,34606
130482,74882,38831,42059
130492,80355,24077,41153
130504,78099,45314,25499
130516,21406,24212,22896
130528,18990,19833,40310
130540,23024,32202,23012
130551,83054,31962,41076
130564,22043,15871,35833
130574,85878,35087,27987
130595,35410,19602,13252
130607,8612,22526,32590
130621,4289,31395,33922
130635,72589,20998,25924
130647,10185,34061,41525
130654,19377,28665,21870
130663,14316,29338,42804
130672,20029,38033,22251
130683,79366,19358,38852
130712,21596,19486,38214
130727,7734,41090,35218
130743,8653,44097,38488
130767,23072,30375,22165
130779,78808,21058,40592
130794,11683,16325,31889
130808,21606,25324,43158
130821,28720,9840,33025
130833,78694,22250,41274
130844,48073,11987,12958
130854,22542,49770,29178
130862,17478,46351,27984
130875,37720,10354,33036
130887,78198,41344,23046
130903,85572,30193,41088
130916,21096,26226,42554
130925,8520,36872,40982
130943,22063,47852,27610
130953,20816,25742,43144
130965,75004,33050,42494
130979,26540,39676,42600
130998,64832,36470,38566
131013,12434,17320,33446
131024,5901,35755,33249
131035,74830,18538,38356
131055,72016,34195,43058
131067,17224,24910,42428
131076,83088,31170,40824
131091,72969,42095,39961
131107,10557,43939,40758
131117,79658,38894,22898
131126,68047,41414,27115
131135,84640,21004,39160
131147,19606,25166,42650
131166,68046,18933,17327
131178,4754,38484,34216
131194,20832,30490,21861
131208,18170,21914,23954
131220,24240,39162,42804
131232,77514,47732,26550
131243,68086,43683,35596
131258,18736,19438,24742
131267,22944,29150,43786
131277,46081,46166,36374
131287,60200,14967,35823
131298,90726,26588,32224
131310,19422,20448,40478
131322,29370,35062,42748
131335,22388,31382,22790
131343,89904,28048,31520
131353,14157,24350,41233
131365,21072,39712,43324
131373,54662,7420,30734
131382,18688,50416,28738
131392,22366,24372,42920
131403,75380,36910,42176
131416,20578,19548,40308
131426,19314,23148,41752
131438,81580,22536,40994
131449,9869,19838,36463
131462,19568,17146,26326
131477,17984,18701,26182
131487,71712,27552,42564
131495,56115,11839,35501
131506,50223,11451,13542
131517,24886,31370,23298
131532,25258,36870,24244
131542,74108,12019,31779
131561,72685,43080,39891
131571,17971,51535,34640
131582,30732,43162,33772
131589,21562,16988,31408
131600,5836,26274,35086
131609,21560,13646,32161
131618,6172,26545,38215
131634,72412,40638,41490
131648,80316,13402,30326
131660,21530,14191,28530
131671,76430,42698,40468
131685,85923,25092,40678
131697,16368,20460,26690
131704,26444,39454,24566
131714,75846,18203,38850
131724,25932,38468,24945
131737,21888,17225,35749
131748,44970,9558,29512
131763,87684,16782,32726
131778,13512,48588,39260
131791,22009,44586,25466
131799,70032,44960,36607
131816,7434,25038,32900
131825,80264,39524,40574
131834,63976,33960,32622
131848,75442,43208,38792
131856,19155,24019,42049
131867,26426,37214,23138
131879,23959,41488,42359
131898,21798,51032,32364
131909,7352,39971,35033
131917,27577,35787,43912
131926,53998,25089,38130
131937,41280,20280,37666
131954,56146,7582,30640
131971,66786,6704,28322
131978,21086,41736,24610
131991,11260,38994,28724
132005,84027,42063,29378
132019,13380,23774,41086
132029,4885,32030,31732
132037,74910,28954,42838
132051,54562,8290,32274
132066,55842,10807,33543
132080,86226,39124,28208
132099,12625,28136,42358
132107,78180,29196,41346
132119,79234,23330,41168
132128,19380,44356,26454
132149,3938,37251,33073
132168,31696,41168,38188
132183,20191,28517,43528
132194,19248,42055,41080
132202,80025,17087,26693
132212,19854,16317,28113
132228,70994,42366,39786
132240,23090,48665,40046
132248,77381,13894,26942
132259,6910,25528,34248
132275,19376,20483,40101
132291,81274,18086,26976
132300,13418,40876,28566
132312,40212,16578,37204
132325,68266,43612,36822
132339,5028,34718,31839
132351,23490,40286,42852
132361,25656,33554,44018
132377,10674,45957,33134
132386,12544,42390,41868
132398,75906,45630,24026
132411,72236,36222,42930
132424,20500,31315,22028
132435,30750,43388,33214
132457,82934,26832,40582
132475,73908,30857,42991
132482,53266,18188,37170
132501,75472,43426,40238
132512,67636,43714,35110
132525,21079,18081,26670
132534,72522,42230,40740
132546,92852,25790,34219
132555,91364,33952,33739
132565,27257,44503,39881
132576,77820,22402,40670
132588,19766,33392,43156
132603,28460,32636,43538
132616,23534,24776,42974
132624,3072,33540,35126
132640,18368,26670,23836
132650,41305,13346,36112
132659,77843,47881,37856
132670,19800,31582,43680
132680,79231,32449,20135
132692,30572,42800,36842
132707,73162,39324,41378
132722,73368,44814,25148
132739,13405,42927,29927
132752,22356,27839,43719
132767,21414,17458,36248
132785,86224,25292,40526
132794,21896,19403,39039
132808,67080,6990,28606
132828,44272,20179,36826
132843,78384,37196,22232
132854,81082,19758,39420
132864,19624,23316,42636
132885,74724,32028,42903
132898,54004,10512,33551
132914,74431,17831,26521
132926,62500,36748,37238
132939,9937,23046,38786
132946,56766,38382,16950
132959,58828,7306,21366
132971,19462,23829,41972
132979,78274,43482,23072
132995,47911,11425,27236
133006,16946,20213,26555
133019,41881,17674,12148
133033,83418,34610,41158
133048,74549,36528,41915
133065,41183,39757,15981
133075,19820,19436,38606
133085,78574,24514,41498
133096,18634,33150,22578
133111,21596,45082,40778
133124,20880,24464,24011
133137,90128,31142,31098
133153,32604,21350,15692
133172,7398,22646,32848
133183,6290,24640,28904
133195,66846,14772,34300
133206,22000,32126,43581
133219,73534,35796,42692
133227,73920,18257,38271
133241,8488,29398,39724
133256,59490,14586,35840
133272,11224,27973,41920
133280,9476,22238,38230
133292,85133,29836,41405
133304,21898,29380,43747
133316,64354,7455,31930
133324,19841,32841,22353
133338,44548,7198,24316
133352,19498,28564,42662
133363,59711,8057,31827
133377,6788,31464,31246
133394,71875,10854,22961
133410,74504,33862,21434
133420,83036,33302,41430
133435,67170,8460,31458
133448,52784,5916,27296
133461,19506,21812,41462
133477,9855,36152,42474
133486,6979,38181,32796
133498,4900,33883,33782
133510,36024,23101,13616
133526,9504,44464,34404
133538,83964,16778,36893
133554,25754,46722,39562
133566,77778,27741,21597
133575,16137,22153,26203
133582,5698,37430,33424
133600,24111,47145,40466
133611,24958,29650,43284
133629,19452,22516,41588
133640,10932,38003,29592
133654,81054,40960,41240
133671,41563,9713,30135
133683,20770,33378,43588
133701,79089,47978,25850
133711,65796,42473,33787
133721,54794,22634,38214
133736,16764,39160,24918
133750,76210,25827,42504
133760,73992,16731,37419
133772,56237,5555,29024
133785,4992,25674,30788
133798,34948,36090,34048
133808,18488,26118,23361
133820,41588,6466,26670
133831,23524,50328,30580
133840,49468,16304,34386
133851,22362,30184,43831
133864,63959,9526,33897
133879,40428,25204,39012
133890,89326,38750,31740
133901,79058,26154,22720
133911,78055,24515,41773
133921,21118,19108,26546
133933,16638,16484,27214
133947,82482,14418,34826
133961,78164,23676,41124
133975,72937,14726,21893
133987,17294,23590,24480
134002,26104,45681,27409
134013,77096,22818,40932
134028,78820,48085,29696
134040,77338,28135,42049
134048,19420,23917,23850
134066,63313,40124,35365
134080,44742,24872,37530
134100,43000,12466,33216
134117,11665,26116,41100
134132,75528,15584,22726
134147,20133,46136,26766
134161,55302,8796,32776
134173,21923,30218,43420
134183,73168,14590,21460
134196,18836,34810,21580
134210,5708,37776,38646
134220,15144,15042,31887
134233,25540,45656,40532
134249,27016,42974,41520
134260,73334,37148,42526
134271,62080,13213,35084
134286,23566,24436,42910
134295,85056,15313,27807
134311,17804,14452,30815
134324,17852,52868,35184
134334,59989,16127,35127
134345,11260,28326,41628
134357,39855,10498,32326
134371,40002,6670,22366
134386,58790,16950,34604
134399,23238,31438,22434
134423,19890,18125,25760
134437,11832,30282,28370
134454,89190,22656,33462
134470,4934,32526,36502
134493,87536,41490,30404
134508,10862,45804,32440
134516,78060,38734,40142
134526,53969,11379,32522
134543,6310,37082,37328
134557,23168,45983,41695
134570,16000,37172,24112
134579,18436,39864,42441
134591,64692,19376,14456
134605,23374,29672,43760
134621,70670,37232,41859
134636,20032,25062,42951
134653,43464,18722,36460
134667,17548,14250,32044
134687,78532,12790,31628
134698,75676,25792,42230
134708,25254,27214,43092
134724,68068,44154,34256
134741,89558,20304,35674
134764,26780,38988,42896
134773,13390,25060,41578
134789,54746,11047,32019
134804,74687,40222,21776
134822,25234,48200,29034
134832,37266,21418,15330
134845,72073,35935,42303
134857,11278,46258,30476
134866,85088,25500,40592
134883,41740,9439,31329
134893,18326,32206,22538
134907,76897,22116,22976
134918,7632,21392,35262
134936,88594,39883,30480
134947,82550,47614,29566
134960,3312,32316,32692
134978,81540,41522,24972
134993,18838,18200,26806
135008,18052,21013,41096
135018,90476,36188,31656
135028,23532,49350,28502
135042,4194,30423,34973
135056,22269,34614,21873
135075,20122,25314,23325
135088,70334,38576,41236
135097,24463,17981,29505
135105,27070,36624,43476
135124,7170,31234,31044
135142,90799,21855,34206
135154,14334,28208,42336
135169,72148,32788,43128
135176,11444,41556,30168
135185,21164,17916,38089
135202,27062,39456,43072
135224,17804,33791,22428
135241,60070,15199,36455
135251,75450,11694,25488
135271,73608,29806,21626
135287,54456,13152,12944
135301,90508,37210,34954
135317,75247,11922,25779
135328,5888,28960,32750
135340,17594,21010,25840
135353,19975,50384,30030
135367,74611,21804,41093
135385,88934,41598,32524
135393,75160,18450,38906
135406,73534,23388,41698
135426,65080,7294,30191
135438,20682,20820,26196
135453,51872,9720,32043
135466,77951,49901,33766
135475,21656,31752,43572
135482,8880,20486,33266
135492,22531,20116,39337
135506,58166,9875,34805
135525,23752,42892,42200
135540,12706,48398,34068
135550,89012,20648,32794
135566,11544,27378,29414
135585,6746,25604,33252
135601,72001,39963,41057
135612,3347,35946,36360
135622,78408,33280,21246
135631,18438,21044,41174
135648,74354,16900,37148
135664,75086,13292,28612
135676,73843,47866,27474
135686,78223,35859,42575
135698,13188,25614,41246
135711,16322,20262,39903
135725,25962,30054,43078
135740,27423,43952,40421
135758,67949,43738,35042
135767,77744,26804,42424
135792,77480,42110,40870
135809,60483,61843,81197
135820,15931,22281,22173
135830,21624,14314,29762
135841,8488,43750,33534
135853,11456,46846,34175
135866,37581,16989,37852
135878,76276,16844,22940
135893,76017,43696,24284
135911,84814,16918,31504
135921,82821,14529,29922
135933,27448,36130,43842
135948,76161,44658,39882
135964,18499,18018,26038
135977,31796,39678,38698
135993,37844,13193,36566
136007,16316,35838,41336
136016,68314,39548,24700
136026,87492,18770,36846
136040,91454,31438,34546
136049,75650,19506,21252
136059,19084,21002,41274
136070,60742,10402,19056
136084,88914,42174,36796
136102,28035,43285,40630
136123,24490,28894,43678
136139,75372,41876,39771
136153,57480,14211,36346
136169,74309,34076,42496
136184,75326,28626,42694
136199,80028,13821,27886
136213,40062,35667,14439
136227,8382,35934,40564
136237,79812,43309,40452
136248,26752,43552,41260
136271,28290,38758,42514
136285,7124,40578,38476
136300,4772,35406,36256
136313,7170,40288,38664
136326,54226,22354,38624
136338,67634,43566,35768
136352,19798,20332,40528
136362,90956,22689,34107
136379,31658,41256,37558
136401,49578,10656,27032
136412,86798,17290,35640
136425,10183,45572,31860
136442,85604,16972,35200
136460,33232,39300,37492
136473,93072,28143,32366
136486,17751,43988,26059
136499,79138,17668,25990
136512,23156,22730,42458
136524,23670,17748,23180
136536,77786,23098,41083
136553,76668,32562,20610
136565,78387,13984,28688
136575,6363,41878,34176
136588,18234,19289,25985
136599,13696,31825,42690
136616,74772,32872,21452
136629,76386,13710,32676
136643,75002,11564,30782
136658,10800,29189,29830
136669,21372,22175,24896
136681,79855,21353,40306
136692,20286,43772,25330
136706,26758,40798,42910
136727,23432,48350,28656
136742,81690,23926,40967
136751,29080,44828,37356
136761,24982,40922,24610
136777,73056,43660,39250
136797,91031,26890,34112
136818,5762,27008,37660
136832,26667,41922,42150
136850,81732,19454,39572
136863,22466,26526,43472
136875,4668,31456,33822
136885,73528,24025,41334
136894,20766,47338,27448
136904,54318,44792,21524
136920,7692,39538,31102
136937,5642,27468,38510
136956,81813,26521,18735
136971,78676,39368,20348
136985,20206,21927,25132
137004,29930,33821,42234
137014,75630,35068,20798
137028,18122,37232,23640
137045,22167,33705,23159
137057,88126,41718,31442
137067,17836,16264,27232
137077,64315,40495,30027
137093,87614,38041,39631
137101,67007,8523,29929
137111,19220,21702,41718
137124,70592,34129,43006
137142,21985,34341,22827
137159,74548,22259,21903
137175,85844,16439,33309
137194,84749,17099,31942
137212,72290,48029,33677
137224,42534,7397,20096
137239,87783,20179,37463
137248,30089,43698,35381
137272,19995,16084,26832
137284,71700,39306,24010
137299,51970,10863,30380
137311,22868,50364,31012
137318,23172,25428,43298
137332,24353,29358,43852
137347,56926,38770,16844
137357,4384,26218,33112
137367,89016,39616,34694
137380,12854,26216,28938
137400,42807,6460,23961
137413,21118,23216,42562
137430,19249,14835,29975
137446,52460,44360,36758
137458,15646,25536,41612
137469,19906,26142,23594
137482,75869,17883,38808
137495,28352,8266,28932
137508,78768,20191,40368
137526,66894,42946,35656
137540,76950,12884,26468
137556,69828,39461,25062
137570,60853,16203,14392
137591,76828,23216,41626
137604,20306,19888,24729
137617,72856,11640,31332
137627,9234,23528,31736
137640,21568,17726,36364
137658,77008,19240,24492
137671,78094,40810,23384
137688,79434,22296,41204
137711,27292,43428,40696
137731,26044,18299,34562
137741,21322,17992,36903
137757,13758,24704,28440
137772,17590,52296,23150
137784,62170,15542,34352
137799,15396,23076,26474
137813,4466,35044,36406
137821,20140,19995,25156
137839,47068,65420,90242
137851,4850,25354,31618
137865,84298,36844,41442
137879,23737,46870,39887
137889,20917,19270,39972
137910,9948,37330,29785
137929,74705,32161,20811
137947,63022,35690,32698
137970,77065,14011,27035
137982,8336,24674,32210
137993,75122,25380,21542
138009,72158,16748,22272
138025,31851,8380,31514
138036,8488,33738,41220
138047,72830,31508,42996
138058,54351,7855,18681
138074,10500,37434,29384
138086,60889,18398,14111
138103,92328,28746,34900
138117,21944,50972,30827
138127,77986,42388,39377
138146,29879,8612,29593
138155,19510,41432,24870
138170,6669,24092,35957
138185,16517,34965,23973
138209,78656,13270,30410
138219,77260,13334,27392
138239,68189,42897,37848
138253,75710,17840,37578
138266,24164,28722,43771
138277,90876,27278,34692
138294,17052,20884,26210
138312,87126,18712,35946
138322,78490,20838,40480
138334,7326,24624,34656
138345,17092,17360,27966
138358,77190,25800,42394
138375,22095,17463,36670
138386,19967,15898,29650
138398,73199,31820,43024
138409,21936,20909,41230
138421,70294,36024,24532
138439,59318,15206,36688
138451,52372,8040,29571
138465,21857,48139,27323
138477,76158,35140,21350
138488,63676,25899,37438
138499,21456,16048,29770
138520,3706,34816,33270
138538,75142,29232,42658
138550,27885,41887,41565
138564,54456,7744,30880
138579,83781,32402,40757
138591,82941,40026,40980
138601,18647,18865,25869
138616,51072,6492,25412
138630,20830,19614,24568
138645,77009,16033,26086
138663,13654,20786,39532
138679,21530,20386,40992
138693,73817,43325,40020
138709,23802,44202,25602
138723,68944,39804,25646
138733,81821,46423,30411
138745,91164,27434,34846
138764,12099,44268,41414
138774,90290,36722,35536
138787,4870,35872,32624
138798,29614,43054,30406
138810,56249,8809,30481
138824,72880,27672,42870
138838,15664,31134,24155
138849,26870,39178,43168
138863,49869,47671,35990
138877,21702,18960,38234
138893,9726,37071,30147
138905,9195,30070,29562
138921,19750,17514,24900
138935,59790,7742,33076
138944,22774,19300,39454
138964,19674,21830,41778
138978,71933,42862,39138
138990,74408,12262,30290
139015,21096,38126,23269
139032,62420,11120,35242
139044,20244,25700,23328
139057,78966,24516,22700
139071,75079,23842,21514
139091,14622,18703,37908
139106,19198,46546,25492
139122,7264,28410,31372
139139,4976,32388,37872
139150,14072,49401,37213
139164,8358,23062,32698
139177,16720,23694,25310
139188,85532,23028,30124
139204,17819,20481,25515
139225,81250,17444,27248
139242,75718,11971,28680
139265,92122,35668,31108
139280,38346,13780,15038
139288,21939,18051,36939
139305,14372,15370,30426
139326,12059,38908,28802
139346,20522,28422,23254
139362,46730,9350,14906
139383,78146,41756,41186
139395,78670,43206,22708
139404,81474,19776,39534
139432,53088,36418,40570
139446,6482,25248,36590
139469,29806,43935,37595
139484,21906,17491,37231
139501,8796,44180,34538
139524,74342,32212,21906
139539,77198,19412,39520
139556,9144,44474,34150
139575,21364,18422,38878
139586,86872,17606,34344
139595,25708,36664,43822
139611,71178,34736,42520
139623,52604,57989,63907
139636,56314,13362,36880
139650,21634,19740,40226
139663,55622,7428,31012
139674,78720,13124,27752
139689,85012,34163,27567
139704,78960,46266,27184
139717,17640,15404,28414
139727,75088,13754,27420
139744,77550,18426,24246
139755,78254,25054,21702
139773,22847,12066,29470
139790,21244,14516,33696
139809,71174,37792,22690
139827,19852,44772,25445
139841,78634,20490,40586
139857,3746,34840,35206
139866,44354,14818,32922
139881,74306,14300,35058
139894,61782,12725,35795
139914,30370,34692,41008
139926,87092,19502,31686
139950,27254,35246,43368
139963,41248,15532,34254
139976,60404,6546,31858
139990,65506,10340,20684
140001,20338,21054,41480
140012,87819,42897,37849
140032,57768,5291,28669
140047,73052,23066,26248
140061,74193,13500,34099
140068,77999,22682,40960
140081,80378,20415,39878
140103,23799,29537,43804
140123,22798,18332,36784
140138,17138,36684,23806
140151,81682,36049,40504
140165,72060,16771,36029
140177,72003,33518,21701
140186,21332,18149,38506
140202,18051,29690,23089
140219,17060,21264,24612
140240,80717,44066,40010
140251,77814,18495,39436
140264,90296,30848,32874
140291,21670,17486,27308
140301,24486,36756,42994
140321,20296,25826,21966
140332,40564,6574,26518
140359,74790,17999,38243
140372,77562,15552,26440
140391,6229,38193,37787
140409,73470,38936,41712
140418,76430,25588,22232
140431,48739,9859,15894
140446,75115,18154,38177
140462,18556,20338,40408
140484,91984,28423,33516
140494,11420,23622,39588
140507,85192,36530,41200
140519,38643,22065,14173
140532,26990,42347,42122
140557,24566,27768,43330
140570,16636,21598,26288
140586,27324,9624,29280
140600,11272,18972,32194
140613,76388,17466,25064
140640,21956,22137,42231
140655,21483,19990,38853
140666,70938,16710,20724
140679,15756,35748,25340
140691,69913,40165,25425
140701,22792,19462,39126
140722,20446,22476,24752
140731,69182,34912,42514
140750,21464,23440,23160
140761,71090,28658,21766
140772,16547,51905,34394
140785,63842,40768,32629
140795,54441,7866,30092
140815,7722,23006,37190
140826,24644,44356,40998
140845,18992,18964,26674
140866,25162,33561,44073
140877,54211,11260,33312
140895,53450,64274,86128
140922,85797,22837,40044
140940,66263,6643,27110
140960,22906,44500,42306
140970,76063,15412,26850
140988,23634,23930,42514
141004,4852,35873,35126
141015,23774,45318,40774
141029,27509,37995,43345
141043,74412,13946,26982
141059,72760,41008,41364
141075,23278,23290,42744
141086,73774,38805,22111
141106,18632,22498,41328
141129,21612,16410,30013
141145,90728,36212,35234
141167,75622,19448,39966
141176,90664,25470,33536
141199,23620,45252,26300
141208,5955,34441,33374
141231,20646,14734,30410
141247,5612,25356,35378
141268,24512,29676,43708
141278,20314,22794,24816
141291,26862,41904,41089
141304,71746,33092,21228
141325,78264,20510,40702
141343,56420,9449,32173
141369,54178,45350,105842
141385,49452,16758,35098
141402,73172,19750,39608
141419,84086,34638,41133
141434,21578,47234,27568
141452,21784,25700,43012
141462,23714,32019,23304
141480,8990,21480,37366
141495,76004,27066,42403
141509,71851,18817,27717
141527,77905,35714,41067
141538,25484,44312,41662
141555,20024,26081,43249
141572,74124,24074,42145
141589,18788,14548,32416
141605,11265,29830,29304
141615,38079,13464,15291
141635,72784,17871,25247
141647,86790,34157,28259
141656,11082,24252,40172
141670,45652,8572,17324
141687,22578,31476,23354
141698,72798,22850,26930
141712,76204,42808,39248
141724,17014,21654,25010
141735,61032,5657,30025
141747,63300,39076,34512
141760,7940,22736,34312
141775,18536,29014,22910
141794,74930,26135,42756
141807,90137,41162,30359
141822,75438,17436,36934
141832,81543,15996,24913
141843,9404,22268,32946
141857,76362,29064,42688
141874,75913,15414,35408
141893,21015,19991,40312
141911,36938,8854,31176
141919,78293,41926,21932
141939,53726,16766,35076
141954,21726,35016,22848
141964,12215,17453,33888
141978,88544,32320,40184
141994,74686,32984,20690
142020,19190,16049,28296
142032,66308,18378,15140
142050,19382,20726,40894
142071,30039,43602,37440
142089,72904,13062,22742
142106,81862,19454,28896
142117,22970,44656,41690
142130,88126,28642,30664
142148,91166,22286,31146
142163,71048,31084,43222
142177,33342,40378,35556
142208,72683,27891,42677
142225,90916,28316,34670
142238,39270,15724,13272
142249,18825,27851,22917
142277,81780,34286,40202
142292,69810,21345,28073
142305,33794,39758,36145
142317,28880,33090,43238
142334,71570,34516,42774
142345,20145,15195,33072
142359,77942,21044,40554
142368,80132,36070,22971
142390,74122,15412,34079
142404,70793,8170,27585
142422,22542,24036,42909
142444,15504,32932,25222
142456,81526,49626,32994
142471,72838,43880,38756
142490,13352,45316,30570
142503,73236,36966,42132
142525,75855,17775,37297
142540,16668,22210,40770
142552,86882,23686,39334
142564,85415,14948,31926
142582,26594,15418,22564
142602,74460,35484,42428
142617,75721,20074,22117
142636,72702,11780,32866
142655,13784,42033,28390
142673,8466,22274,33416
142689,50368,7740,27724
142697,17174,38571,42069
142707,27943,38628,42563
142722,78166,19782,39516
142735,19067,21851,24852
142750,21872,18438,37594
142760,74533,19932,40503
142772,23054,33100,22992
142787,89913,31251,38859
142802,57775,14944,14082
142815,91964,39390,30592
142841,76504,44866,25416
142855,74804,17903,25654
142868,79536,39766,40732
142888,80595,19830,39970
142907,37862,6333,30080
142916,21224,15650,30170
142932,78200,20880,40292
142953,50190,62676,71290
142969,21106,25756,22836
142979,21178,18518,27286
142998,16450,15008,32416
143021,10211,32306,42151
143031,88891,26342,31875
143044,78540,42470,39778
143059,74372,26286,42110
143070,27618,42902,41162
143083,55754,12748,36623
143097,72400,18532,29168
143117,26998,38618,42850
143131,83202,47788,28786
143141,20924,19516,40222
143162,73086,22266,41358
143175,25685,32773,44127
143193,10111,29811,30139
143205,11722,47298,31774
143231,22156,19500,39825
143245,46612,23758,37568
143258,11802,17959,33721
143270,13806,18166,31552
143282,25538,34524,43668
143295,8736,21042,32620
143319,75458,17486,38258
143329,75172,20690,40778
143344,28694,38356,42694
143362,24185,35580,43907
143372,15652,53232,23558
143384,71152,34492,42720
143394,64164,41156,33606
143408,26606,45650,39382
143424,29106,38170,25140
143437,75660,36962,21132
143454,51752,6615,27632
143468,34538,33356,35012
143483,78750,19214,39364
143500,18914,26920,23828
143508,76693,45422,23837
143521,78732,13462,28860
143538,72706,37566,42474
143560,14104,35764,26499
143584,73069,13906,23613
143597,75192,43350,38420
143610,71999,16584,19966
143631,58620,33434,14538
143643,28946,41702,28188
143655,21173,18084,37815
143669,87680,46247,31474
143687,67090,10502,31666
143709,20121,28875,22513
143720,9050,26480,40208
143741,3879,36769,31936
143757,58283,7319,32076
143770,31690,42067,33830
143786,28188,37128,43302
143800,25939,35511,24124
143812,32960,41188,35018
143829,75353,15853,27228
143841,20726,21220,25138
143849,21220,20560,25664
143865,75578,22226,41564
143876,24496,46866,40406
143890,72682,29292,43028
143908,25382,35110,23550
143925,20061,25716,43159
143939,22049,46998,26415
143957,24980,33646,43796
143974,53753,18009,37747
143983,75079,34473,22008
143995,78784,42057,22484
144013,30356,38038,41276
144026,21019,18108,38351
144043,27672,34988,43782
144060,23532,48564,39732
144072,22116,19550,38503
144086,16181,16722,29277
144100,73376,19732,39422
144119,75749,34109,20357
144134,61444,7476,33060
144157,15907,48531,40763
144167,73760,17861,37154
144195,66866,43384,33210
144208,74854,19470,22550
144226,78010,37093,21992
144238,26646,33557,44034
144256,69072,39270,27212
144270,73799,17637,38350
144287,28156,42360,28628
144301,72606,22722,27212
144321,20890,22205,42245
144338,21796,19997,39374
144350,74338,43672,38500
144373,21850,24889,43098
144384,13797,19272,38127
144405,51608,9074,15068
144419,86080,22370,39678
144432,16968,38184,24262
144444,10296,24850,40198
144458,11610,24648,30266
144471,18254,25847,22963
144491,78280,40115,22039
144502,26542,41189,25969
144512,56446,8660,32650
144525,73872,15934,27200
144542,14162,47397,31916
144552,78326,20554,40376
144567,5529,38061,31160
144577,18141,26721,23590
144595,29169,40197,26581
144613,8888,24570,31666
144634,21149,22352,41937
144659,83200,31240,41218
144688,19272,30540,21430
144708,9308,21768,32734
144720,21536,20004,40612
144746,61133,11873,35795
144766,76286,18071,24143
144783,76970,14654,28160
144803,87695,17462,27885
144829,28056,39395,42626
144841,21320,34724,21658
144852,5510,26560,32406
144863,21536,17286,36870
144879,8420,21988,35849
144893,67346,40600,26666
144907,14994,17454,27608
144923,23223,47909,28208
144939,63170,6278,31400
144956,30760,43151,34096
144967,42934,24752,38278
144978,27446,35398,43114
144991,75828,12539,26402
145006,17654,28252,23030
145017,77074,15368,36366
145031,54442,13538,34354
145052,22288,46036,26789
145071,18804,28790,23606
145085,57896,9937,34025
145099,73663,47674,35910
145123,74928,14302,21486
145137,14714,25046,27752
145152,67434,39044,27986
145168,29082,38270,41982
145185,16344,18229,27933
145201,76250,42364,40892
145216,28273,40802,41930
145232,27883,35256,43862
145258,11390,46448,39250
145270,19566,16844,27664
145298,14950,15529,32063
145318,22792,50598,30670
145330,74678,15716,26194
145347,92334,29363,30159
145364,74238,13986,27379
145377,73016,36576,42326
145392,66081,37813,28156
145411,17466,16142,27450
145426,78792,18840,39508
145440,75224,19370,40266
145461,78646,37080,21658
145488,10453,45836,33441
145502,6720,29076,32336
145518,75122,17880,37232
145534,89813,22408,37513
145548,17937,35550,22022
145566,76450,43454,40468
145574,56545,7746,32087
145584,10026,45810,31527
145608,75414,47076,25520
145628,22865,19977,39218
145642,55452,12202,35295
145663,45666,11927,30887
145679,29938,42085,29429
145700,14358,27861,42564
145723,89698,22232,33248
145734,90034,39115,34766
145749,56852,14010,13785
145758,71442,17396,27670
145773,56864,5799,28638
145792,59080,12698,36738
145815,67596,7002,28312
145834,87544,42650,32410
145843,87318,28169,40597
145861,21050,19308,27200
145882,6284,37829,31829
145898,30978,8412,30676
145919,87800,20696,32566
145936,73885,45018,39105
145958,83920,21425,39585
145974,59540,7662,31400
145992,20988,21642,24972
146011,13466,20284,30848
146035,92150,26410,29608
146050,5559,36138,35727
146060,91263,34004,31487
146089,74735,49500,29968
146104,76928,19778,22586
146120,74286,11210,26372
146136,22272,16472,35416
146157,91982,24868,28488
146169,78299,47821,30193
146183,21343,26293,23883
146200,12592,17474,34544
146214,27489,38608,25868
146226,5706,38072,34708
146242,15160,18714,27138
146256,14719,19075,38129
146273,39178,35349,14039
146300,74314,16956,36496
146318,79718,39847,39738
146332,59516,6436,30514
146343,27140,34656,43744
146360,65229,41856,34685
146377,18157,46677,27430
146390,21716,28374,43416
146421,20141,16987,28130
146439,52704,11006,32304
146459,74933,22151,22475
146487,26208,38500,43054
146506,66557,39923,28204
146524,52903,17821,35809
146536,70142,36986,23648
146563,17308,25144,24594
146575,19617,20369,26055
146588,64540,20496,14460
146609,64767,11383,34056
146626,13738,15550,30746
146649,20072,14971,32676
146666,12636,30170,42814
146675,61439,12935,35806
146692,92123,32585,33578
146706,26263,37852,43327
146717,17142,48534,31424
146736,64322,18664,16950
146758,89746,27542,31600
146770,19884,26929,21438
146788,21358,15114,29730
146804,91510,32714,30836
146813,85216,44550,38342
146839,29927,43979,35622
146862,72138,34512,22430
146879,10542,18966,33646
146905,16932,14472,33032
146921,13478,16654,34442
146931,70197,14827,33924
146940,28105,35001,43719
146960,19490,38652,23170
146973,75020,16630,23156
146987,89548,23590,37440
146998,33000,40924,35774
147017,34784,6878,31772
147036,45302,16868,35858
147055,91826,33618,31336
147066,6021,39797,37433
147080,74277,14619,33991
147097,76870,16025,26988
147115,72968,47988,28993
147126,76824,13624,28998
147147,20925,27134,22079
147166,20003,21781,24869
147183,5474,42172,34778
147192,76423,43827,40191
147208,7450,36690,30192
147240,76516,14528,27056
147254,13410,20396,24458
147267,41931,17699,37858
147285,37752,37213,17272
147300,18174,16466,28047
147328,75136,49464,31078
147352,29513,12050,33253
147367,90264,35909,33501
147382,5512,37748,32266
147404,74584,14268,24784
147429,76884,42578,23818
147447,86218,45124,36532
147464,39619,24140,38640
147484,66534,40840,29144
147494,72282,30004,42450
147510,20062,20790,40885
147526,81014,17124,37788
147541,46122,11716,32063
147555,5052,35414,31636
147570,49146,10418,14818
147583,54977,5524,27952
147595,14252,45009,30026
147608,22107,26858,43396
147630,28686,38670,42576
147647,23006,17876,37305
147662,92564,27594,32488
147678,14780,16478,29586
147696,56560,9074,32858
147730,77396,17174,24640
147744,48185,11292,27558
147767,27123,35357,43933
147785,73388,15464,35868
147812,56752,15170,37246
147831,80820,34468,40630
147851,71750,35842,23114
147862,78539,25978,22482
147876,73854,17025,35605
147901,72142,12572,24301
147915,89711,31248,29838
147933,85554,46298,30432
147946,8944,22652,32604
147957,53411,10868,31976
147968,75917,38779,22422
147984,85266,34844,27896
148001,40138,10312,31976
148013,79779,20407,39481
148023,74702,13282,29374
148045,92230,31230,33008
148063,41927,61934,84326
148085,76046,13677,24946
148103,20456,30446,22278
148115,65885,20130,14134
148142,13760,18766,30966
148157,20958,15957,31209
148171,91188,33546,32812
148193,27423,41990,27548
148210,21258,15766,31212
148224,14001,20813,29706
148238,74124,32388,21665
148257,16191,15037,31929
148283,17130,15534,35760
148296,5394,27907,33708
148315,22067,16596,35755
148328,60061,15973,14293
148340,72872,21574,25608
148357,72960,33344,21410
148381,35807,22055,12879
148408,70288,42492,26886
148424,27873,43092,40876
148464,64507,8242,32032
148485,70082,8414,29202
148502,82068,13474,30922
148527,24808,43224,25272
148544,76856,13296,28272
148573,5933,36366,30970
148589,66146,41297,30763
148599,53608,20454,37436
148614,22134,14682,29439
148637,10480,23806,31674
148660,63814,37673,29572
148675,5684,28522,36526
148688,77871,34655,42719
148711,63102,18692,17636
148731,80275,35784,22372
148757,16512,28558,24436
148771,83990,19226,38587
148785,75264,13480,32802
148800,72555,14417,24130
148819,74344,29108,21144
148830,43670,12668,30882
148844,58912,8348,32340
148858,4430,34486,35686
148870,20736,17702,26946
148888,50954,8558,15248
148905,43258,13202,32402
148921,67129,35220,26093
148944,73016,22756,26526
148964,77220,15046,27744
148982,18504,33332,23016
148994,46932,59588,68470
149009,20376,15902,29790
149027,21939,18443,38174
149043,40900,6659,28005
149059,70218,34166,42922
149075,47503,40736,122577
149096,9974,25023,40190
149127,8632,21440,33054
149146,4385,34133,35482
149161,75347,15884,26858
149183,92085,29858,35426
149199,57188,7921,32075
149212,76466,25368,21290
149226,18136,51034,35457
149247,6562,22757,33875
149270,78044,14166,28302
149284,37246,21076,15058
149297,59622,7256,31278
149323,68059,41180,27720
149345,51682,6596,26560
149361,89412,21514,35360
149376,75334,13526,30340
149396,29368,41180,40430
149439,74126,30792,21232
149460,21318,38063,22676
149475,79871,27588,22805
149493,74786,13862,23650
149503,45909,8907,16138
149527,24079,35599,23158
149549,23672,25596,43196
149560,88224,23608,39430
149585,21222,50950,30340
149601,33945,39573,34779
149627,76774,16470,37276
149645,70592,39648,23732
149679,22108,47460,27469
149696,75103,14621,28134
149709,4818,33983,37087
149723,80898,25120,25600
149745,90890,32310,36910
149762,9930,19714,27761
149770,57686,15204,13260
149792,39434,8726,32130
149804,87170,20133,24835
149823,15298,48508,32806
149852,8236,23230,33704
149871,77511,19891,39929
149885,21089,14097,30881
149897,21472,19554,38932
149909,75450,20506,23332
149938,17282,20945,25992
149954,76812,13152,29152
149978,62880,22832,12458
149992,19962,26151,23169
150010,84963,23607,40085
150029,5344,30742,35124
150056,62674,16101,34870
150073,4360,30998,33324
150096,15078,15020,32372
150114,21434,52130,33229
150132,77168,14940,26168
150152,20860,41618,22642
150185,79964,21067,39876
150203,9546,25464,39296
150224,38195,7596,30052
150239,88935,19502,36015
150256,54721,14044,31926
150279,70527,31252,20096
150299,21322,35760,22256
150320,29008,40131,41546
150337,73074,44590,39344
150356,26923,39909,27419
150373,89337,38025,30316
150393,66631,39998,26493
150417,21697,14563,30068
150432,21712,17258,28268
150450,47104,9394,25306
150464,44069,8235,16702
150485,78191,42183,39916
150500,15648,17114,29438
150525,25922,44554,41262
150548,70822,14676,22486
150559,18084,27328,22712
150574,20638,47510,26794
150594,4825,31906,37257
150627,84412,31758,41096
150645,82436,48250,29024
150663,71714,37629,23835
150672,15984,21815,22527
150685,69340,44226,29386
150716,16100,51310,34635
150737,42250,8071,28757
150762,19556,22682,24208
150784,72912,17450,36548
150809,10010,19933,35236
150828,52922,17974,11477
150846,36642,22372,13398
150873,28780,34702,42454
150889,90951,32375,31900
150912,74280,18370,38364
150928,75516,17092,36898
150955,29056,38394,42502
150974,54994,9875,33730
150985,5473,26947,33855
151013,50296,16890,11642
151039,21210,19170,39794
151058,77256,16442,25708
151081,23058,36244,23200
151113,64674,14082,34444
151137,73835,15336,35648
151147,72542,46550,37064
151167,21760,15158,28680
151197,77152,46715,26016
151228,89658,20676,35584
151257,58170,8323,31130
151278,75096,27931,41935
151296,82554,29640,40358
151316,76059,17318,21532
151337,91818,24750,30779
151349,30474,43126,34962
151363,32298,41236,36902
151380,8209,34288,41206
151398,74552,11716,29126
151411,65652,20259,15086
151422,69708,40089,40914
151445,27016,11202,33050
151471,37552,20972,14422
151492,9850,45464,33448
151510,78760,13354,29234
151527,78376,14230,28169
151550,26730,47086,37618
151564,85695,45049,32086
151585,85676,46716,32350
151599,15254,19588,28184
151612,23516,20522,39676
151635,35693,17583,13978
151645,78636,36977,22019
151675,27436,45388,30388
151696,78728,40803,22106
151714,75436,19018,23788
151730,73825,47825,36170
151747,88732,44238,29758
151777,50402,13933,32043
151793,75989,29989,20163
151809,24864,24216,42270
151822,18073,47292,41458
151842,72936,41160,40490
151854,88602,33250,39180
151869,32770,17678,36480
151893,19428,25508,22862
151908,56270,11466,35026
151926,11766,36120,28072
151945,81350,17254,37720
151968,6416,39712,39218
151989,12998,26464,28764
152019,37036,14970,14636
152044,39285,15814,12708
152067,18808,15885,29351
152094,4472,29488,34246
152111,69402,37012,23918
152130,67835,39463,24932
152155,74202,43436,24260
152174,4699,34160,33832
152206,69396,41400,39794
152229,42029,8065,28423
152240,26185,48554,35312
152259,52634,10627,32096
152286,27762,40796,27134
152301,64866,19544,15136
152315,19496,32730,20622
152338,53202,10896,32350
152351,74868,26176,21810
152372,75720,46294,38790
152390,22936,31380,23516
152403,67798,38701,27874
152427,75618,16766,24326
152450,65562,19150,15562
152467,15415,44052,28986
152488,27302,46045,29692
152503,86290,16672,33474
152535,21907,17456,36931
152548,57067,9974,33207
152565,56762,46250,110686
152579,92884,34626,32476
152601,34705,15372,35959
152623,89734,23370,36110
152648,68252,7929,27484
152658,74538,15066,27552
152687,48306,10056,27490
152702,20452,42274,23044
152715,18515,30056,23256
152741,30814,43380,35198
152756,6015,30165,32952
152767,54400,16842,37050
152778,64300,38765,30089
152804,88498,18698,32800
152843,78814,21588,24344
152863,6406,34528,38960
152889,35741,8693,33760
152917,91990,25764,33357
152928,24325,35736,22976
152943,59228,11762,36413
152957,67032,36810,40594
152974,66166,42231,31129
153004,45450,9424,16716
153028,46700,45482,33454
153051,80130,42500,26113
153071,72934,36404,21428
153091,78400,18536,25412
153117,30718,42840,33980
153132,70638,46248,31768
153153,19665,40032,43356
153186,64077,40997,34015
153205,24925,34547,23920
153226,27122,38896,42950
153248,19456,16626,27908
153266,9025,19483,34061
153277,54985,7253,19839
153304,87861,43601,30133
153329,86304,17402,32480
153354,20836,21616,41466
153368,5079,31047,34091
153379,73238,17492,34438
153395,27194,38900,25634
153424,48572,11390,27500
153442,31198,10576,32382
153468,69592,38712,41508
153492,58240,10245,35093
153501,18064,23022,24558
153521,81330,22838,40834
153541,81358,39748,41492
153557,55874,5654,29234
153575,28936,43504,30260
153594,70988,44444,36656
153613,73130,48218,29252
153635,64802,9249,31980
153656,73965,15479,34494
153684,19504,48177,28136
153700,78902,32290,21068
153719,24314,46640,40202
153737,74874,15258,35116
153751,22075,26436,23670
153776,9193,20776,33976
153816,80628,43110,26624
153835,81909,47842,29462
153865,5873,27210,38351
153892,27974,39822,42498
153931,58546,14520,14678
153946,90063,28954,38541
153970,74057,18321,38913
153992,75583,19039,39929
154009,55081,24197,38721
154036,42290,9526,17034
154063,74262,12996,27004
154073,24150,29063,43824
154101,68220,7290,27564
154122,77294,31063,41965
154154,21986,43759,25075
154172,81461,17977,38346
154208,77214,49648,31132
154222,70324,37410,22386
154249,73336,32791,41977
154276,7044,24474,36416
154298,71276,31380,43220
154324,73546,17140,37050
154350,74800,11722,28946
154363,77618,21552,23290
154385,75488,19905,40592
154404,73826,27287,42386
154429,6029,30584,33578
154441,19616,21485,24076
154464,63815,7326,30811
154492,16663,31901,23202
154509,55620,11626,35949
154522,72772,16532,34434
154545,80107,39928,23214
154562,84640,33280,41234
154586,91518,29480,35080
154613,75853,19535,24781
154630,22580,30526,23366
154649,72491,15849,26337
154667,30180,43170,36846
154678,80544,38036,24622
154713,72305,41495,40013
154741,19558,21792,25386
154757,68598,36336,41456
154767,72676,30213,42129
154803,74884,13390,26790
154825,50854,7528,27684
154837,39117,10114,32060
154858,72440,25480,27582
154881,19052,40540,23700
154902,62323,11237,33947
154935,74544,16256,36954
154955,42228,10970,33466
154969,4908,43166,30574
154989,15839,44547,28746
155019,72888,34420,21206
155027,72512,39532,23226
155081,89032,22622,37424
155099,70640,37690,25632
155123,18486,42546,24936
155145,21234,16630,29046
155171,54715,5726,28602
155192,6506,24323,36089
155204,85297,38539,28050
155221,87845,20244,32780
155234,19600,19084,25172
155248,10270,20884,26924
155272,91132,37230,35252
155288,77364,23286,22570
155302,75426,18808,25138
155329,40018,15689,12726
155367,4822,28886,37302
155386,18882,20681,39956
155400,63054,13578,35370
155428,26556,43368,26630
155453,84069,19540,30714
155488,80424,44676,28382
155514,75518,12630,28662
155544,22326,17688,36608
155572,39392,19318,36294
155616,67592,41112,27648
155631,20825,21796,41982
155656,63792,39046,30692
155665,22242,18045,37899
155688,79500,33500,21804
155709,55088,5408,27592
155729,68644,38986,41076
155749,72444,40636,23100
155775,51188,15010,35274
155800,72842,28326,42684
155821,75250,17736,25352
155843,27752,43282,28804
155858,89776,24200,35127
155888,11754,24550,22386
155916,54914,16830,11638
155937,55628,8782,33298
155979,75644,18902,23370
156001,72830,16331,21844
156017,74466,12064,31205
156043,69172,44646,35412
156060,91898,24708,29650
156078,74676,34294,41394
156113,74344,48080,27336
156143,41590,7388,28266
156167,89146,24650,32036
156185,8984,36862,41146
156203,68988,28560,41248
156226,71400,39939,40903
156236,5520,35720,35274
156267,74828,46606,26326
156310,24624,24870,42752
156336,76144,18668,22698
156356,75509,14029,31048
156380,53630,11236,33942
156408,78664,40550,22444
156429,64498,20587,13790
156444,76368,14276,28230
156460,77024,15314,35480
156484,82037,19118,39275
156519,31202,43134,34606
156564,18874,52148,33366
156576,31915,42146,32947
156598,34951,10211,34000
156617,78960,39306,22616
156644,6345,23992,36090
156661,4488,27022,36940
156692,13688,44576,30322
156714,3660,28049,34624
156747,73354,45568,25590
156783,3798,32548,33468
156803,55396,15266,33682
156845,72032,39495,41833
156863,64276,22966,13248
156886,25022,24466,42364
156909,30448,43130,37652
156937,4496,33016,35588
156953,25869,38858,25623
156973,83193,30081,40230
156995,65155,38131,28779
157012,38566,18892,39202
157037,33464,10680,34598
157069,15592,26274,20660
157090,21540,13688,29678
157117,23674,37230,23092
157142,78650,12702,29170
157163,21003,17081,28108
157196,61180,61516,116460
157221,82943,14066,33211
157264,14798,37362,25088
157277,77131,16068,25598
157314,61931,16099,34569
157345,73476,16604,29877
157371,47180,57994,68088
157404,79298,17851,25672
157448,23974,36456,22372
157463,78977,16100,37140
157497,21475,23944,25034
157521,84908,33630,41428
157535,18934,23979,24797
157557,85929,33301,41164
157581,29376,38587,41871
157605,14053,20253,38739
157632,81691,37668,39877
157661,19201,17064,27959
157682,3338,36632,33288
157698,84642,37416,41174
157746,5914,30776,31404
157769,19826,20109,39925
157791,65343,6204,29012
157808,78118,37488,41267
157831,86284,39231,39934
157846,77738,17110,24952
157877,73284,48694,34360
157893,64472,8428,31560
157931,42081,18929,38499
157950,53911,10443,32633
157993,5985,27377,33400
158010,74933,22156,41508
158044,73168,16580,36236
158074,66548,43092,33696
158101,79144,39542,22280
158134,24298,31408,22540
158154,73068,28280,42284
158182,45414,11924,31496
158207,20270,51776,38516
158227,39981,18675,35898
158246,40483,10700,31813
158271,22535,18047,38032
158292,74614,16556,25500
158328,59953,7607,31695
158356,74844,22438,41196
158377,73308,16424,35706
158410,16718,51764,32770
158428,66384,10988,32800
158447,58594,9662,32562
158461,63905,35792,28917
158476,24499,44183,26012
158492,73546,15172,35798
158516,80310,40278,41380
158553,82467,34320,40159
158586,4524,29824,34817
158606,32428,22164,15876
158635,64490,21250,13644
158657,73985,15477,31903
158678,58574,6049,30771
158711,20744,21566,41780
158752,88480,32844,39734
158793,85777,34411,40881
158818,61395,6105,31134
158840,75622,13591,27832
158869,39270,14466,36982
158899,73058,16208,35806
158917,43718,12084,13626
158951,24560,28179,43577
158983,32173,41837,33439
159009,67262,43710,33482
159038,75914,16945,23646
159059,86102,36849,40175
159074,83508,19208,38500
159099,52942,46434,23144
159131,78710,41644,23000
159158,53086,12858,12692
159193,25178,39198,24063
159209,24150,29690,43771
159230,77022,38075,21151
159249,72336,22076,40939
159268,67073,38167,39984
159295,92953,32025,31277
159323,10303,19966,27421
159345,90466,22133,32653
159359,28270,35486,43372
159375,73816,28507,42858
159386,81188,24775,40039
159401,45756,11558,29726
159422,81682,36964,41796
159458,66580,10638,32642
159485,85758,44915,28537
159513,86805,21877,38534
159540,15744,16844,30736
159560,80946,36324,22802
159585,79020,50016,28179
159600,76393,26798,41810
159620,90642,30726,32828
159635,54278,10796,33898
159659,86240,16214,32934
159677,68650,38990,25432
159695,57754,43840,26334
159718,21827,19587,39985
159740,69098,44390,35180
159761,73099,30014,22038
159787,4039,26414,33413
159820,21092,35132,22596
159848,86366,38604,29146
159868,24504,35696,23828
159891,73407,29036,21965
159931,77007,32400,20089
159967,20179,17232,28329
159987,19644,33580,21122
160013,56238,64016,89831
160033,21374,18282,27662
160050,72454,15276,23556
160080,79078,19130,39524
160115,22586,18630,38710
160136,90426,39835,32469
160169,30704,39730,40218
160198,69759,32238,41896
160227,9276,33764,30364
160261,83446,34802,40454
160293,72629,24190,41690
160320,50034,7546,16629
160336,5720,35128,32612
160361,74952,26714,21750
160381,22948,36442,22888
160405,56126,16990,11857
160431,8242,21963,32601
160453,54930,17044,37410
160495,78614,33768,42428
160523,77726,48094,27384
160564,7187,41944,34320
160591,29080,39794,26458
160624,18314,40886,43416
160655,21644,35034,21732
160681,57869,12919,37040
160705,76506,39581,22085
160735,84092,42513,39816
160751,70916,13590,33914
160781,77398,18282,23947
160818,51464,9378,31602
160854,93300,28396,30526
160871,22224,51119,31882
160889,34292,15668,35730
160909,72355,34506,22040
160924,19392,24528,22336
160965,23982,50112,37182
160983,10081,35291,29105
161021,76310,13136,29034
161047,77108,47078,26480
161069,22494,18350,37748
161087,77764,25454,41213
161123,77456,34784,20682
161143,90412,36388,31038
161163,61553,10010,32384
161183,73692,41946,23356
161199,22412,18794,38204
161228,74900,22486,23704
161259,4868,32292,34642
161284,5293,34131,34770
161303,85996,43276,28119
161348,89770,37285,29783
161380,12926,21126,24538
161395,74137,39749,22618
161418,55358,10536,33490
161459,19386,42682,24506
161495,78567,36339,21992
161517,40271,9578,31391
161570,84236,46778,34274
161596,44067,18823,12733
161623,83092,45092,30564
161649,49604,56157,128146
161671,3307,31942,34845
161695,81445,25149,39905
161717,82660,27587,40047
161757,89726,22126,34103
161778,79486,29884,22067
161816,87212,30850,40690
161859,3686,30808,31158
161887,76188,30181,42132
161908,87869,25868,39264
161948,5281,44213,30646
161971,11630,43228,30998
162013,27414,46602,30776
162041,79621,40089,39441
162066,75240,13112,30662
162108,89360,42942,31624
162134,65596,11610,32964
162155,82124,48957,31870
162197,21662,19328,38782
162213,23970,25359,43150
162244,76928,33720,21144
162280,82556,29192,39642
162298,90976,30556,31186
162331,30542,43134,34372
162381,56252,13450,35524
162395,65640,15310,34468
162407,84480,47654,30091
162431,17570,39734,24670
162460,75122,13418,29710
162495,81420,29903,23626
162527,55771,13788,36416
162556,84458,16268,26396
162602,85787,19046,37942
162614,4830,32092,38961
162631,40464,13816,13537
162655,56833,9193,32067
162674,41410,11148,31446
162716,88822,36436,39166
162745,38724,9082,19428
162777,63857,17882,15257
162808,23154,19022,38145
162833,83842,25659,41252
162869,73764,17432,37570
162917,54424,14394,36238
162949,89916,24977,35746
162968,69607,31247,41950
163014,75736,31546,41036
163038,51062,8744,17308
163083,80558,12500,30630
163103,23764,36446,23514
163141,33359,17788,16343
163185,89036,22198,33276
163202,83156,28254,41240
163221,77104,22908,22460
163243,21312,35142,21650
163275,26874,40952,27348
163297,89422,32780,39500
163341,50268,6226,23523
163358,16812,38654,21002
163392,89513,36127,38430
163410,91572,29100,33066
163427,3839,29248,30440
163450,57608,14820,36656
163474,73957,17614,37773
163500,56067,11054,34931
163516,39842,7334,30434
163548,23370,24133,42880
163578,91844,28953,34301
163630,32658,16182,34941
163650,74320,32046,21201
163675,53491,10011,32486
163696,79762,19458,25210
163717,75712,19614,24454
163759,20003,28386,22950
163797,22776,49254,39042
163826,3694,28054,33175
163852,6704,27032,33798
163880,92231,25891,28488
163921,23916,47534,28251
163942,83396,33935,41471
163965,52125,11309,32152
164002,5868,30739,32985
164037,71088,41849,25323
164058,19550,20150,39655
164076,26530,40568,25826
164089,68490,11228,32748
164128,71298,41596,24872
164158,44609,11346,32027
164209,86762,38324,40190
164251,74718,16904,36966
164279,43674,18538,12736
164306,78546,43090,40216
164340,81961,17091,37836
164378,4716,24739,32076
164416,90685,35895,34268
164447,74551,16515,27969
164482,27496,41016,27140
164514,3864,31442,34676
164540,6204,33476,31804
164585,74890,14146,25812
164601,58886,16590,12994
164623,19642,20079,38966
164658,76524,40097,21329
164726,29253,40071,41247
164769,64222,35230,30276
164798,82014,15435,25778
164822,77382,43719,39900
164852,77046,21424,22854
164893,64734,38840,37546
164923,73055,41996,23603
164966,55080,11524,33124
164991,77606,32992,41938
165026,78568,16143,25323
165039,75186,19220,22488
165063,52472,20940,37270
165087,33054,7080,30474
165111,30716,43444,33904
165141,87607,35918,39647
165171,68961,35224,41969
165206,83516,25144,40702
165228,77608,13084,31666
165260,55696,11903,35538
165283,90454,29252,32618
165301,65634,13200,33734
165321,24516,24110,42306
165358,75740,28748,42026
165378,5674,34119,34974
165412,81283,13120,32016
165453,14014,44527,30687
165492,75374,44306,39628
165552,3919,34247,33776
165587,79006,13592,29536
165606,16470,42262,25404
165631,79151,21794,24431
165651,90208,21788,32822
165666,64449,37257,30138
165691,67320,32534,40800
165730,25638,42376,25720
165768,6502,24622,35652
165790,56206,63304,87988
165817,72520,15020,23122
165840,15100,29344,41368
165862,87803,31969,39740
165897,90716,27636,36514
165916,92490,33528,29346
165936,74970,14958,30854
165999,33042,40702,35200
166017,32236,41520,33416
166051,64777,15844,34506
166080,77370,24980,41622
166119,54640,9030,33158
166151,20314,27060,23596
166168,76021,44838,25098
166220,86358,44408,30430
166246,62009,19868,15254
166286,29159,10127,33087
166319,76156,43798,23632
166343,73801,28299,42239
166368,48286,60540,69624
166386,64435,7025,32121
166439,42191,17096,37854
166474,4009,35930,34975
166524,84738,41956,39828
166544,54686,11316,33140
166582,78190,19164,23602
166617,60578,9893,32254
166687,58812,15744,37580
166713,81506,49098,30896
166748,76456,13462,32045
166785,75148,21356,41288
166804,75764,12756,27148
166832,71994,19968,39280
166872,19976,29840,20642
166901,72064,31973,42893
166939,19473,41587,23998
166990,74872,14558,25851
167009,42248,10315,15937
167030,8640,19022,30468
167064,27311,44079,28030
167085,84544,26626,41306
167128,5046,33316,32724
167164,74548,17518,21292
167189,63616,39584,33758
167209,46122,10646,13964
167242,87878,32884,40534
167291,5092,28660,35392
167315,18149,42701,23611
167347,54198,8132,18304
167388,73760,16776,29530
167410,85877,43755,28203
167436,67702,36412,41336
167479,79688,44526,25536
167500,90886,33730,35024
167524,5142,32186,33120
167564,5384,31684,38634
167598,26863,12154,33468
167622,52982,6568,27312
167648,43292,11710,31178
167676,77772,31320,41928
167713,77514,17574,24288
167768,72085,40843,23752
167803,46562,9144,16206
167828,13340,37686,43582
167867,79016,42196,24234
167887,79238,31172,20916
167907,84868,15937,34346
167923,85382,32820,41356
167959,78796,47490,26232
168002,78182,34358,41074
168029,76210,35732,21056
168063,5718,30956,38468
168094,83782,33873,41450
168125,74282,12442,25440
168159,78057,26057,41216
168191,69757,20070,27091
168217,6382,39040,34328
168256,25391,33897,23758
168305,79700,15714,26990
168327,74716,15963,36680
168369,68068,40074,25163
168405,37774,16192,38009
168456,11479,23372,39826
168487,80506,41264,40730
168535,43829,13839,31868
168568,78955,43800,25092
168611,6260,32600,31054
168645,85102,47404,29438
168683,54592,16916,37656
168723,78929,25756,41866
168749,5524,38994,35216
168792,8778,43074,33386
168823,49581,11828,33019
168854,62361,35828,34811
168881,88198,30726,40298
168937,74016,27270,42066
168970,52586,63400,87348
169008,6614,40566,32536
169028,25522,37142,24171
169047,20365,28090,21691
169079,14521,34965,25812
169107,45520,7610,24344
169128,77738,33670,19534
169155,80338,21670,25262
169186,56480,6876,29280
169226,43567,10483,29873
169255,85000,32067,40713
169299,90776,27204,35544
169326,89954,35257,29688
169366,78988,15022,25546
169384,69608,37800,24864
169420,55890,12414,35344
169453,27123,39254,25845
169510,82284,25532,41570
169529,70020,41908,27528
169545,90264,20478,28422
169570,65174,37712,38264
169621,73076,18472,38466
169650,46773,55038,64981
169670,88982,33214,38920
169691,74488,14155,29885
169710,79696,24544,40552
169746,62454,39574,28842
169800,72037,33824,20891
169825,57909,45964,118818
169854,87242,20526,31804
169904,87746,31407,40409
169957,78053,26448,41286
169998,83855,41202,39999
170040,38338,14588,36770
170081,33186,40946,35200
170139,43258,14017,32499
170174,11610,21762,39000
170204,76446,47910,28314
170237,62176,10876,34596
170256,52944,7422,28286
170293,55167,7787,31658
170347,52896,44624,106480
170366,56846,13064,36606
170385,45236,11036,31412
170434,79795,47385,25884
170456,75379,46958,26060
170480,80874,22780,39292
170501,4460,27190,28520
170523,48051,61641,116662
170558,82180,32876,40224
170609,21714,15182,29846
170651,87992,30416,40393
170689,46103,43954,109013
170723,76426,45932,25811
170798,52406,18326,36802
170835,89135,22509,38040
170885,52722,6251,28034
170928,80154,37530,39712
170958,14033,48088,32295
170990,33839,19349,16880
171021,75629,19845,21117
171053,43478,10708,30654
171086,79989,21394,39161
171118,75160,21618,22688
171178,84568,39898,40268
171245,72350,21612,40386
171283,52743,8420,30203
171310,80340,31550,40566
171340,55104,11549,34148
171388,51828,65592,77960
171431,88518,41544,33700
171465,80394,22077,39878
171510,75114,33086,21496
171539,83393,25942,40619
171563,6497,25892,32860
171579,53472,11066,31666
171651,82074,33730,40794
171696,82002,37737,40164
171732,90578,37674,34918
171783,88212,42258,33264
171809,38210,18982,38984
171845,85008,16014,33866
171876,71706,18930,28196
171900,5926,37599,34089
171952,87342,41800,28640
171997,52330,63314,120844
172020,79230,16296,37448
172075,65342,39466,28830
172111,72150,26738,42182
172170,6799,42986,33816
172213,70025,45937,32900
172263,75792,29925,21566
172313,72612,18560,28634
172350,77519,24068,41048
172377,31917,42049,33313
172415,78540,44630,27030
172429,49660,11973,32424
172460,53001,6156,28359
172502,85508,46466,34438
172551,79991,25365,41330
172604,5406,33638,34260
172625,34566,21296,17042
172679,67646,16928,16294
172718,78344,28236,22057
172748,61801,12587,35390
172801,62344,11096,34882
172829,47120,7746,25010
172856,89140,21362,32288
172925,87508,33762,40286
172950,85342,15716,31700
173000,78395,26107,41053
173027,75644,42690,23176
173058,5390,32217,33849
173089,5606,31578,32446
173132,90479,23333,32014
173181,78230,19454,24900
173198,43246,12842,31600
173220,86238,28344,41032
173258,6400,25124,32832
173321,79992,30060,42158
173379,90207,24388,31820
173420,46954,62198,119476
173467,32060,24756,14949
173525,52938,22986,37302
173568,16051,51284,37218
173578,37472,5692,25914
173605,74455,14176,31787
173646,86562,27290,40368
173704,86724,31848,40910
173739,90018,33263,37827
173796,80083,22799,40038
173841,89336,23522,37712
173862,53972,11920,32312
173908,69636,8658,26856
173934,87672,18750,26484
173974,20506,45526,42270
174028,4102,29737,37169
174041,74942,33772,20324
174086,73718,19666,39634
174127,57813,10602,34560
174168,49044,14666,33566
174183,88886,35392,39248
174202,48626,43266,103408
174265,72812,35030,22322
174293,82926,35352,41400
174318,31735,22013,15311
174356,70438,44280,37608
174386,73759,17886,38475
174402,76612,33889,41182
174433,72642,22971,26138
174466,81622,19108,39398
174499,87857,43544,34682
174517,58799,33822,14539
174572,83830,20458,38788
174608,61907,9411,32799
174640,71034,40454,24180
174671,66076,39285,28557
174703,77700,25360,22648
174729,79908,44951,28277
174778,49080,9698,16256
174813,54184,10912,32431
174849,66017,19344,17719
174929,91106,22460,28932
174951,76462,12320,26266
174984,81538,40278,41282
175120,5952,30271,33999
175174,43004,10609,31956
175200,41944,12371,34838
175220,75539,18968,24137
175248,91540,34546,32968
175308,61660,9182,33234
175340,52346,9454,31004
175367,91509,34912,31712
175423,90642,36013,35594
175457,88007,20256,31830
175496,83266,35762,41620
175535,76262,14738,35188
175607,73208,21654,25232
175667,22733,17850,37748
175688,84354,15628,35152
175741,5328,35521,32167
175778,86586,17050,32922
175825,25936,36286,23448
175859,77114,48498,26452
175920,85750,22555,38929
175972,84766,44744,38410
176056,34464,38934,30976
176097,85238,25438,40938
176128,67861,35402,41644
176161,5877,39835,36260
176228,70239,41673,25994
176274,77193,14014,27968
176313,62186,36404,33306
176360,73708,46750,26223
176414,78978,41164,39836
176460,38538,16037,13474
176494,5668,30284,38206
176543,76602,45290,23498
176598,33550,25210,13378
176623,21532,19402,27156
176665,70640,34436,21740
176721,50826,11543,32078
176774,5834,25100,32492
176818,86610,28358,40984
176862,26774,27090,18644
176896,81855,31927,40426
176972,87019,31910,40611
177006,84146,33014,40644
177030,34559,20198,37446
177082,71603,25670,27838
177107,21432,15070,28778
177155,5427,36462,33972
177201,18008,41959,23085
177240,72330,47422,34674
177278,47921,9865,25960
177329,5238,33897,33650
177371,5734,29716,35518
177398,73787,30327,20812
177482,82136,25704,40420
177539,45768,11180,29470
177590,50960,8926,14792
177636,75362,29559,42711
177667,75233,19808,21213
177701,11110,23576,39310
177731,90792,36502,31616
177780,88544,34599,39990
177827,75835,29503,21469
177878,86142,39520,39536
177921,75953,24680,21524
177962,50340,12994,34454
177996,76426,25920,20651
178059,91119,26101,31180
178092,53414,8772,31656
178130,4944,28455,32061
178161,73887,29628,42619
178198,81560,32492,40812
178244,88136,42069,33714
178276,88808,19601,33993
178341,30548,15700,35382
178357,84040,32038,26248
178401,84236,34966,41300
178455,42193,7874,19114
178516,55730,19401,33395
178563,21000,52226,30896
178595,91864,23547,30950
178665,90807,36053,31203
178706,78206,42436,23562
178747,87398,31522,40176
178810,33903,13214,35324
178860,25328,15522,33841
178932,5624,35578,33808
178976,52083,12445,32280
179013,64252,18304,15777
179073,45058,12676,32036
179107,29814,43636,36692
179160,5336,33300,32976
179200,44209,9798,29939
179247,5480,38852,33632
179286,82099,29885,40370
179318,72266,44340,37190
179342,80267,21913,39290
179392,16605,36132,41571
179431,80851,49751,30129
179458,90782,22915,33820
179491,16181,28425,24549
179529,54970,11740,33797
179572,65423,13638,34010
179605,45029,10358,30034
179663,73732,23774,41220
179740,68098,40046,25957
179774,56356,11537,35801
179836,87686,45304,33200
179868,4320,39086,30840
179937,66585,36467,40065
179974,6054,26484,32378
180043,71256,31046,19564
180070,79794,32063,22120
180106,6226,31150,31294
180160,88907,32578,39918
180195,75198,47710,27218
180223,74656,25382,20852
180274,5376,44812,30412
180355,75298,44554,23490
180398,74728,21682,20814
180445,68494,11270,20464
180516,73852,37460,21402
180544,73918,27550,21349
180588,37564,11058,35236
180629,84724,32222,41570
180703,90294,27058,38446
180755,87865,18135,35980
180812,40109,12213,35081
180849,88692,40486,33826
180905,40657,7406,30119
180940,66786,11255,32131
180999,52324,45872,32374
181073,70448,37999,24055
181103,8640,45104,30860
181149,50933,10574,32047
181179,68192,44199,33868
181229,76183,19359,22165
181288,75885,29837,42248
181344,89654,31010,38248
181380,62410,36127,33057
181434,89164,24276,31702
181476,55402,15132,36542
181510,47812,10229,26092
181540,5386,32994,33222
181579,75682,30660,42822
181669,76436,20668,23160
181706,84474,39294,27458
181772,3588,29412,32692
181830,68762,35467,41762
181899,90003,26082,32367
181935,31080,22524,15402
181966,74526,29779,22066
182036,79884,48465,31205
182058,20652,35494,21608
182097,82216,26525,39982
182145,88158,34608,39380
182205,78372,33084,21840
182245,19317,41466,22081
182273,74145,28006,21073
182325,4572,36254,34554
182396,87284,44832,33162
182467,82158,40042,40731
182494,15354,18876,27534
182562,6254,28834,38596
182601,53921,63869,82850
182658,82292,36428,25584
182732,65366,41823,33346
182768,76916,29530,21264
182815,71678,31982,43211
182859,72089,18314,32805
182905,75067,40116,22625
182945,51676,62002,117606
183010,82127,18191,38634
183073,75206,15326,26464
183129,5838,26511,32650
183176,87522,33136,40674
183211,6416,28686,32366
183273,4242,33314,33770
183309,61206,36430,33520
183343,80364,15818,36912
183374,80548,41357,25871
183421,83498,28687,41876
183483,73060,17570,34013
183524,41642,62573,88755
183578,6447,26605,33928
183613,81650,27596,24276
183652,61770,13030,35469
183690,89204,21270,32654
183733,75556,15368,26508
183759,32316,41644,34428
183815,56847,64378,90589
183843,83802,15516,34904
183906,81762,13492,33504
183963,76227,16169,25672
184022,76362,19698,22222
184104,5732,26476,36272
184141,51856,60457,67792
184177,5974,25825,36625
184206,79721,37466,24115
184234,9288,43973,35872
184284,75144,19842,40490
184296,75907,47286,27535
184317,82185,48694,34120
184385,68664,33274,41514
184427,74405,17865,37264
184482,91104,32684,35286
184535,79280,20390,25042
184591,72846,21784,26060
184627,75122,27018,20784
184666,86712,23620,30842
184704,48548,44280,105762
184759,89755,39677,31813
184796,78092,26720,21537
184833,74045,20908,19793
184898,89842,39330,35613
184922,65066,37564,27798
184963,77876,40314,23369
185005,81957,40963,27067
185024,51478,10828,30382
185063,37715,10667,18758
185111,87734,29722,40498
185169,75476,27170,20824
185236,79528,41716,24260
185275,75330,17492,37536
185314,88286,27448,39192
185350,77036,18776,38852
185406,28490,14992,21947
185439,91704,31770,34472
185487,87534,42480,28630
185545,75568,26159,21069
185582,73963,27396,22017
185671,93126,29442,30300
185723,77290,19650,22752
185761,4858,27341,33865
185842,87442,40972,28564
185910,91384,35396,30744
185959,83820,32510,41290
185999,77959,17248,23462
186043,37867,12608,36020
186098,88356,23402,31334
186145,5130,29416,32704
186178,5668,37604,35074
186214,74560,26600,21098
186250,78117,22604,40646
186303,78548,30940,21264
186380,64106,41068,31558
186430,87870,30082,39664
186496,7806,24842,32510
186566,39872,12424,14494
186635,86654,18322,32516
186707,76398,35728,20660
186806,73698,28808,20778
186839,32454,41626,35204
186877,75985,16075,24881
186921,85084,31260,27486
186977,34610,12290,36240
187024,80068,24014,23974
187068,72730,36732,42428
187146,80289,36719,22152
187170,75944,16385,37443
187241,75106,45390,25046
187287,77278,21298,40924
187358,3869,36153,32508
187418,83886,14983,33801
187519,13132,21979,39633
187573,71542,36650,23474
187617,21967,42987,25025
187670,19921,19465,25671
187711,88742,39620,30790
187755,75541,17934,38861
187784,70720,38550,22916
187882,67512,42642,32264
187933,64976,20602,13712
187982,72317,25194,42156
188035,77530,19224,23258
188066,71145,35514,21949
188104,74478,14376,26542
188130,90498,35950,30197
188171,47736,10991,16165
188224,92914,25048,30812
188267,90214,24972,31296
188325,53220,12338,32486
188403,91432,33286,33564
188463,91462,34760,34300
188509,5959,37215,33746
188561,75642,28590,42400
188632,46884,44562,107754
188679,83302,30316,25802
188725,77604,38604,21692
188778,78118,42840,23293
188857,39190,17622,36392
188896,78660,18936,25034
188965,31873,42232,33566
189015,44999,9526,15957
189054,42146,8853,30886
189151,83052,38328,41412
189191,73972,31559,42802
189234,18666,23960,24977
189302,77995,18232,23833
189359,75725,25344,22132
189456,84590,46918,34994
189488,76388,27236,42670
189531,85762,20968,38870
189555,88205,26012,39871
189625,76771,25623,42089
189663,89154,29824,38697
189701,80569,49878,30523
189739,90828,27872,33705
189841,74606,14830,30056
189884,71288,41796,40514
189956,6101,39128,38900
190020,46790,13188,27386
190080,91278,33230,34424
190106,83626,46752,29626
190207,25742,41310,25526
190246,86002,44164,30318
190296,37482,14626,14410
190319,48114,63494,80003
190374,84998,15212,32664
190403,82850,16544,37056
190436,19462,28248,23414
190469,73918,30196,43016
190538,88061,19751,35996
190589,53706,13262,32766
190646,84592,28370,27224
190692,91875,29550,35603
190757,71779,35711,22678
190795,75016,19486,24722
190862,85308,24504,29628
190930,74282,27668,22074
190980,90780,29386,32754
191026,79704,16170,37424
191126,75528,19544,22848
191190,76322,21500,40734
191227,74228,15668,35054
191261,17544,27186,23879
191304,90696,29666,32534
191343,72780,32996,42678
191370,70680,17268,30400
191393,16806,51424,35078
191427,67880,39358,27174
191480,28091,46235,32651
191533,77315,35890,21861
191571,89821,24625,34409
191630,74276,27370,42516
191658,52397,12128,33582
191698,77598,15128,26526
191758,75064,24192,21432
191834,90738,24932,34658
191867,69282,40350,26410
191918,74690,15180,35740
191970,85830,34054,41277
192033,72522,36350,22812
192081,88698,32852,39354
192120,74488,12588,31242
192150,45642,64822,73366
192219,76274,15596,27074
192240,73821,14766,35351
192306,55134,30368,38189
192361,8045,28967,30549
192390,78434,27532,21390
192424,76036,27955,20480
192514,73342,17414,36868
192550,72812,46438,26952
192604,89588,32904,38246
192651,29974,10682,32432
192727,86016,44756,30153
192765,89642,25888,31906
192791,76528,19618,23446
192834,77074,20992,40996
192910,77625,26290,42118
192978,34295,24112,13366
193017,5884,37443,31811
193075,54066,9865,32533
193135,76884,16904,25586
193215,90334,35911,30534
193269,75472,26250,41706
193326,76726,16602,25468
193364,42926,12550,31516
193428,89322,23216,37508
193466,71624,45628,37480
193526,70776,12320,33122
193574,53628,12657,34112
193606,79522,15294,27426
193652,78486,30196,20896
193708,77868,21239,23278
193767,90086,28922,31734
193799,89100,39002,30242
193852,78998,19680,24754
193942,54411,12000,35179
194025,72868,36516,22748
194060,18025,20680,24489
194101,85914,38971,39931
194148,61586,12055,35494
194230,72173,35999,41657
194266,90058,32532,30406
194321,64974,41428,35190
194411,76540,17372,24338
194479,78776,28155,21390
194515,85416,45634,31680
194542,85608,45380,33354
194604,53234,8280,31554
194655,54238,12800,34748
194702,81516,13544,33306
194743,51347,62005,116421
194793,87907,18361,34582
194850,8266,42720,33664
194915,73938,21391,40957
194941,77070,17652,24186
195007,52482,63710,87036
195071,75828,23807,21032
195134,75184,27512,20634
195152,83576,20810,29888
195210,78994,23052,40486
195276,65060,18700,16206
195309,52824,63906,86261
195374,76270,22404,22586
195402,75482,37706,21010
195435,9366,36141,41160
195488,77088,22488,41336
195543,79458,35548,22644
195602,89178,31554,38694
195646,79528,43632,24836
195678,75960,22132,40852
195727,88569,35314,39935
195809,71850,34093,23009
195854,4033,27610,32609
195912,72834,33484,21730
195977,84434,32540,26748
196024,33757,5763,29129
196053,6140,32009,32960
196148,76739,13850,29231
196232,89540,37172,30608
196279,55338,7410,19650
196309,90740,27242,37672
196384,76221,23740,41930
196430,87676,42714,37538
196492,89268,35344,38980
196539,3190,32304,34572
196627,75776,18902,39016
196664,77500,14864,26764
196752,81758,15822,30789
196837,22250,34016,22934
196901,45900,11127,30877
196946,72540,29358,20604
196996,81918,32949,23386
197084,88908,28910,38876
197160,20168,47408,28426
197191,77974,27032,21684
197228,27376,47264,36486
197287,90232,19134,31276
197318,48860,13362,27806
197353,73498,33875,21821
197446,67638,32312,41330
197490,71246,35682,23532
197549,77256,14264,34454
197623,86457,43825,31037
197728,76662,13558,27933
197794,90968,33426,33650
197843,68137,38596,40531
197918,17288,22388,24161
197963,55030,33344,12796
198039,72786,27258,42398
198109,76436,15590,25522
198145,57310,15212,36684
198223,80564,20766,26800
198332,83492,47436,32776
198402,16618,36324,23128
198444,80614,13939,30304
198492,72446,36696,41254
198550,70908,36728,23932
198591,80112,14100,28976
198647,77328,48424,30186
198686,76384,42937,24177
198739,74703,26458,21941
198783,4661,33062,32099
198844,52167,7635,30052
198913,73672,18100,37351
198974,17913,29062,23666
199036,75566,17742,36990
199127,87620,19804,33440
199186,87204,18852,35620
199272,91684,28816,35754
199309,74836,14588,29312
199351,75488,40872,23304
199384,6173,38489,33610
199454,76634,18560,38432
199521,85530,27296,28662
199590,92013,34355,32078
199649,85280,23004,29875
199729,23548,51268,35510
199796,42397,60310,120705
199848,75348,23770,21762
199943,73244,27570,20610
199974,73156,28792,43020
200011,72226,44730,38698
200130,72286,42892,39220
200192,75837,37095,22385
200277,67250,39244,27182
200313,72434,29846,20179
200358,63524,12732,34834
200427,4744,32932,33540
200482,39311,13371,35939
200544,74798,13766,28422
200629,74386,18204,39062
200682,37308,39666,17209
200761,78690,18131,39173
200811,77198,17768,23500
200883,86980,43240,28406
200947,75102,21656,21002
200990,81454,27180,18842
201033,75541,26446,21871
201089,80404,13706,27784
201154,5252,28981,36056
201233,44492,7801,17950
201329,68520,17358,17160
201415,65953,42610,32978
201504,74443,17093,38009
201554,84165,15981,35924
201668,79411,13757,29388
201720,76850,19552,40320
201785,86204,45722,32898
201833,18874,42534,24676
201904,82994,32233,23904
201969,76012,22709,21731
202014,86984,42974,30500
202109,65209,41839,33679
202141,79052,17320,38522
202212,73815,44749,24958
202277,76879,50288,30016
202335,84336,19260,38494
202421,75352,30308,21314
202474,77710,34620,20890
202547,76222,14866,34228
202625,73403,42117,23677
202692,77498,25225,21806
202732,77202,18024,25665
202828,80462,15690,28526
202896,90155,35540,32085
202987,78023,39934,22433
203049,73997,13859,33848
203144,79046,19004,24998
203238,15234,27250,20402
203306,73588,20950,40714
203391,85681,15639,31945
203503,89450,29974,38541
203572,75770,15788,25720
203634,5634,41552,31268
203688,72724,18874,20544
203751,91403,28161,30675
203821,90678,33194,31304
203870,77922,49639,31065
203978,76001,19002,22393
204136,90184,27300,32852
204179,67246,42586,31960
204234,78866,36672,22592
204366,46899,43752,110273
204489,72984,17710,37614
204540,53833,15563,37011
204637,65748,42226,34918
204793,78044,43737,23571
204823,7163,22985,35455
204919,6218,25086,33146
204984,56992,62800,117878
205033,88590,31536,38994
205101,78562,39355,22090
205168,77870,41025,23642
205242,79574,13050,32730
205270,73987,29592,20868
205334,19686,38286,22976
205415,75212,23038,22538
205491,52118,62335,118846
205555,75894,25438,22467
205614,87982,21628,31630
205690,77138,34638,20774
205759,75634,23180,21140
205884,39502,14694,13598
205913,78249,36701,22119
205986,80532,42810,26826
206067,80307,31814,22214
206176,54267,64005,85873
206261,89136,35016,38998
206336,76266,33644,20462
206427,80572,29490,18874
206520,84063,40094,27762
206588,72487,29976,21497
206691,5642,41068,33432
206784,83576,15310,34698
206836,73158,17094,36918
206905,73004,26526,19932
207037,77500,44250,25150
207163,75575,17295,26055
207237,87208,18806,35294
207353,61556,9630,32326
207460,78046,14612,27463
207488,76436,46562,27142
207550,74616,14692,28470
207598,20354,31342,21330
207736,70962,8710,29552
207848,85482,40398,29452
207914,89519,35885,38755
208039,76400,35254,21702
208097,78027,19016,39374
208260,78768,17410,38390
208303,91436,33954,34309
208386,70396,42426,26296
208493,72660,31228,21810
208590,70323,41846,26940
208642,75388,21980,23191
208805,80362,48904,35620
208976,59552,19371,11815
209131,75932,43748,24783
209242,75254,16095,25460
209327,34982,18574,13580
209415,74512,14692,27690
209507,75720,12856,30984
209602,77870,38967,21337
209656,54004,18424,11267
209794,28080,35940,43127
209929,47349,12198,12956
209991,78718,40606,22792
210043,69688,32402,43116
210110,37401,18024,38983
210246,54479,17950,38393
210356,73404,31405,22049
210451,74916,48236,28005
210544,75082,13070,32404
210626,88318,36470,31152
210710,76401,21957,21057
210771,79274,32672,22380
210886,71891,43662,38754
211032,75995,41647,40207
211163,77756,19400,23110
211255,76754,36562,21606
211335,81536,48448,33106
211483,38077,7157,29812
211616,18328,15262,34738
211763,70645,40122,25361
211833,77752,19026,38310
211889,87644,19830,32210
212009,65618,38622,38142
212085,43546,10870,15068
212160,43244,10728,15370
212263,73360,45314,38786
212370,43133,8556,29855
212512,45430,6766,23264
212664,39042,6316,23036
212797,74358,27722,21144
212912,68260,35676,41196
213059,75969,20862,22788
213213,90031,24975,35041
213303,77316,13496,30404
213485,84140,15826,34423
213535,74172,15885,26508
213683,72537,36047,22223
213825,75250,21634,21326
213996,35867,13583,37095
214083,74134,23198,41766
214159,28998,44789,38000
214249,72484,35260,22922
214343,77263,49493,30044
214481,72908,18605,38712
214564,88128,18538,33398
214645,80066,15967,36895
214761,74384,20914,25128
214903,78179,46808,25968
215012,87066,22188,38918
215209,57970,48044,128095
215321,76258,38824,22630
215423,79639,34345,22157
215474,75064,15094,25460
215527,78248,40944,23682
215622,44470,63538,85170
215931,38159,12124,15723
216034,54060,17655,37902
216246,82506,34840,25556
216511,76420,13718,29128
216665,19412,28716,23280
216882,75112,25286,20182
217007,42340,10642,15508
217103,16799,46821,28051
217344,73879,32999,22112
217430,50821,46110,34985
217571,75754,26978,21750
217704,84003,18665,38073
217907,92036,27138,31672
218076,71728,36834,23702
218283,24247,43848,25709
218495,76464,18129,25441
218710,70103,42854,27083
218845,51986,46689,34935
218967,87786,35630,39396
219126,74792,38286,22680
219283,46378,6954,24658
219598,78479,17517,25859
219710,22262,25675,23387
219855,68320,43648,30202
220066,64962,38980,37808
220192,41552,7358,20788
220807,75076,36594,21790
221015,55386,63628,83562
221160,92912,33380,34520
221531,77458,27069,22054
221642,72931,41674,23910
221812,66456,42430,30916
222067,5848,30852,33334
222154,48175,64249,79550
222361,70094,41309,26148
222578,77426,14446,34786
222772,69560,40276,26164
222894,76488,38804,21012
223078,73929,17718,38059
223301,78017,28062,21963
223560,74042,46597,26713
223824,71265,37991,25761
223999,69230,38294,25150
224205,38433,10919,17060
224500,39204,13816,14402
224743,21797,15838,29706
225013,77528,18846,24372
225781,43636,47106,32664
226121,74274,34822,22190
226411,75184,17333,25738
226708,37850,12531,15553
227050,26657,13834,23506
227440,11276,46486,32938
227788,57401,46781,110659
228260,72894,43684,24858
228556,41436,7446,27174
229607,74926,30184,21576
229925,32023,38807,38961
230316,67859,41920,27736
230646,74310,22958,21242
231283,76041,21599,23931
231714,70590,43264,26370
232971,74050,15701,21677
233561,68150,37170,26374
234735,57234,17578,36198
235652,71788,8801,28951
236035,59353,16152,35999
236691,62876,36646,36906
237614,47871,10438,13833
238250,52472,63226,85822
239218,30145,18815,18555
240034,50392,47586,34386
241175,45080,11716,30710
241740,73592,19622,27040
242309,89268,31150,39066
243033,92086,28405,30288
244183,58937,32276,12230
244703,82728,15240,27022
245725,73005,17992,38133
247232,33251,24629,14115
248430,72692,18724,38618
249693,52040,17989,35490
250845,6099,38058,38671
252044,45242,10444,30930
253475,90528,40848,29670
254884,48495,58048,65905
256623,53022,19308,36754
258209,67492,11334,32420
259331,39232,7038,28606
260184,45373,33961,13712
261604,36916,40696,29412
262579,74518,19436,21478
263534,55780,45847,107135
265747,59698,11640,36264
267251,28948,26706,16950
268292,37490,13398,36338
270710,76290,25764,21082
272484,77322,27260,20966
273774,50342,11384,33186
275249,62868,33508,33680
278330,73498,25626,21096
280345,51346,9558,31255
282502,47960,62653,71657
284278,82245,44009,27869
286350,61638,35940,16036
288472,78462,14546,28024
289893,79210,34956,21532
293304,49160,60410,112378
294758,37832,16541,38250
297531,77002,43335,39368
300336,46266,11008,28706
302843,53382,19280,36506
305537,32574,39670,26778
309773,87859,27175,39123
312712,63886,31080,15996
315872,20739,51885,30636
321015,47746,40729,123035
327390,70036,32396,43119
332251,14155,34871,43021
338369,74732,22992,23338
341512,59608,16559,13913
346871,38506,18454,39112
355864,41858,14940,31798
361803,39348,37568,18434
370411,16484,51748,30692
378336,88864,28774,39200
383627,60600,38112,19198
397337,58519,17812,38247
406046,14082,16362,29062
414262,45014,64700,72060
422508,25616,19982,21591
433049,65444,27277,16072
437575,44212,63472,86016
451297,44698,7684,18434
459330,75436,23132,21478
479566,71886,44338,37320
495287,32740,23588,15274
500161,39032,11192,32342
506608,41444,12441,32257
511756,54906,31830,13805
511769,61084,23608,17474
511779,50662,27757,37201
511799,35910,31934,16433
511810,49129,62112,83750
511821,56328,18542,36676
511839,39416,23384,39184
511855,45376,7109,22263
511869,37404,24404,36744
511890,63447,33494,34077
511899,38436,22176,15815
511912,68417,39896,25261
511923,63498,31528,34784
511947,78009,17039,24708
511960,30164,36398,24167
511971,91118,29076,36240
511985,49658,7921,16705
511996,69782,33045,20786
512006,45375,47985,28704
512031,67912,35743,23196
512042,39468,34942,16732
512059,55747,51722,127839
512072,38794,23350,37544
512092,92107,34988,35085
512114,77712,21010,23838
512131,76294,14962,23290
512142,81906,22462,39706
512155,72952,16766,32796
512168,88990,36976,28712
512185,56443,32135,13548
512195,76198,39297,41825
512216,70768,29138,22320
512232,69812,7963,29903
512248,47357,7247,17525
512263,49394,13130,12920
512277,64558,36306,21278
512284,81246,43594,27342
512297,73158,12356,31474
512315,56748,10630,16400
512329,72898,17254,31704
512340,76769,27915,20323
512351,53470,43285,20228
512364,90515,26122,33175
512372,76976,20662,22336
512387,90348,37350,32986
512398,69191,39109,25900
512412,62970,22374,16786
512434,48248,12848,15195
512451,36168,17554,15308
512461,44355,45897,21593
512480,88446,41222,35098
512488,70016,15750,20848
512497,53700,22326,37466
512513,49026,9358,26858
512521,53748,11431,31556
512529,80189,32478,21155
512541,66642,39928,25906
512550,38628,43475,31793
512580,42234,14292,32355
512596,90447,35671,38109
512606,60344,22192,15653
512617,63685,27809,15056
512639,70710,24719,40807
512651,71720,42358,24364
512665,37777,37759,16554
512679,74376,47071,26032
512690,37364,42398,27326
512706,79140,32860,20672
512722,45644,15568,33564
512736,50098,6422,20832
512783,52004,11037,31818
512792,43714,26952,38864
512805,92510,29698,29919
512821,61235,24991,18079
512845,69037,15560,18139
512862,70934,12584,24324
512874,79732,26728,22278
512882,63858,39718,27790
512904,49370,6626,24634
512916,46753,48343,131494
512927,47486,9533,27939
512938,46039,21881,14681
512947,58622,60060,104739
512959,75926,24611,22635
512971,78826,29853,42103
512988,78029,15543,25919
513034,55236,12962,36772
513057,49844,46026,32874
513064,76101,24580,21890
513073,74707,34973,22035
513084,39297,23004,37839
513100,56367,16804,37825
513120,38502,26772,38446
513132,66097,22145,16083
513142,93181,31991,35542
513153,47658,14496,12508
513169,51942,41693,122323
513177,67870,17118,17568
513205,86756,43026,29176
513217,65133,24168,13957
513231,70766,9780,24244
513245,91680,31414,35062
513253,86591,46032,35359
513265,84374,14380,31762
513274,64642,25860,37440
513284,45844,10470,30270
513299,70813,34105,21614
513311,90952,25500,31238
513324,71780,33681,20325
513336,60950,19546,36864
513345,72106,21408,19400
513354,52087,13436,32109
513366,89554,36562,38944
513378,44526,34340,12892
513395,43062,6708,25408
513411,33597,39976,25237
513420,58652,7212,21779
513433,71566,18520,18948
513464,43033,20218,37953
513483,50716,48644,27054
513495,69069,42156,27859
513506,72396,20028,18998
513520,43765,8564,29226
513528,92550,29218,33998
513542,52181,10143,28762
513559,71887,18709,30786
513571,83713,47967,30232
513587,65379,11898,19459
513598,86694,33438,40862
513613,70984,33784,21366
513636,47879,47369,30099
513654,54871,15182,36049
513671,90237,36164,35020
513683,57513,8281,29747
513698,48754,59170,68396
513710,59768,40953,23710
513719,87024,36360,40564
513730,82622,33352,41256
513754,77210,40684,21310
513769,56712,34384,15536
513779,73472,29234,21516
513803,75035,12300,24197
513816,66733,23835,15106
513824,72514,16354,22195
513832,53933,26661,38504
513843,62232,31115,19995
513859,91228,25516,36804
513872,74032,29849,22281
513886,71804,24248,17700
513893,77224,23388,21390
513900,72071,17139,36358
513931,84017,30236,26449
513947,77376,22214,22300
513958,88848,37672,39268
513970,35228,38257,33280
513991,74638,26450,22432
514018,22076,26500,21139
514030,62373,37444,34055
514039,78158,40864,21568
514049,89228,34692,39484
514066,41058,7948,30796
514092,77079,36599,21885
514103,90482,36528,37204
514111,74680,24464,19580
514122,63606,32352,36676
514132,75344,21686,23624
514145,74832,21602,21240
514157,50469,6789,22247
514168,75239,19945,20126
514175,73982,22845,19937
514190,74590,26782,21830
514201,78722,19878,24550
514209,76810,16376,23522
514222,68109,34598,27573
514237,87586,45566,29480
514255,60161,36889,17835
514272,71692,36340,21714
514284,71520,31340,20698
514297,38082,39119,17416
514310,61562,38874,29540
514345,58616,42710,24740
514354,92563,32047,36264
514372,67088,21286,36722
514382,78298,25452,21722
514390,76792,24192,21510
514403,71222,34632,20724
514416,40882,20594,14178
514435,70587,12136,21012
514449,77933,24938,22245
514463,42013,6798,26865
514481,57685,23418,38186
514490,60466,17384,35486
514508,65425,31400,29989
514520,50238,25185,37823
514540,48300,27182,36394
514569,61706,30257,13296
514585,76476,26873,21983
514596,45317,14143,30150
514605,38929,21919,15059
514614,91024,29392,34858
514622,67201,38743,24066
514630,75364,23752,22986
514640,90440,37054,35770
514650,88370,36650,28286
514661,44668,6755,23799
514673,77222,43844,40601
514696,70110,16627,32045
514711,72332,23340,17925
514719,82668,27900,41040
514734,83135,29810,41798
514744,71348,16932,34642
514753,64077,38881,24434
514764,42126,21060,35425
514793,71943,21710,39948
514817,77742,31434,20284
514826,85100,30280,27074
514838,89214,28236,39618
514848,87166,42548,29038
514857,33614,38562,27764
514868,73340,36432,42168
514888,76177,30786,42728
514899,84950,46202,36810
514910,65888,37928,25989
514922,26622,31616,21758
514934,75854,23118,21710
514952,46980,58366,67242
514959,78832,34726,21782
514974,84213,37950,27267
514988,61634,28494,18714
515004,77990,28348,21569
515026,38050,41734,20258
515043,71712,17598,20914
515053,73484,37648,21468
515065,70748,44702,26718
515074,68814,38570,27194
515085,70834,19958,28659
515114,84370,38984,27668
515127,73037,32350,20077
515140,37261,38211,35626
515155,36598,37476,16676
515174,78668,42882,23272
515187,77684,32998,21264
515203,80085,25443,23302
515219,40596,19202,35090
515237,87144,46926,34820
515245,70354,45997,35438
515265,81756,28238,24150
515275,48581,12646,14319
515286,72705,30059,20018
515298,45074,10568,29664
515307,49034,60362,113654
515314,85468,31258,27672
515323,69258,13062,20546
515347,73232,15004,25410
515357,50643,17622,35868
515385,73813,26712,19911
515403,67021,36017,26992
515420,67776,15267,33885
515430,72362,28662,20368
515447,49811,41961,133219
515458,49499,13923,29500
515472,90542,22542,32838
515480,71384,11230,22994
515502,76190,12980,26632
515520,56858,16866,38462
515528,32127,10862,33076
515559,51915,47072,22721
515571,67492,38386,24540
515580,48689,6698,24082
515605,67144,36324,25150
515614,68912,32262,42544
515622,87136,37458,39889
515633,92398,34554,33376
515652,34266,21554,37804
515662,87823,28977,39954
515677,32758,33084,16175
515686,76222,30786,41064
515702,50274,14972,32834
515727,75799,21525,23087
515737,48058,15236,13793
515750,73682,13520,22484
515761,35308,22900,15030
515773,43590,11374,33254
515787,46785,47197,35844
515795,77028,29634,21656
515804,35358,57440,83020
515817,75645,23089,21985
515824,78288,20928,23372
515831,69377,23905,40243
515848,74630,23548,20572
515859,52260,13714,32664
515872,91346,28852,35957
515882,78664,24117,22404
515891,79778,25358,23065
515910,72828,15682,33328
515921,91111,31817,31227
515933,42165,22536,37392
515955,40333,21810,14183
515963,47282,13687,29806
515978,41168,45897,20380
515987,82021,29016,40558
515996,73695,12315,24076
516005,91745,27184,35324
516012,69889,30900,24165
516024,93128,30810,33752
516033,73972,44708,24000
516044,42260,11020,15202
516063,77162,13640,27746
516074,75546,16498,36302
516095,72151,12834,22332
516105,90504,24960,33130
516125,51194,47210,35520
516133,62614,29916,18360
516149,74708,45108,25538
516159,82600,37144,40392
516196,71342,28332,21128
516205,66671,20088,15922
516228,56754,41198,19190
516254,72892,25462,18482
516274,29937,7372,29629
516283,74870,28280,42246
516295,73212,22710,20994
516312,90218,29032,32042
516322,57768,33446,12479
516331,64123,6158,29661
516359,70033,16688,33723
516369,56370,18277,38125
516384,78722,21284,23260
516391,74674,24866,21106
516405,93300,32370,32566
516414,88542,38492,29434
516424,60824,17957,14427
516432,70568,30958,18880
516453,77036,25666,21586
516461,55378,44728,22802
516473,73584,40276,22404
516484,70671,18195,29157
516493,35684,39196,18237
516502,58292,17141,38056
516513,74642,16430,20842
516522,43787,18835,33981
516530,88053,39827,39118
516542,79314,31687,22150
516553,70555,14465,33852
516565,41834,21291,37698
516580,74893,21820,22838
516596,66165,34007,27333
516615,43917,53216,67871
516624,72380,18572,21720
516632,90089,39124,32099
516647,74194,24951,19991
516658,75856,17047,22167
516668,60980,19262,35672
516678,79272,41156,40184
516688,72714,18896,30776
516708,78497,33888,19931
516719,73026,38678,22246
516730,77734,16932,23436
516751,92572,31799,29344
516761,78449,30912,19904
516780,76836,17584,23400
516790,74841,25688,42100
516802,85560,46141,29462
516817,81884,44764,28774
516828,72036,19753,38929
516837,87223,39435,39813
516848,54019,58274,66350
516875,92056,32495,34494
516886,69308,17887,34519
516897,90342,26960,37464
516906,34159,22785,37581
516916,74074,36378,21603
516926,73645,22933,25967
516934,72162,32736,22456
516953,73279,21216,20150
516963,73638,43396,23540
516974,55501,17870,34612
516982,92216,33226,35260
517004,71680,31266,19314
517019,89392,42308,30210
517037,78624,23634,22472
517047,62501,36094,33467
517057,89138,38942,31312
517073,82836,41996,28189
517084,91976,36401,35865
517095,68223,23039,15832
517106,77656,45052,24924
517118,75951,32962,20748
517129,76674,42430,22348
517138,77456,34171,21287
517155,77799,37326,21678
517165,61561,21954,17150
517183,60030,19508,12033
517201,56894,24660,37930
517211,79756,47248,29754
517223,86134,39124,40282
517241,70354,33334,25200
517253,84858,20572,38512
517275,89420,23226,32340
517285,87869,36514,39883
517294,72438,42426,24206
517307,90228,38886,37044
517321,62952,35320,29582
517330,63176,30067,14058
517339,74706,18306,19889
517354,66570,23312,14774
517372,70458,20427,30021
517380,80029,41896,24547
517418,40981,11772,34828
517433,90624,37118,29762
517444,74194,30578,20261
517462,68388,17902,16866
517476,84216,30420,26892
517491,88868,31458,38824
517503,64149,18264,35349
517525,74276,23766,19226
517545,78100,26744,21225
517555,74997,35527,21894
517567,89380,36208,39040
517576,69618,44994,35790
517589,35624,8852,31632
517601,45834,45537,118646
517630,25450,31750,20601
517643,61498,27196,37736
517651,88828,39456,38514
517669,41944,9877,16888
517683,28736,37330,23630
517692,63622,39384,34938
517700,73813,46645,37743
517712,92124,30678,31408
517724,55210,13212,13326
517735,55110,16284,35210
517747,38722,38306,17690
517755,56174,55569,64517
517783,73810,12588,30976
517804,70422,9442,24360
517813,91621,33825,34024
517823,90920,37309,32128
517833,57267,43662,21908
517849,71960,34945,23027
517866,29352,8400,31386
517881,38287,41225,24025
517888,89944,37931,30756
517902,88838,44580,30886
517910,77196,19414,23602
517923,90448,35424,37658
517933,74167,28508,19651
517947,77044,21486,21828
517957,76600,41492,21878
517970,75957,39237,22695
517983,93060,32384,31194
517996,64150,36132,27330
518004,79986,45505,26567
518015,79732,33002,20576
518033,83184,48492,29062
518041,73226,17470,26822
518051,69238,22452,16348
518069,74488,45288,38528
518080,70446,23560,40798
518103,76880,42748,24177
518118,63634,34483,31435
518129,89450,43170,30496
518142,70714,36386,25210
518160,47628,15158,34384
518169,74816,21342,24216
518178,58627,6653,30177
518204,80212,37162,22776
518216,77951,33244,19525
518240,72674,20243,39359
518251,54810,17213,37840
518260,91378,23590,32482
518268,91337,33563,33892
518281,70646,37580,23832
518309,38402,21586,36165
518320,36192,17308,14540
518330,47476,43150,110646
518348,85216,33322,41446
518366,80240,43284,24322
518373,84774,40640,29102
518389,75096,44007,24159
518404,69250,36854,41628
518420,81941,15937,28602
518433,65760,26886,38337
518442,79690,20356,38460
518450,55776,17717,11356
518470,76478,41646,23676
518481,74764,19526,21865
518493,28398,35334,21474
518505,47859,8846,16192
518515,62314,36744,34398
518530,64882,26008,15193
518541,55868,45308,30555
518555,37797,17481,38786
518569,72339,15882,31847
518576,84724,40476,27546
518584,92802,34780,31800
518595,91216,40586,33306
518608,44502,9512,29344
518622,76494,47254,25206
518639,90840,31958,35953
518648,56780,17406,38652
518657,62968,18460,14352
518671,92906,32680,33180
518682,72400,17246,28922
518692,90384,34546,37388
518704,47804,10873,28913
518719,70593,16163,21857
518733,44804,45581,108790
518741,80396,29188,23052
518763,90388,24718,32140
518772,65586,20736,15712
518786,68454,8924,31550
518798,83252,36578,41426
518809,75285,36826,22002
518820,82662,36678,23700
518831,45100,12722,30694
518842,71014,43983,38686
518850,40626,18298,35332
518869,50608,15092,35280
518884,90169,38080,31423
518895,82750,30162,40482
518904,68250,20466,17058
518919,64007,10228,31865
518932,93164,32598,33012
518946,70047,36135,22796
518977,65500,41866,32022
518988,90258,36160,34596
519000,37608,18674,13628
519012,71520,24732,17532
519024,80063,36711,21609
519043,60346,38881,18075
519066,83594,47398,29702
519077,69941,34308,42342
519084,77272,18198,24264
519095,73092,33676,42636
519108,79484,38428,21466
519122,72050,9636,26627
519141,59816,10865,18342
519152,82079,29404,39884
519166,70003,39820,26085
519180,91874,32250,35359
519191,85991,30572,28235
519206,48145,22906,36534
519220,89022,33778,39586
519228,60114,18894,13996
519238,31812,32516,17169
519266,41081,21830,35985
519273,78584,15665,25909
519281,32363,31874,16588
519296,46057,11804,28167
519313,74076,44554,38717
519323,70878,32706,23720
519340,55328,35136,16410
519350,50002,7771,27220
519367,39970,11901,30946
519392,69090,34088,20715
519406,71862,18803,21329
519414,56262,17542,38470
519427,91241,34963,34044
519442,33348,24272,16562
519457,34903,39442,27840
519474,78504,33690,34322
519487,76846,44690,25410
519496,65928,8512,30856
519514,41673,44476,19576
519522,91613,34463,30111
519538,38554,40336,18472
519579,78560,48004,26437
519603,87354,19578,32201
519633,66666,20903,36214
519643,86934,46498,32756
519654,51486,61521,116608
519664,61180,40168,25888
519695,72256,14197,21530
519716,39974,23986,37035
519739,75821,42676,22093
519746,78638,21979,23810
519766,46492,8428,24600
519787,58500,17716,37071
519802,77926,33083,42124
519809,91306,39366,34830
519819,41278,14984,35622
519832,83830,48777,34262
519850,44984,32914,13334
519865,65748,24222,15752
519881,61667,21889,37010
519897,73422,38581,22166
519905,57917,20769,14852
519917,58438,19140,34962
519927,67387,16177,16679
519936,68731,19248,33916
519946,54550,27158,38482
519960,72496,39198,22848
519975,73068,16406,27472
519983,47140,64134,73422
519994,91284,33464,32406
520008,41843,34819,12703
520020,60520,19677,35794
520028,67212,22386,15366
520035,71159,30085,19057
520058,45216,9290,27046
520075,88558,43104,35288
520082,52472,11592,33370
520089,53622,20146,12512
520111,78069,24226,21947
520119,40842,21370,14358
520152,54962,7256,28554
520168,58720,10131,18647
520180,90544,38690,30364
520192,38730,36954,15762
520205,49839,8535,17856
520223,87909,41178,29002
520288,74500,30241,21645
520296,78125,50490,29821
520308,74450,41514,23556
520317,75911,49318,29323
520331,58454,24388,36974
520343,78756,35602,41026
520350,86331,31866,40994
520360,89550,34040,39205
520374,83260,34370,41927
520389,69534,19769,18323
520399,78614,44834,25718
520414,77867,23540,22102
520421,77171,23922,21293
520428,89108,29516,39180
520442,49930,7671,17238
520453,75752,17462,25844
520466,34363,28860,14617
520482,42506,14636,30486
520497,76439,28176,20201
520519,76692,42958,23877
520527,76335,40161,23145
520539,76430,19528,21196
520555,82900,48778,33204
520569,78858,48136,27762
520576,70956,19588,21600
520590,72600,16727,20088
520605,85078,32836,27506
520618,48964,14886,12814
520642,55070,20672,36716
520656,57522,40752,20204
520670,56522,45044,24914
520679,86248,27434,40568
520690,81624,33092,23204
520707,89653,28063,31813
520748,86177,47338,30057
520770,45244,36298,15428
520791,24012,24369,21706
520801,79482,35280,42478
520815,53421,46246,31545
520823,39724,11222,32684
520868,77350,24712,22372
520879,76168,26284,20542
520888,60010,37274,17635
520900,61404,38832,34358
520931,74020,12605,32841
520939,74124,12941,33401
521014,73052,22596,18374
521023,59132,28027,38009
521050,82464,26852,24856
521063,58161,5789,29372
521086,46214,35572,15899
521102,55987,44963,23186
521113,50548,20372,13618
521122,65662,18478,17732
521138,75941,23565,20688
521146,34206,38806,29913
521158,35331,23084,13760
521171,34774,38616,20810
521184,76916,20438,21672
521196,24620,13738,27111
521213,65188,12944,20149
521225,57548,6564,29506
521236,38600,41418,19624
521261,63082,20130,13682
521271,77242,21340,22290
521284,90538,38167,32591
521303,42864,11582,30053
521316,36504,39558,29448
521333,59827,32908,37384
521343,73548,28914,21224
521365,74554,17544,25558
521375,24553,21779,21219
521408,87871,30452,39787
521445,47895,47573,34372
521455,72686,12930,21408
521467,61162,36063,16648
521504,82528,33796,39634
521512,73110,26250,18954
521525,36087,25047,16860
521536,53228,32434,16710
521547,71972,16821,18768
521559,74236,33288,20402
521567,77296,27636,21136
521578,70475,17876,32559
521594,34732,18880,37034
521610,63336,33214,34512
521626,47075,13871,28941
521637,49664,8818,26256
521657,60638,36656,15698
521668,61170,31568,37336
521682,73711,20412,19213
521694,70704,32524,21408
521713,74265,21242,19586
521729,57659,28132,37887
521748,55672,29825,10806
521766,71648,10954,23420
521776,53564,10596,30580
521787,75933,43407,22552
521797,73791,26941,21342
521807,92560,30336,29066
521930,69506,14368,33608
521940,57893,10730,17168
521978,40348,15342,35360
522301,63278,23767,16341
522320,88194,42244,31332
522331,83370,25374,41324
522344,63891,21968,35530
522353,64282,36262,21969
522365,78036,37508,40838
522376,89166,42864,30558
522397,66692,24000,35686
522405,40714,8560,28654
522419,54120,18165,34941
522433,62518,18962,16802
522444,47134,7213,18319
522466,48524,15294,12510
522704,38756,44741,25766
522729,67683,34169,20367
522743,72844,14688,31296
522763,72158,13749,24541
522783,76322,20714,22802
522794,41884,14217,30712
522811,66858,7055,27825
522827,34320,39182,27256
522853,47786,7034,23708
522877,76804,20364,22474
522885,75684,27496,20748
522892,69816,34971,26404
522908,75634,27388,21572
522924,73057,29780,41969
522932,75436,25204,20496
522945,83849,49248,32647
522956,77094,22520,22704
522971,60483,37749,34431
522983,42718,9116,28584
522994,56926,19286,37480
523017,61454,37360,34960
523027,73853,12813,24094
523036,48900,6988,24576
523047,72678,15466,31702
523317,33376,23033,15716
523358,40145,16646,37769
523379,61214,36596,18872
523400,3697,32979,37838
523428,68782,13790,18640
523438,31478,38848,24578
523467,67136,21638,37362
523482,40235,43820,20052
523511,65213,35821,27354
523530,29038,35414,22124
523541,36011,38953,19079
523556,72072,29512,25575
523578,62086,10533,32824
523600,31761,31992,16961
523617,74492,25098,42338
523628,33944,21809,35257
523641,65657,38523,23847
523653,74010,38984,21490
523661,65909,40381,38036
523675,52266,65012,91084
523705,75292,19344,21214
523724,39978,40566,15608
523744,81118,43953,25619
523757,92764,33986,32998
523768,84554,32896,41594
523777,63591,34953,37967
523806,45189,8693,28085
523818,66911,34013,27772
523830,69803,23044,39781
523839,54758,55581,64619
523851,75722,23768,20313
523861,72092,29391,18781
523869,77331,30001,41424
523882,71705,33031,24025
523897,62550,31270,18636
523905,90029,22908,31701
523939,54993,27091,38026
523958,86422,43980,30055
523970,75781,34545,21038
523984,72280,17378,32522
524001,55831,21095,37153
524038,83154,19350,38714
524054,70570,22926,17168
524065,64626,10872,20666
524078,38091,40414,20174
524091,68604,17866,34292
524104,75138,27782,21264
524112,74980,21082,21230
524137,50562,13336,28602
524146,41890,22024,38630
524162,65494,39408,25266
524173,74590,26898,19610
524193,91236,35292,33434
524207,32611,26143,15328
524226,40677,20134,13920
524233,72792,16217,27018
524246,67901,21192,15885
524264,88542,28692,39410
524286,71520,21033,17978
524304,72576,10412,23770
524314,90262,30054,31667
524328,82428,29208,40408
524337,61063,27538,38007
524346,86402,30224,28738
524357,76080,13756,24572
524367,75642,19076,21368
524376,72820,34450,20668
524394,45346,17182,32041
524412,33883,18694,16717
524427,61212,36636,16280
524456,61708,25640,17708
524494,78287,29809,21837
524502,62795,23877,16673
524512,73871,15189,24077
524524,66940,36698,22960
524532,78764,25508,22772
524552,89301,33809,39288
524562,81868,49008,31632
524573,80934,30173,22945
524584,71134,32660,21668
524596,44552,11819,30482
524612,38294,36702,18053
524623,91416,34248,36758
524630,86238,45756,35292
524644,50164,17016,35462
524668,70727,28908,27911
524681,91114,29192,31498
524695,68506,32336,41476
524724,77897,46593,26560
524734,66756,41674,31262
524753,58026,23872,38050
524773,87458,30466,40602
524784,90738,35696,32822
524800,37913,40113,18835
524812,89017,21426,34068
524823,72188,31452,20354
524833,47371,22112,37161
524851,40036,7789,30565
524870,90677,33930,32122
524884,63440,40271,32380
524899,70334,27454,28374
524912,89058,39630,36636
524927,92329,24114,33814
524939,67358,42894,32540
524949,44976,7632,17126
524965,89824,30170,38213
524980,90912,26926,37090
524989,61964,26858,37103
525013,42592,6800,26450
525040,76734,39718,21018
525048,85706,31855,40975
525062,46646,8184,26457
525082,69526,39851,27576
525093,91396,41374,31118
525127,39550,17801,37745
525152,57278,35126,15110
525179,92410,27442,29330
525190,67872,28879,40776
525200,85256,48086,29695
525221,75114,35190,21478
525245,74135,28119,22472
525257,75899,31299,20328
525286,77192,23198,23018
525305,40765,9965,32681
525312,86047,42655,38976
525334,78906,28464,22354
525346,79610,28077,41334
525354,64768,27422,14934
525380,86304,38404,40258
525400,35358,24316,16467
525420,66532,34366,26380
525452,65634,20290,35415
525464,76568,33034,19740
525485,64427,11388,19874
525510,65882,12705,19026
525524,27356,20021,20125
525537,38462,19418,37406
525547,78904,44836,25014
525560,82682,29892,41434
525575,78915,49706,33895
525595,38380,41654,18964
525628,82862,25608,40724
525642,85372,46282,34076
525661,20868,23226,22518
525677,66868,19230,16930
525696,61906,31688,36175
525712,69802,33009,42620
525733,92060,35700,36016
525789,18295,30086,22034
525804,70174,14483,19007
525842,76099,21418,23604
525873,66434,34824,25580
525904,88244,31675,39881
525913,92914,35146,34508
525934,76910,20052,22189
525960,60848,18468,15374
525981,68359,43802,32948
525993,71141,34178,21898
526006,83566,46706,30094
526030,58914,35622,15398
526038,75546,19782,22212
526047,83610,27726,41508
526072,91320,36552,34610
526086,47848,12961,15385
526109,84121,47631,32843
526127,89776,39185,29925
526148,84906,41098,40184
526162,75990,41453,22204
526185,85220,46624,35692
526192,89038,26898,39072
526201,79767,40409,22358
526223,75782,14845,34779
526245,30069,35849,21777
526272,73977,37090,21477
526288,54201,63176,80670
526297,59139,14270,36134
526317,92686,26468,32272
526339,90302,41666,32948
526360,90778,39058,33392
526387,62780,20596,12900
526417,20594,16730,33883
526452,90867,30891,34052
526515,77788,44311,25374
526537,76382,18282,22842
526552,34604,22216,17689
526564,90431,36039,31237
526579,67658,39688,28598
526596,77584,43632,40676
526605,75886,47017,25096
526623,63128,31869,38028
526637,65935,14997,34141
526663,46827,17018,35898
526706,88762,24700,39260
526742,92560,28706,31772
526757,78758,49632,28246
526794,72462,37638,41126
526821,75074,15018,22266
526829,83704,42256,27384
526852,71640,32754,20736
526860,80702,14910,27262
526881,72198,36199,22181
526900,36444,17408,36520
526914,61242,40436,31276
526931,80156,49184,32364
526944,86084,43797,28605
526973,36712,19995,14597
526994,83931,29946,41840
527001,89250,41220,29654
527030,86802,41919,28067
527048,55214,16394,37262
527072,90076,29674,31758
527089,91274,29406,37080
527119,79214,45468,26474
527132,78524,31386,21596
527156,83338,38434,40826
527172,77701,15894,24363
527197,83740,47523,30111
527209,38464,8924,32656
527231,80313,29246,21915
527260,70023,40571,27421
527271,77508,16354,23312
527298,76488,37104,20232
527316,78129,39263,20816
527331,44415,7941,17132
527343,92697,33862,32370
527367,56675,32957,12008
527408,31010,33294,28578
527427,62029,20301,15292
527450,77954,21435,40468
527473,68082,32128,41488
527509,30892,21154,18354
527522,90466,38260,31164
527530,77865,48302,29808
527566,38428,35892,13911
527587,50247,12397,32906
527599,71952,17410,22779
527629,73666,34652,42884
527649,78839,42053,24456
527666,75445,42582,23997
527684,72725,18724,27782
527704,45780,9546,15537
528100,55638,14390,12844
528952,68203,40339,25898
528974,78969,19929,40174
528984,51370,59812,102652
528998,68440,20690,33240
529012,78422,39232,40532
529020,51914,10322,14629
529036,79274,24766,23398
529064,91626,25210,31398
529078,33956,17739,15177
529096,79172,28992,20982
529113,83156,37602,40830
529127,63496,13272,34014
529142,50841,10523,30045
529175,45010,8766,28592
529195,78346,47449,29942
529218,87862,32599,40138
529244,78190,26422,33450
529262,50884,17302,35586
529276,82748,41322,27402
529287,81326,40502,24652
529301,29086,35598,23294
529323,92688,31296,33080
529337,61283,19836,34769
529349,46430,14286,33768
529359,86878,44642,31334
529368,73180,27358,42324
529386,91830,36840,35717
529396,75126,27582,21586
529411,59706,34205,37399
529422,47726,46331,29260
529439,77704,12796,28904
529450,79695,37082,22175
529458,70059,33684,20876
529473,81872,48324,29671
529489,36029,22558,13814
529497,79382,25334,22584
529509,65000,37320,28652
529519,44173,13378,31643
529545,85326,42512,29226
529555,77820,38872,21672
529565,76308,28518,42026
529573,52856,13196,32039
529584,91794,25390,28166
529595,90062,36413,37146
529617,41413,12316,30318
529633,68176,21884,16240
529662,89202,25796,38217
529677,90209,23727,34052
529697,73352,32374,21288
529713,67231,35941,21364
529723,63454,36828,29150
529744,92121,32428,30552
529756,92898,32460,32772
529783,88408,42072,35566
529795,75216,22222,19913
529803,48482,11847,27477
529817,82818,34930,41290
529828,74987,22761,22028
529842,73274,32408,42710
529849,82872,48021,30353
529860,90308,32664,38488
529868,73750,36406,42217
529883,67557,40090,27156
529909,69032,36822,23366
529923,6126,32654,32566
529951,78250,34193,19887
529966,70137,26731,42066
529987,79969,45413,28302
530002,83135,48318,34075
530012,28564,35096,22890
530024,91084,33158,35244
530048,72394,42868,24510
530059,93444,32832,33470
530071,49294,8536,27534
530093,88754,27078,39380
530100,77470,44646,22722
530107,73528,27612,20820
530120,59272,17450,35326
530136,73183,21971,26630
530152,71650,28530,18888
530174,74315,38036,21541
530200,76861,20449,22040
530216,78832,28854,21096
530262,91088,38508,35668
530273,67648,36250,23042
530288,78970,25148,23144
530299,73563,39000,21840
530315,89586,39428,36426
530327,77150,43668,22634
530342,88135,26057,39096
530358,66692,35534,40404
530367,69045,31165,41919
530378,88976,41391,32154
530395,80835,16172,28208
530410,89662,31554,38174
530421,91992,38196,34598
530430,90832,24540,32978
530445,52704,9614,31610
530465,80153,34918,41234
530481,91536,40758,30930
530497,77818,49918,30674
530511,79212,43266,24664
530536,73348,32852,42700
530545,37596,8355,29903
530560,38626,44380,27262
530579,73566,31768,21520
530588,77992,12539,29206
530605,78614,50170,29188
530623,81734,32530,23310
530637,90217,39249,36154
530664,89590,28660,30428
530681,70614,38342,23414
530700,75250,21024,21778
530710,74049,13973,31921
530729,90838,38676,33588
530751,70342,44738,36876
530764,77468,18878,22448
530775,90510,24536,31296
530789,44866,13937,33977
530799,43880,17816,12304
530818,74636,35945,21875
530827,85042,45254,28740
530852,67438,32604,25684
530869,90922,38728,30884
530880,48668,15184,31106
530895,89838,32040,30074
530908,90192,38408,34968
530939,60848,26140,37577
530957,73778,13209,23324
530969,89713,28992,38091
530978,81738,26741,40134
530989,78890,36312,20782
531002,74204,17446,27240
531009,49407,11289,31796
531018,83482,41993,28150
531074,88366,41661,38002
531093,63484,16324,35670
531107,74614,15198,32162
531126,78894,46354,26590
531137,55599,15702,37794
531154,90687,22873,27937
531168,86470,33280,40512
531184,41142,27046,38732
531204,76062,26343,21622
531216,80189,43913,25520
531233,76943,45104,25798
531245,73370,15030,23332
531252,92050,35039,36337
531268,64647,41034,34034
531282,73011,36112,21710
531301,89744,28427,38141
531315,73658,34490,21638
531335,79250,28612,22410
531348,90750,38207,30869
531355,80377,49874,28187
531371,83836,48668,33109
531388,8845,45251,31937
531397,86602,18664,32260
531409,80900,50416,31260
531427,51913,45471,37604
531444,65740,42216,32849
531479,51838,7234,26577
531494,76424,46766,25502
531519,80382,41446,24484
531536,68686,38514,25674
531553,86254,17482,35480
531569,91148,23698,33142
531602,80938,26580,40590
531619,78045,33446,42338
531637,66560,34528,25150
531657,89610,28926,39328
531679,43274,23604,37546
531689,91206,34620,30906
531702,75962,20133,22710
531715,92641,28244,31918
531729,89282,30870,38830
531755,49496,9284,26430
531790,72468,33414,42924
531798,78447,25971,41396
531832,84232,48282,32978
531842,90558,34674,31510
531849,66766,35470,25913
531861,58672,18410,36268
531880,18403,27267,21979
531897,70368,43684,26380
531905,76984,43338,22928
531917,75350,31124,20538
531947,77496,48252,27098
531956,76104,35218,19965
531973,91622,30124,35286
531984,42413,12389,30194
532000,49642,13541,12622
532023,33494,13084,33592
532031,75820,37109,41441
532051,45225,11799,28692
532073,87507,45404,36000
532101,79008,41306,23170
532117,41704,13908,31144
532134,91372,26522,36664
532149,79006,30258,21062
532162,8580,35342,31006
532185,78632,23476,23590
532199,35516,24930,36820
532223,92085,26547,31286
532242,87446,35556,39636
532255,72420,29026,25526
532266,82024,45575,38758
532290,39762,10684,31244
532299,85124,43642,38910
532313,73078,26630,18540
532328,74207,14583,22466
532341,92232,25520,32700
532354,75131,18092,25481
532365,77550,13146,27648
532385,91284,39406,31218
532402,61796,32253,36104
532418,57028,35108,15968
532436,84298,28946,26806
532447,78542,36516,22530
532456,72794,35760,41566
532474,91324,28623,34055
532497,41116,13624,34530
532519,70750,38726,24386
532553,84666,26926,27490
532569,48656,8810,18868
532586,78234,29050,20796
532602,82002,35236,40338
532619,55088,26548,38414
532637,34003,21799,13835
532646,72710,40242,23018
532666,88836,24402,31102
532693,78822,17066,24680
532706,77203,32118,42421
532714,91413,26902,33840
532729,77276,24644,21692
532747,37681,38195,20573
532764,84854,32410,40884
532773,77504,17960,23299
532782,82720,27714,40392
532796,77098,24994,21138
532817,62872,24636,37390
532834,53783,6559,27630
532842,75881,44323,24136
532850,16319,35905,23415
532859,78372,19478,23706
532875,90606,35248,35869
532896,73502,28461,20065
532909,62590,21654,12972
532941,78222,34558,21901
532963,88995,41664,31792
532975,47817,16762,34612
533025,73218,34730,22043
533049,87961,44264,30231
533062,61233,21442,14213
533088,67540,34024,25623
533103,43052,8495,17717
533137,85562,46236,28350
533145,77931,49294,31159
533156,85773,36323,40603
533165,92984,29332,36187
533176,72291,43882,24880
533194,82474,49092,28400
533211,41525,10228,31636
533225,78840,18476,39294
533238,88012,42076,33070
533252,75722,14678,25338
533261,73584,10818,23162
533274,34488,21318,37328
533304,89282,25664,31418
533312,89000,39570,37344
533329,74644,44468,39060
533347,89025,39778,30849
533381,79392,49748,28796
533410,87714,40225,28307
533427,76280,26264,20890
533436,55078,14119,36572
533449,64771,18537,17998
533462,89648,38504,35008
533470,62380,35356,34446
533488,90826,37016,35430
533513,92136,27897,34158
533531,61310,17903,16180
533555,70020,36878,41744
533565,89544,38990,32318
533590,58544,12186,16373
533609,75957,38543,22061
533621,78316,43096,22830
533644,37356,38368,19144
533659,81454,49622,31194
533689,25618,39069,24134
533704,32628,28506,16396
533717,75163,34128,21473
533735,24559,11838,25199
533749,59448,31610,37546
533761,24757,14753,26197
533778,80832,35684,40920
533792,88574,44688,34956
533808,80025,38861,22867
533822,82960,48664,32628
533835,54434,13584,33258
533851,87704,40956,28810
533863,77323,25841,21506
533871,75262,30377,20167
533880,65446,16334,34908
533890,75034,30217,20516
533911,79716,40986,39784
533922,71716,23238,40942
533939,75720,30205,42366
533951,78880,42740,22006
533980,76122,44009,24092
533987,75366,19302,21574
534001,90956,28177,31426
534023,75086,38802,21266
534054,74348,39360,21786
534075,73718,36566,21752
534093,90620,39772,33068
534104,75854,41308,22628
534119,80193,37818,41404
534136,60561,7875,32833
534149,61468,24428,37428
534157,77698,39510,21932
534167,19418,29876,21671
534178,92097,37344,33394
534198,77126,43318,40153
534218,77008,17236,24748
534234,79691,31028,21130
534244,91276,32772,36500
534255,91350,25374,31770
534264,81758,31101,23904
534273,76250,45520,23750
534288,73168,29700,21346
534304,79805,32124,21385
534323,91122,30469,35824
534352,85390,26158,40772
534368,77144,31438,21316
534386,75658,16658,24736
534410,83859,36414,24632
534428,41174,9274,32280
534439,76708,39626,35602
534462,81358,41388,24668
534513,91293,31027,35850
534530,61798,36354,35734
534546,78172,39216,22932
534558,87644,18448,32748
534569,74188,14414,34744
534582,63444,6916,31654
534601,63642,33276,32862
534619,71482,36514,24840
534637,83532,35660,41360
534658,85705,44649,30007
534672,91030,25834,32018
534736,85436,41468,39376
534750,86328,46670,32230
534763,87738,44297,36760
534785,65384,36530,26316
534806,88495,41913,28991
534823,75382,18647,22089
534843,89364,42416,30642
534855,79670,48348,31588
534870,42897,34376,13945
534880,89484,40678,35378
534894,92944,37056,33632
534909,82515,48132,32455
534917,90098,23310,34088
534940,89474,34380,29198
534952,27656,15455,34020
534974,75934,25379,41971
535044,27006,17318,34646
535072,49843,12430,31825
535087,52068,47226,23309
535099,53322,17418,36962
535113,79604,34504,21839
535131,83819,45978,29721
535155,77934,45021,39959
535178,90590,33701,29968
535202,76244,13406,32562
535213,75420,38382,22210
535222,79192,50033,29046
535239,84328,33686,41760
535256,81248,35726,41668
535272,66892,38684,25174
535293,77715,39916,20953
535309,75780,39484,21805
535325,78258,17298,25770
535341,70352,26846,28356
535355,90518,23390,33466
535366,85582,26788,40826
535397,70322,18545,31817
535410,90899,39688,32126
535421,76558,17642,22318
535438,70943,9437,26209
535485,85198,24050,29644
535513,48542,58390,67144
535526,76826,41782,40254
535540,82994,42596,27384
535550,91361,35904,34463
535561,79209,42431,22186
535574,90914,26062,34655
535596,79708,14013,30258
535614,76822,37798,21850
535628,79594,15308,27088
535637,84798,30258,41186
535648,91703,28093,36851
535661,65852,38605,26426
535675,47996,16437,12047
535720,37384,10948,32478
535732,74500,28984,21674
535762,89566,21353,32082
535778,78742,38470,21236
535798,58086,10280,31792
535824,26146,16046,34195
535868,87047,27768,40050
535890,59702,6990,30682
535910,53192,17638,36590
535936,84628,39012,26480
535964,47531,46188,35399
535979,79492,19546,25306
536007,83300,23132,28548
536016,77790,24868,23030
536029,76248,21076,22380
536049,55140,6369,27822
536057,55835,22221,38337
536122,75824,34075,21648
536164,73374,14788,28560
536189,90664,26726,37646
536204,91490,39722,32564
536212,42325,7705,27619
536241,85376,38528,28666
536263,77388,45881,26358
536282,87450,37143,39867
536298,63837,17415,15193
536318,74006,15871,29814
536345,30258,21454,17358
536367,65722,40244,28264
536376,78432,38341,21847
536389,61724,31291,37892
536398,69928,32239,42789
536419,77016,20488,24326
536438,82308,14350,29440
536452,27820,9964,31433
536461,70860,34294,20972
536472,83558,35474,41690
536491,91534,39048,31352
536517,80927,12908,31962
536533,92053,33949,31862
536544,80276,38068,23096
536607,79390,40270,22412
536622,87946,42442,36385
536640,40006,7937,28927
536662,70658,36394,22790
536861,84884,19296,31830
536879,68448,41336,26552
536891,85697,24580,29936
536927,86222,46694,30686
536939,91013,27824,37224
536960,76245,18058,21880
536992,72029,14690,32355
537001,77532,41679,22018
537020,67770,42488,28742
537043,90621,29042,38049
537057,86056,21887,38729
537082,37348,8798,32794
537100,71495,13718,33920
537115,91899,28946,32949
537127,88544,42800,33378
537136,73238,26634,21196
537145,86408,32772,27424
537162,91683,24000,33004
537175,92912,31468,31676
537187,85889,35397,27787
537387,60404,32642,37212
537415,80686,17014,37776
537430,86984,16914,34870
537446,14410,29722,26664
537470,46590,65694,79176
537488,85410,45390,29648
537496,75586,32662,42664
537515,33434,23294,17066
537528,73989,24716,20246
537592,55460,25628,38544
537604,69716,37340,26676
537636,89354,21102,34608
537648,91803,37813,35032
537666,92944,28930,35172
537733,87342,31134,39586
537751,42926,34812,16584
537796,75086,20948,24172
537813,89834,42109,31344
537834,87518,44798,34087
537856,75844,29768,41919
537896,89598,27746,38512
537914,76592,17290,23290
537928,67482,42217,32052
537953,76387,47585,26140
537968,78533,39928,40241
537985,87444,29329,39969
538014,11539,41802,29524
538028,76492,24610,21790
538046,89170,26380,38432
538088,69982,31189,41927
538095,77518,44340,23290
538118,67446,17146,17186
538968,88068,43741,29797
538981,82020,13612,31772
538990,79580,29402,41086
539008,78988,15022,26514
539073,75236,30060,20875
539110,87510,18590,35032
539127,80698,32588,22220
539141,83096,22738,28452
539157,68429,32131,25643
539192,39606,8698,30392
539212,79339,35858,21130
539224,84528,39702,40672
539244,92548,38486,30794
539255,81120,49370,30378
539281,92038,38139,32417
539294,88804,40829,29978
539308,92805,27022,34038
539329,80404,42958,25334
539344,75760,48763,28063
539356,88072,45862,34820
539366,13619,18035,28489
539378,83302,15402,35668
539398,77974,45791,24838
539434,84186,35060,41680
539447,47294,47506,37512
539461,67618,43256,36448
539476,80462,38536,23708
539515,89076,21496,34474
539543,78464,20131,24791
539565,39183,18192,36620
539597,75554,13786,28510
539612,75034,36480,20624
539632,71600,34638,21080
539668,74798,32816,42860
539687,80322,33997,21144
539720,66120,34795,27699
539758,91037,38162,34339
539777,79863,33868,21223
539791,80536,40418,23282
539808,76074,43255,40016
539828,75539,22023,41205
539857,78071,41739,22145
539881,84127,46981,32455
539891,76636,38312,40456
539902,83404,34015,40842
539931,90292,35572,36852
539950,78604,15296,26788
539968,86520,45088,29424
540013,89440,32670,39054
540073,71404,37672,24239
540088,79931,32509,41957
540249,42978,16059,35674
540272,86624,44812,30382
540357,63982,21778,16205
540366,87490,45498,34308
540373,78228,38924,20542
540389,90546,36360,33950
540403,75122,39780,41422
540424,75200,13294,33510
540443,75194,29240,42324
540456,83500,25184,27518
540499,91594,32073,30957
540511,85564,36716,27260
541389,80097,36758,22585
541404,80322,28382,23222
541450,77887,49019,36662
541463,92916,29900,33852
541479,44630,8394,27242
541503,49166,58244,65720
541525,84924,46954,32788
541537,81512,49258,30346
541553,91749,38885,32674
541569,78021,16825,23605
541582,7088,32978,40590
541614,74090,16608,27421
541630,73793,17870,24406
541646,81178,39606,40266
541657,76513,31003,19963
541670,82027,32511,41800
541710,79673,49594,28056
541724,88292,35192,40204
541741,78056,46856,25345
541765,64816,40308,29750
541779,81479,20787,19960
541796,86294,18836,31338
541808,44111,44971,19693
541827,74031,18102,24010
541850,91879,28925,36712
541871,67500,38996,25662
541941,79004,32522,34312
541968,15663,14974,29814
542002,34540,36927,33960
542026,80964,23444,18330
542049,67456,36194,40894
542065,74923,22133,20769
542082,92572,34660,35368
542102,88018,44218,32503
542113,76226,41108,23212
542133,86438,31106,40520
542151,90582,27912,32375
542166,75357,12516,24004
542177,88073,42786,31843
542197,92558,36568,28634
542212,76638,25810,21626
542220,92680,38915,31873
542227,91468,36886,30278
542243,20570,16526,25254
542252,73078,28613,24029
542268,89634,40816,34898
542278,78444,22076,40470
542294,90959,35816,34477
542322,92248,39494,32266
542338,76514,43280,22862
542359,8289,38460,31948
542381,90303,39949,32835
542400,9266,29652,41036
542414,88409,41936,33019
542440,87194,28558,40746
542460,91696,38214,32966
542477,87823,25536,39553
542497,86202,45984,28732
542512,87598,43654,35238
542544,84994,18395,24169
542558,71314,37504,23851
542568,91722,29036,35220
542579,86396,44938,29024
542596,82646,27538,41118
542626,78974,50406,28984
542643,84014,44108,29888
542674,83849,25163,40378
542710,90994,23564,36880
542731,8406,41690,30698
542761,81070,21698,39526
542780,78180,17386,38666
542801,70857,42114,25370
542813,86898,47284,32420
542830,77768,47393,25187
542851,88300,39668,38608
542876,44648,15632,34454
542885,40432,25787,38266
542894,83428,43398,39548
542917,78770,14242,34884
542929,69688,44230,36320
542949,90892,25610,37534
542961,90930,30051,35626
542975,23249,42182,35860
542996,89775,34123,38171
543013,71043,21222,18131
543037,56868,8792,32478
543061,90216,35698,31124
543094,78902,35742,21364
543105,78752,49786,31378
543127,83862,29541,40257
543156,77955,12559,28720
543169,82620,47322,28944
543191,36602,6940,30984
543207,7360,40138,34747
543216,83914,48819,32268
543242,80347,37148,41818
543254,77674,32276,20380
543263,83746,17424,31358
543281,86740,43248,31354
543302,70009,10055,23383
543319,72880,34644,41496
543339,44422,7980,27215
543354,88724,22258,33282
543367,79926,26152,23214
543387,81312,28876,42248
543400,87034,42846,29382
543434,62610,6117,30924
543446,84148,47102,33640
543462,77612,46534,26282
543474,79158,14013,27380
543489,90188,26642,38388
543501,84018,25329,41094
543517,91847,40437,32559
543538,17095,43965,42650
543560,74011,48388,35507
543571,59984,14998,37611
543583,69657,26361,41866
543609,80522,17410,22910
543640,89720,24326,37088
543696,72400,35198,21288
543727,84548,27106,28230
543741,19772,38328,35732
543764,86420,42592,29056
543774,37688,37386,15276
543791,87915,30807,40040
543810,81960,43497,39656
543827,75407,48660,28059
543840,76522,23884,41424
543857,90788,27516,35274
543884,75248,37252,21014
543906,67068,16671,16135
543953,80230,20930,40492
543973,80398,37374,40448
543987,26139,10836,27381
544004,91584,25348,32904
544030,66972,43065,31881
544059,90622,35386,32992
544113,75646,27092,42662
544129,78442,42073,23531
544155,73854,21277,26176
544170,75524,13794,25446
544189,84474,46746,36352
544215,90764,37700,30692
544245,89644,38374,30986
544257,38818,15428,13328
544273,91831,33137,33339
544290,89054,20091,34501
544314,77178,17915,25258
544346,74141,16603,20934
544366,31008,36950,40502
544378,74933,42123,41202
544411,79282,34176,21566
544439,73330,11886,25769
544455,81024,16106,28490
544470,75677,41014,40193
544493,71713,34560,41849
544507,76808,14296,34408
544517,87644,30882,40478
544528,90698,34350,30598
544537,67046,43144,35036
544565,80291,39552,23887
544583,86109,46876,31242
544600,82692,42888,28122
544631,12400,30470,27746
544662,76229,15997,23606
544683,55941,18059,38348
544697,79188,33046,41390
544712,90850,35934,29950
544732,82832,15800,25485
544750,76869,25146,22050
544762,92625,29240,36038
544802,91974,31460,36626
544812,68444,44338,35074
544830,76820,43600,40254
544845,72193,17715,33859
544871,91078,34394,30598
544894,66258,12203,33192
544933,77514,39536,22546
544947,86188,45104,32712
544955,80770,49094,32628
544977,70917,45132,37351
544998,81082,37656,41726
545018,76312,19012,24272
545029,75301,48084,37001
545049,7122,41190,30794
545072,84036,42770,28105
545101,72682,35031,42067
545120,78248,42434,23134
545166,76665,36906,19892
545200,75012,13484,33234
545216,86681,45847,30846
545226,79376,36848,41054
545256,70508,35586,23598
545280,92628,34268,34634
545300,79536,27158,42358
545317,78350,25780,41080
545338,41158,6636,27720
545363,87260,45190,33444
545384,78614,15020,26502
545400,86443,39091,27866
545415,58508,12498,37088
545449,77264,31243,20163
545482,78556,43030,23664
545503,74693,13848,27205
545532,45534,46958,31156
545574,90564,24808,31784
545600,71326,44298,37076
545615,91799,27111,32049
545665,87188,34710,40458
545727,88502,21602,38178
545740,79334,40021,23387
545782,16097,18724,25671
545813,72509,28798,22025
545831,92254,24358,30792
545849,72648,33458,22036
545892,69377,40199,27853
545910,79166,35482,41238
545948,73283,15970,30828
545969,30914,12642,21024
545984,9715,34374,41881
545995,92600,33032,35640
546018,90306,24820,34436
546027,77346,48018,26314
546042,76700,49426,36280
546054,92526,23682,30754
546076,74450,13890,29109
546101,81204,25865,41501
546132,75300,14132,28682
546168,79890,26603,23238
546186,7402,37934,31026
546209,68806,32966,42692
546225,78364,46296,39090
546250,76692,15230,25122
546274,74756,37470,40740
546290,81228,35640,39620
546340,92232,28650,32184
546380,75074,36852,42390
546403,78426,40104,41674
546451,83054,16210,31720
546458,70726,32602,42844
546477,75856,13873,29801
546502,89772,42621,29925
546536,60336,34550,15162
546544,80599,20184,20807
546592,84140,43783,39153
546619,4762,33558,38632
546648,18521,27942,22412
546688,78902,47422,28940
546724,77272,23892,41238
546748,66830,38720,26588
546774,90864,22680,28868
546804,80440,15504,26760
546837,66165,40837,28613
546884,22434,39332,22402
546931,78468,48960,36564
546964,86829,36045,40744
546983,76385,15923,26151
547026,75432,23194,41436
547047,3788,39411,35900
547099,88332,19210,35540
547129,77377,39891,21412
547159,11826,23238,40021
547237,27124,41040,25140
547293,36040,8948,33999
547333,9376,37052,41260
547410,75232,46606,24914
547451,90658,39416,35190
547488,72072,36769,41440
547514,70780,34239,22070
547535,81808,34129,41665
547552,63718,12228,18749
547572,90713,34158,30100
547596,88131,43244,31415
547622,79556,27418,40990
547643,78298,49884,28264
547651,30492,43726,34004
547675,7399,32259,39853
547704,5728,33390,39062
547714,4338,34629,37867
547738,87548,19654,33966
547796,74248,40898,40816
547828,90108,28017,30579
547885,86668,25406,39614
547908,80378,39064,23490
547931,8234,33380,40200
548030,79226,42294,40342
548062,72160,32646,42216
548114,72316,31254,20716
548147,73886,49143,30436
548188,84214,42922,29098
548219,78864,29348,22218
548266,80928,33924,41113
548291,70692,43726,38798
548310,91119,33913,34473
548337,57299,25773,37982
548353,76548,17746,25242
548385,87816,37930,39311
548400,75322,43636,38045
548431,82296,27790,41208
548455,4893,35977,36507
548483,81123,34009,41615
548525,77511,47806,37665
548549,87979,20751,37721
548581,73026,42216,39642
548596,79236,34792,40808
548616,85869,18303,31819
548669,74280,24356,20606
548707,88642,40644,36876
548750,77851,30266,41309
548760,77922,21906,41233
548808,82510,47258,29734
548865,76264,27754,41632
548890,42270,17698,37498
548920,74614,38056,21802
548970,66796,32306,40652
548992,76662,36228,21468
549017,69274,37806,41516
549033,51959,19543,37260
549069,65362,36464,29434
549097,83735,26032,40344
549132,70710,42430,25360
549157,76350,31736,21318
549193,33246,22618,13310
549203,74526,14750,35148
549216,81720,32834,41566
549233,75370,30590,41304
549248,69709,42013,26735
549259,78951,27989,21654
549275,75584,24550,42288
549301,88853,18016,34006
549331,79807,26119,41481
549344,40476,8688,31068
549363,74260,47770,36244
549376,80408,33508,21314
549397,90694,30918,37670
549412,78232,23368,41248
549462,79718,22256,40652
549473,93570,30982,33116
549488,78475,29305,41906
549507,82366,37644,40826
549528,75929,38269,41739
549546,78927,24013,23426
549575,76253,37882,22558
549597,88017,41252,30874
549617,92030,32174,31098
549650,77206,31312,41704
549661,71106,34151,21281
549686,68929,44124,36566
549729,43358,12776,32268
549759,78472,46660,38886
549778,92850,27184,33232
549805,91044,29124,33400
549874,83674,29568,41144
549952,84824,42774,39380
550003,69992,43965,37759
550051,5526,33504,39592
550082,75771,17925,24820
550104,75841,15177,24157
550119,75242,13802,33102
550161,82358,31530,41304
550177,79348,23032,41004
550218,64072,40970,34342
550235,76520,30338,41404
550249,79748,32259,41849
550262,84338,15468,33034
550275,74274,16598,20498
550314,80768,32728,40932
550329,79818,45184,26263
550345,81051,24140,19561
550363,92349,34897,30030
550381,69887,36984,22357
550396,73279,27880,42800
550415,73991,32988,42533
550436,70957,38110,41207
550469,68428,40198,40266
550491,75254,48696,28558
550515,69881,40810,40290
550531,69566,41786,39794
550566,77586,23484,41196
550583,75868,15365,24567
550615,75928,12224,29166
550646,78211,36334,21930
550663,69308,34558,42526
550674,74440,17624,37024
550699,70706,39572,41582
550712,75840,23169,41320
550722,80363,46623,29842
550739,85209,45236,37872
550748,78726,27158,42105
550759,70111,38947,41887
550775,33952,10923,34577
550789,69761,34301,41858
550802,77584,27672,41594
550823,64892,6950,30586
550868,40434,11983,35201
550883,69260,39772,26422
550901,87739,30477,29398
550926,76478,17234,25328
550939,80758,24826,18760
550957,91684,31586,32900
550975,86280,20316,32516
550995,73156,38664,41788
551013,69426,40384,40350
551025,74767,17828,37701
551039,79684,30540,41352
551051,80470,26272,23414
551080,77128,25384,42040
551102,69332,41977,39545
551134,78258,41342,40222
551155,75026,26589,41818
551195,67971,39004,40096
551259,78634,46744,29328
551290,67146,37142,40640
551319,75568,17100,22692
551349,75179,25830,22171
551404,51935,9062,30549
551522,66542,42738,34952
551544,42169,11387,29955
551576,83780,46007,30339
551590,75586,13290,31100
551647,65208,41756,34044
551695,82518,33572,40282
551752,64642,41062,33654
551809,74912,17955,38907
551838,89456,35790,30702
551891,74866,38332,21568
551905,73461,24868,42041
551927,74163,41952,23773
552013,75378,16586,37480
552098,80919,49791,32064
552119,81764,36613,25015
552209,64462,40438,35588
552234,87019,35895,28502
552269,78978,39778,24380
552304,75584,13010,30668
552328,43150,12091,33726
552350,79686,12836,31502
552427,47857,12733,12636
552457,82188,15754,36616
552510,78914,42992,24628
552580,74453,21919,21745
552605,77598,12920,32408
552622,76572,45062,23814
552670,74254,27594,42138
552700,85977,25159,30119
552720,71986,14665,22258
552743,75134,17420,25932
552769,73351,29866,20775
552830,80393,14233,28118
552869,74494,24658,42180
552920,74428,43202,40216
552967,71268,38742,23871
553043,87350,19184,31696
553144,67776,34686,40924
553187,79906,26178,22901
553295,81850,28581,40258
553397,75328,43352,39798
553442,79389,33821,35266
553496,87262,30050,40735
553604,71843,39689,40880
553721,54278,14876,37220
553756,39974,15883,37278
553847,42797,8283,29981
553919,16288,46716,29606
554129,91442,27848,37420
554203,29804,44130,35336
554350,16548,20168,26479
554393,48155,13546,15433
554454,9736,44568,31316
554551,19188,18074,25730
554586,22462,31738,21874
554651,17446,36684,22646
554776,14085,20833,23251
554901,19762,50220,31454
555119,15122,16668,31398
555185,29851,40669,28496
555258,48107,12120,16341
555277,31451,19973,16621
555309,64894,39068,25218
555342,45926,31871,15584
555428,47074,48390,34228
555473,54324,19136,37200
555502,40940,35647,15820
555648,5868,29983,33370
555710,34430,10984,19865
555727,48239,19658,12632
555737,74446,49074,29292
555766,41808,12815,30267
555795,56133,42776,21193
555829,34282,26340,38475
555875,45044,14934,33448
555938,75166,24444,20812
555991,37037,60609,82687
556064,43030,19310,37244
556286,57545,20656,37420
556329,53028,45512,21728
556387,77829,24993,21928
556449,40666,31752,38704
556494,92947,26593,30166
556558,62844,35658,33614
556589,56140,37082,16238
556632,84295,40466,28080
556684,75067,14134,30783
556717,57330,44154,24874
556769,78137,37452,21945
556812,40030,39396,18268
556880,73618,18952,28232
557003,69278,45442,33346
557110,54542,6229,27350
557220,74336,15104,34892
557249,5986,25398,34714
557308,47110,44644,105786
557516,27814,45846,37206
557784,45056,20860,36946
557848,92524,35395,31345
557901,79634,33962,41559
557958,58772,14748,15014
557988,36298,17624,13668
558098,42678,9268,16992
558172,61409,34299,36044
558278,45336,7036,24308
558338,92108,36725,30041
558367,88554,18352,33434
558561,87988,25625,39040
558652,51903,7224,18152
558758,85951,29651,28353
558839,61198,20480,36728
558864,78352,35098,20049
558947,71534,11801,22034
559048,81556,41034,40634
559107,53839,55929,63005
559163,76526,41012,21900
559219,73870,15525,23184
559335,57076,16772,37064
559480,73312,35128,22017
559532,30885,23940,15476
559598,76226,18905,22096
559768,89670,38118,30162
559914,74009,15696,36267
559946,51902,6926,26948
560199,85282,44974,29054
560336,82962,26432,40752
560489,48546,7820,16831
560559,74920,20124,20610
560842,33252,21076,14193
561151,83074,49486,31368
561392,78682,49719,32010
561474,64356,8201,32856
561572,87835,22786,38431
562147,85871,17144,34511
562289,80759,25413,24166
562513,88400,32910,39222
562734,75914,27584,21644
562851,71454,32838,42814
562992,34114,23496,36249
563614,81599,32063,23361
563728,74240,26936,21612
563885,91752,27431,31848
564072,73925,28807,21777
564328,6770,25746,33642
564480,90599,35854,35219
564581,87097,38471,39935
564632,77152,21925,22033
564824,35786,23526,14414
564952,37248,10638,35032
565163,17518,25883,23300
565283,31796,41967,36633
565520,71440,14932,24356
565674,74172,22156,21177
565814,66391,39500,25867
565967,78584,29512,20400
566092,38554,8472,32366
566185,78004,29453,20682
566351,78351,34920,21915
566524,74842,35798,41912
566898,83200,42576,28276
567039,47854,13950,14436
567143,34510,40552,28244
567396,76137,34605,42194
567501,74706,26182,21228
567663,75774,16949,25710
568009,77326,39420,22030
568187,79166,22332,23660
568286,90246,33694,31584
568461,90858,22568,36318
568641,80354,38972,41500
568851,20878,23320,24378
568952,89943,25977,37402
569156,89612,29090,30640
569209,76085,21278,21599
569277,89004,20077,32299
569556,33374,38844,26171
569683,85668,32436,26990
569848,27728,15222,21192
570007,32694,23614,16690
570108,59062,41544,23704
570233,73338,33808,22142
570398,73873,45021,25341
570516,80688,12660,30294
570699,78324,29196,21206
570938,34869,15956,36198
571216,90119,21353,34286
571384,55396,7494,28524
571499,27004,11988,33142
571643,67980,12188,19748
571873,84260,47098,31678
571990,78549,41880,23819
572447,86932,16111,32683
572721,75534,24149,21126
572977,91516,32662,34298
573316,91757,35068,36641
573509,76478,28826,21214
574186,49765,52623,130071
574779,80378,16008,18286
575249,39258,14824,37230
575261,75091,28130,20065
575330,88340,36061,31033
575360,68718,34746,41604
575398,52829,64852,88935
575439,70548,33014,43302
575490,76474,30580,20922
575556,66455,40068,27098
575597,72690,21044,27334
575716,75064,30672,20494
575751,80384,24096,40200
575810,80296,18248,22242
575848,72586,38540,40700
575876,85000,45620,30868
575905,80260,42632,26674
576049,14986,16984,27470
577309,52818,6436,26344
578194,47834,12462,15737
578647,64718,39000,26704
579221,36371,36996,16015
579910,76342,31458,42798
579926,63263,32314,37971
579941,62472,12834,34722
579976,65176,35088,29424
580023,69112,41683,26147
580079,78395,14692,25991
580092,15456,17795,27328
580103,87622,42974,36618
580139,32564,23803,17039
580154,73198,29286,21718
580183,76096,20320,24254
580200,75660,11766,25188
580229,68636,43556,37090
580261,68098,40420,39902
580279,64738,16324,34750
580313,77636,49390,29196
580329,53348,15656,33668
580344,78758,34952,41304
580360,88147,22621,38968
580383,77784,45350,23564
580395,50102,8697,15495
580413,75062,21384,20744
580422,71096,13400,23666
580441,73648,44716,25292
580455,77588,39142,22876
580481,91660,29943,34540
580489,75600,14648,32760
580519,88726,20460,33418
580532,84070,42117,28866
580553,75112,31074,21238
580576,73748,39238,22562
580595,73329,38126,22152
580617,75888,36436,21254
580637,72360,15188,24080
580667,75236,26772,20492
580690,90994,27746,35058
580735,67902,40396,27714
580756,92792,29378,32396
580771,73692,10636,29352
580794,86137,37324,40762
580818,77000,39032,41310
580843,67854,9324,31069
580852,74716,39550,23002
580892,79854,37957,41280
580909,90295,29857,37769
580935,78736,43602,22838
580948,44288,47044,22858
580968,75684,18626,23144
580986,76900,18398,38944
581008,70760,10130,31794
581027,31353,7032,27872
581058,73394,33459,21964
581098,90760,32076,36303
581128,78054,29108,20240
581151,89647,27496,38133
581169,73785,39857,40314
581204,77871,42583,25107
581224,78614,21714,40450
581239,68524,7548,26240
581256,74047,37798,40959
581271,91408,32130,34758
581291,84388,33434,41508
581331,68556,34405,22132
581354,65184,42127,33788
581376,67174,32838,27018
581422,34028,20675,17234
582041,74916,32820,20346
582751,81509,21940,19996
583740,81849,29093,40166
583808,72258,16768,31326
583874,29352,32690,42982
584019,7628,42680,33656
584847,7313,23766,25861
586548,89020,21569,26011
588414,63365,24040,15861
588457,89595,43007,32068
588800,74288,29601,21091
590310,69758,36476,41342
591600,67443,33902,41206
592807,79863,42488,40568
594096,79730,32786,35548
739833,90199,34063,38084
800004,48716,60600,68498
800020,42280,44832,121902
800030,54437,63950,83787
800041,45950,63810,79775
800054,54868,52892,130507
800069,36299,57315,86733
800077,54674,64893,104687
800087,51751,65765,93019
800095,58762,49216,126526
800103,37626,48450,93388
800117,62406,48458,81288
800126,60199,47592,116828
800136,47741,64513,89243
800145,60157,48548,80307
800153,63609,54605,66918
800160,49021,60772,114716
800173,57828,51952,65330
800182,49957,60494,123940
800193,46383,44405,114815
800208,47525,65996,92880
800217,50144,52786,122966
800228,57639,58279,128484
800239,62952,55330,88108
800247,47850,61606,69424
800257,59112,48696,123344
800267,47436,60043,102193
800276,47192,63464,86092
800287,47776,62130,122554
800297,48886,61428,120174
800305,52197,51273,119551
800314,56980,62422,83126
800323,44240,53689,68351
800334,37825,51824,91661
800343,51688,59503,125581
800354,57620,62616,117500
800369,40248,47283,78106
800377,49737,62056,123945
800386,44380,41900,119582
800394,58153,63675,87003
800403,38221,59128,106824
800413,49699,59932,125945
800423,50479,62180,123269
800433,43160,60804,123768
800441,48790,64670,91338
800449,38487,56213,81999
800458,62596,51464,89982
800470,37894,62631,105301
800478,51988,53467,130927
800487,44452,65778,78404
800495,37566,52344,90474
800504,59840,46733,117984
800513,60214,68102,103048
800524,40844,65058,93470
800531,60757,55793,100682
800539,35708,58380,82949
800547,57624,49244,125808
800555,48844,65282,79746
800564,53022,44410,102402
800572,61898,51139,113483
800579,50772,56958,129914
800588,43772,52791,105493
800596,43536,43942,120938
800608,45382,49624,126320
800621,61477,61803,119104
800636,56141,54864,61900
800644,46441,50180,126224
800655,37136,51224,90649
800663,63710,59549,83946
800672,49666,63246,89802
800684,57422,63522,83222
800693,53156,65424,91240
800700,46269,64801,88079
800708,48298,61821,118519
800719,49876,62320,98444
800726,58526,62560,117436
800737,60950,59662,83752
800749,43134,57751,127827
800759,57386,64260,89682
800772,41990,60175,124063
800782,38280,46230,82388
800789,50113,63447,86153
800796,61988,60611,104388
800804,40715,61602,83327
800812,54100,44057,128213
800820,38540,58890,85198
800832,57082,52630,127560
800842,56172,64768,90698
800851,56544,46376,107660
800860,63364,49252,81840
800874,44408,65416,91830
800884,44626,63237,89123
800894,54814,56610,128452
800902,63794,55368,66509
800910,58281,47652,110980
800920,48516,64640,87998
800927,62377,59723,117184
800943,36572,50683,86656
800952,39874,61988,81878
800962,39990,62722,108655
800969,55016,63758,89352
800978,50683,55756,130114
800991,48443,60050,127618
800999,42444,64185,87958
801014,43190,64717,80987
801021,60518,62446,84068
801029,45684,41859,125035
801043,50342,63000,89278
801052,55312,63550,85994
801059,61456,47983,87641
801069,56093,48913,124387
801082,38185,54257,87850
801090,42120,45428,119222
801100,63218,48590,87248
801107,50987,58049,126131
801115,41273,64030,88649
801125,52985,60481,112490
801135,44544,49950,129334
801143,56208,61182,104022
801151,49089,59493,108794
801160,37604,65690,108336
801169,59076,46994,125318
801179,46886,62090,120896
801187,50998,63935,88915
801195,59658,50974,127160
801207,39928,52443,83769
801218,45332,63672,86232
801229,59190,57094,127430
801239,60000,67708,101492
801248,53244,44840,105256
801255,42292,49154,101152
801263,38300,48894,74500
801270,50956,63096,121204
801277,51132,54964,126336
801284,44898,43022,120108
801293,58257,46275,119322
801303,54185,56171,130266
801310,59993,61687,85112
801319,57679,57074,64431
801327,39372,58480,87400
801336,50641,40239,134347
801347,48784,66412,95548
801358,37474,61184,82196
801366,54777,54214,127160
801375,40118,56947,125546
801385,36989,50922,88733
801394,47603,41098,131384
801404,39617,48255,79774
801414,42604,61000,106084
801424,44636,64414,86436
801432,56824,64872,105882
801443,61683,62455,83152
801453,57464,52480,129184
801460,43292,63025,82736
801472,47450,63646,77546
801483,56290,51692,125936
801492,58263,49786,125434
801499,63429,47926,85116
801508,47406,56584,130026
801515,42084,50067,100233
801523,37566,51276,89484
801530,46577,63824,78646
801540,51080,55692,129497
801550,42808,45554,121744
801562,47550,48176,27842
801570,55354,64272,105232
801578,52887,55045,130858
801586,50151,53014,128168
801601,51427,51921,123239
801610,40532,63985,90912
801620,49509,63089,82964
801630,55129,64759,88864
801637,39925,57768,124892
801650,41789,53619,67027
801662,36606,59560,81550
801670,44596,41821,121221
801678,40954,47347,76521
801687,54716,67302,101844
801697,61832,63512,108023
801707,55266,50264,131324
801718,47914,65532,78808
801727,37928,49662,91482
801737,56178,54896,102045
801746,50284,64762,97814
801755,51757,54408,129215
801763,53056,65150,77386
801773,51525,58086,65311
801782,46966,61982,118699
801790,51991,42355,117837
801798,52978,60804,113486
801807,48994,63164,79496
801815,40074,62194,87242
801824,40038,47705,75641
801835,43098,60548,105610
801845,51807,64217,79922
801855,49360,63806,79427
801863,45718,63821,89117
801873,61683,52241,91884
801884,55404,55350,61584
801893,42446,44720,117376
801904,64451,60863,83065
801915,62838,61748,82046
801922,41740,63586,82312
801936,58148,47285,127471
801943,50472,58099,125689
801951,49436,52640,126040
801961,59812,47071,83767
801973,38501,45882,90975
801982,40989,61881,88095
801993,57191,55282,62785
802001,47009,62331,83023
802009,62173,63508,107455
802017,52963,58533,66498
802025,39100,61240,84935
802037,46730,63816,82430
802047,47561,64795,86640
802062,56165,63962,105520
802072,39002,48321,76214
802083,45300,64213,71565
802093,36678,60204,83152
802104,54672,44203,128840
802115,60904,48480,119992
802127,58138,57289,127347
802136,43416,43124,118316
802145,59594,63576,81432
802155,38278,62316,85714
802167,53392,64516,73526
802177,54008,43614,117533
802185,36008,58293,85823
802193,42354,63150,83388
802205,45043,53782,64177
802214,45104,45000,109722
802223,56425,54870,104950
802235,58537,46841,118885
802242,51566,41738,119356
802252,44966,44752,119538
802261,48926,40271,130907
802276,41126,58628,105924
802289,53747,67962,97277
802297,46461,44267,108944
802309,46660,64958,89440
802317,53171,58237,67314
802328,42426,59881,124623
802337,51290,61400,122408
802354,54722,52938,127416
802362,42298,63971,82851
802371,49953,56527,129985
802378,49132,65190,88388
802386,55648,62678,69118
802396,55998,52238,129883
802404,45896,50338,125852
802413,55082,51024,131212
802421,50138,65021,91373
802430,47038,41490,121036
802442,45116,63656,89554
802450,42060,59609,125070
802462,57250,49644,126777
802470,54778,63487,83011
802480,58123,51298,129044
802489,50111,42963,104678
802497,49868,40386,126321
802508,52585,53171,132677
802520,48724,64966,98096
802528,55178,53138,129650
802538,46956,48956,131210
802548,57571,46215,83426
802556,38800,62506,84264
802564,47831,64724,75519
802573,57830,62132,105104
802583,53433,55835,128230
802594,56668,54560,104086
802601,36582,57674,88500
802611,58015,61270,83407
802622,52167,55016,130927
802632,48731,43850,134525
802640,63220,56564,85053
802651,49547,42775,94550
802661,43478,47340,128068
802670,48632,62678,121342
802678,44994,65310,91702
802691,63631,57851,84319
802702,62730,49896,81083
802714,49226,61115,122771
802722,57536,52314,129950
802731,61829,60513,119397
802739,41472,62586,84168
802747,57903,63349,104788
802756,61434,49200,85718
802765,49909,52693,124230
802779,47706,63433,78167
802789,59289,66061,92078
802800,52531,64155,87266
802809,55542,53168,131334
802818,41106,48400,125910
802830,35684,56203,84419
802838,56830,48692,128252
802848,47870,40406,124054
802858,54781,45368,116969
802869,45161,64377,86963
802879,47222,58822,128022
802888,53496,56470,67144
802896,59717,48747,124244
802904,57437,52998,102674
802911,44818,41594,124266
802918,52356,59974,125412
802932,34958,58320,82174
802944,46256,63890,103606
802953,53398,65801,77389
802961,49904,63959,95428
802973,55603,52152,128420
802983,57419,45809,127373
802990,36772,66590,72256
802999,51282,63404,83396
803008,40950,61102,87760
803015,49158,51800,131373
803023,58742,47799,80335
803032,39302,45030,89502
803039,57664,57847,63900
803049,61750,47776,90184
803059,61524,52756,82096
803068,61424,60292,118260
803075,36944,52466,90776
803085,60820,51512,93880
803095,40186,60677,83219
803106,43450,64600,89812
803114,37014,52412,90128
803123,38020,57703,84866
803132,42224,44820,82869
803141,46855,60182,68512
803153,61211,55645,87008
803164,56466,53945,127063
803173,46221,51945,130154
803180,53247,53811,129276
803187,59126,67748,94522
803196,61885,60872,116981
803204,42714,63711,87602
803211,47076,50428,125670
803219,45015,52250,130999
803228,38742,62552,108756
803235,49170,53830,128024
803243,50944,62422,117984
803252,53244,42760,119938
803261,46619,44848,118953
803268,37431,61891,85023
803278,39638,65600,104098
803290,49261,63971,81432
803302,62679,55851,87189
803310,60011,60355,114533
803317,48027,53738,129200
803324,62402,51516,115422
803333,49864,61558,124724
803342,56535,44248,124039
803353,55783,51357,130742
803365,45932,45345,118123
803376,36585,52714,84827
803385,58138,48310,122901
803394,56042,45527,117765
803405,51448,42660,113936
803417,51700,43084,117428
803425,50066,63999,97687
803432,56612,45618,123034
803442,57622,66174,77344
803450,49777,59317,110964
803458,46842,53251,128501
803468,54666,44934,107510
803477,52810,44442,100188
803489,60163,67136,93636
803500,51722,44498,133916
803509,44364,48696,129084
803518,42512,55152,66172
803526,44248,65158,79902
803535,41801,64196,108294
803552,58178,49026,127006
803563,46607,51695,128763
803574,39056,45544,89784
803583,52579,66837,98573
803590,58278,57000,128188
803598,52418,59144,102384
803607,50572,40266,130368
803614,40176,66097,99997
803625,62021,61171,90658
803633,49829,63185,100172
803644,56737,46233,113854
803653,52041,60368,127187
803661,62514,54266,86426
803674,44258,58655,128717
803682,57638,44750,123232
803690,50319,53328,129114
803702,62158,50622,84370
803712,52886,42434,122220
803721,59164,55072,128418
803732,46136,41707,124148
803741,53656,52742,126016
803748,45532,47176,122186
803759,62411,61703,106812
803767,47872,61245,116580
803775,36382,58536,83692
803785,62534,53356,87662
803795,42001,49114,99853
803804,50001,40339,124715
803813,56706,49340,123318
803823,38268,63080,83010
803831,61510,47910,86205
803841,46033,45025,106962
803850,48560,63112,82074
803859,46338,44492,103780
803868,62045,59745,87744
803876,62624,62458,81392
803889,45668,41733,116437
803897,55571,52044,131086
803906,35726,58270,85308
803918,43123,53906,103142
803926,57492,67840,94360
803934,42401,63398,106735
803943,52079,64473,73965
803951,37952,47866,79708
803958,46970,43000,118154
803971,58838,53150,107898
803979,57144,46594,109374
803987,46038,40804,125455
803996,55371,44221,125647
804003,44986,60774,104192
804012,38692,60998,83342
804020,38543,48060,83496
804031,45849,63790,89747
804038,60364,52464,81494
804046,48450,65408,90524
804055,62537,52045,91085
804064,41919,48364,125273
804072,57720,62894,105818
804081,42369,51865,102084
804090,57891,63290,82627
804100,62035,59206,120183
804112,59793,62907,82479
804119,54324,50928,131818
804132,45720,63267,104022
804140,47945,64694,88080
804149,60969,50164,83472
804160,58812,64738,108094
804168,57474,48190,125937
804177,48567,65660,92814
804184,36041,53659,84589
804192,36364,65134,70330
804201,51374,62704,85718
804212,38970,48628,83744
804222,39624,58720,88492
804232,46952,59150,111140
804242,52213,61885,117149
804251,57121,61476,82909
804259,46193,44142,108222
804269,57286,68372,103030
804284,49970,41782,115062
804295,47570,60268,113514
804304,53028,50670,121048
804316,39588,65209,104811
804327,49332,62564,83872
804335,51347,57901,130478
804345,45924,50333,130690
804356,47702,64694,85612
804368,49696,40730,120080
804379,52038,56989,130335
804387,61046,52570,110895
804398,48512,40674,121588
804405,39776,63231,90257
804413,61968,55335,86801
804421,41116,59592,122222
804429,47659,63165,86910
804439,51832,63811,86637
804446,57125,63734,82194
804455,61610,55274,123704
804465,59046,53094,64142
804472,50300,62056,116260
804481,52432,62242,69706
804494,49893,61240,71426
804502,62190,62071,84587
804511,57110,63368,106294
804520,57584,52690,101912
804530,43875,46995,124923
804540,62492,51783,93567
804551,50319,52644,64834
804559,61665,53797,88101
804570,57572,62502,120310
804579,38946,65416,109732
804587,43476,64506,87274
804597,49240,61802,117890
804605,63116,56768,86860
804617,61894,64053,107232
804627,55705,43928,122839
804634,58666,50854,99094
804643,47555,61474,116690
804654,46878,50452,131564
804663,49680,64683,98765
804673,55476,62724,117160
804680,50544,43276,109728
804688,44355,53879,103458
804700,55917,63704,81873
804710,50711,59600,124558
804721,35575,56194,83656
804729,43728,55640,103928
804737,39788,63702,82768
804747,48416,58488,100350
804754,58982,63379,106827
804764,57128,48520,102016
804774,44699,65942,79033
804784,49206,58854,127904
804794,54086,65616,91011
804805,44516,49408,126142
804817,57720,66590,107899
804829,50506,42806,109352
804838,61108,54904,81488
804849,62511,57788,85623
804857,54454,49492,122190
804867,39324,55238,116166
804875,60358,53260,81286
804882,44845,44073,113547
804890,45438,64306,85518
804899,52558,54226,131072
804907,53420,53028,129080
804919,59670,61282,123001
804933,47799,59852,111919
804941,61420,56378,64494
804950,47806,39901,124342
804960,58842,50221,104839
804968,44438,44350,83584
804977,38134,45475,84167
804988,56906,48716,129340
804996,49458,63878,95785
805007,58986,50106,124071
805016,43418,53682,130280
805025,57184,62770,119824
805040,44306,67472,98314
805049,58454,52265,64540
805060,56014,65501,78821
805068,49384,61526,101956
805077,38632,65022,106980
805087,59716,60314,84184
805098,48030,64291,82511
805106,61729,46983,84081
805115,54730,54396,101106
805125,55818,52252,127041
805132,47332,63234,71734
805142,38762,46138,87402
805151,53670,64220,85524
805158,47950,41685,116271
805169,49906,59679,108927
805182,42649,64155,82481
805190,60664,59568,66394
805199,64440,57172,83480
805208,47560,56192,128873
805215,42366,63228,87936
805223,38401,54702,120754
805230,52280,42498,125936
805239,48390,43738,103782
805248,40516,60500,121600
805259,43358,65246,80214
805268,57458,46404,127494
805275,45799,44470,100195
805283,56942,46964,124242
805294,55226,59062,127280
805302,56509,47721,121540
805312,58153,57419,128951
805321,58088,49739,99658
805332,57514,65292,91820
805341,57062,51376,127454
805350,52169,55023,127990
805357,60146,63114,83000
805364,58161,60164,125740
805371,47631,42019,117739
805378,47515,53573,126859
805388,37040,58398,84478
805395,43181,64097,84362
805405,61888,47529,85592
805414,49524,60360,126528
805425,56913,53776,101199
805433,53536,56213,127590
805442,54139,57228,63937
805453,48930,60842,72352
805461,55825,63844,88776
805468,39860,59487,88014
805478,58011,56920,127869
805485,56830,64848,79930
805492,52566,58980,66450
805502,40998,66434,101182
805513,49710,62912,118076
805521,44480,60192,116112
805529,48688,61186,102082
805540,61496,50576,83586
805547,44582,66062,75181
805557,57228,49790,128644
805567,48618,59286,107642
805576,50072,40151,128166
805590,48260,64334,83828
805599,59239,68934,103534
805607,48558,43238,102498
805615,46164,62143,119234
805626,38756,46122,90268
805634,45860,41710,122178
805644,60271,61914,107617
805653,51266,62748,118576
805667,58634,51920,126864
805677,43566,50632,129350
805688,49370,58132,128126
805698,39923,50022,123991
805705,62936,50074,84082
805719,62476,47442,85894
805728,53380,59430,102252
805738,61617,60098,84541
805746,38780,62688,85284
805755,55086,54452,65452
805766,57434,65240,107310
805777,39116,49040,72758
805787,57192,52712,62554
805797,52299,42885,114822
805807,44704,48494,125280
805815,60228,59692,114426
805824,46886,41805,118667
805832,55764,45122,84128
805840,59976,65034,107481
805847,43847,66162,78827
805855,37366,65456,69896
805866,38386,53520,83176
805874,60562,48596,93884
805884,44796,56576,103508
805896,52104,59564,108162
805905,54515,54990,130752
805917,48068,64844,86711
805927,43780,51403,129294
805936,38688,57194,121524
805946,38910,47585,82682
805958,48290,64584,81102
805966,58037,62414,84375
805977,37280,58264,87260
805986,46609,64230,84739
805997,54984,51967,125447
806009,36018,56749,85499
806017,38414,61334,87234
806028,51524,55839,125336
806036,57416,64290,81336
806045,35606,53672,79842
806055,43887,56752,67878
806062,49798,52095,123064
806074,58701,67878,103534
806085,48560,54080,129435
806093,55607,53042,126707
806103,47393,53522,128610
806110,57616,49460,126280
806121,51048,52854,123334
806130,50169,53703,128193
806139,45248,55610,67022
806153,49344,51994,122424
806166,57695,52283,100943
806174,52484,57358,128997
806182,54812,63188,85462
806191,53422,60694,126637
806203,49774,66290,95590
806213,49332,55112,129746
806224,35368,54272,81108
806234,58566,68081,101959
806242,60731,48254,82966
806252,61698,59430,102092
806263,58692,49188,127830
806271,48581,64160,100667
806278,51174,53780,123142
806287,52766,58576,127950
806297,49496,60172,111072
806304,43715,65274,106518
806315,47865,66189,94949
806324,54896,52698,126332
806335,43708,43906,115802
806350,50538,57260,127416
806360,47907,66032,93612
806370,55272,53824,62024
806379,63092,52498,88508
806389,50816,44550,107122
806396,46300,63903,89514
806403,44984,56462,67368
806412,42917,54187,66168
806420,52056,52983,123752
806427,50508,40584,123456
806436,36904,57372,88118
806448,44110,46622,102928
806462,45682,65394,89108
806471,40414,63222,86238
806480,45296,45588,123072
806489,56417,58661,66551
806497,50046,56650,66879
806505,48910,64058,85936
806513,53124,45076,100526
806522,43524,64165,90223
806531,59760,67147,103932
806542,59001,47134,114756
806555,45572,59068,112744
806563,40715,65781,104679
806573,37646,64062,106543
806582,51044,65779,79049
806591,49073,54187,131044
806602,48166,66410,97445
806611,56490,51086,127286
806619,50121,65422,94924
806628,49732,66005,92677
806639,39182,64890,110018
806648,54674,52444,128058
806659,56642,53706,128112
806668,45754,66334,93644
806675,48146,65650,78292
806684,49150,58852,128478
806692,60708,60826,89508
806705,41742,63872,81190
806715,62932,55170,80226
806723,57486,53614,130376
806734,58565,49869,124251
806741,51984,62652,122898
806755,58240,64894,105632
806765,44568,52663,130800
806775,43926,63406,84094
806785,60039,68076,99277
806797,42586,44448,83520
806809,49200,65622,89720
806819,62306,50462,77514
806826,60996,49270,122282
806834,47416,54001,127487
806843,56394,47560,122184
806854,41658,51708,127902
806865,39741,65978,110285
806874,38086,66276,70564
806884,45694,67262,96998
806893,57390,64569,90866
806901,39205,57999,87951
806909,40926,58740,117728
806924,39434,46572,83896
806935,45378,55404,64020
806942,50163,56408,69046
806950,45926,52535,127397
806958,57382,50263,126896
806970,58660,48426,125762
806981,56718,64660,89924
806988,50770,66258,95136
806997,37386,60790,88078
807010,51836,41736,120694
807020,59478,61425,66849
807030,37198,56538,84759
807039,45792,64325,82078
807051,49848,64892,80792
807059,47280,56538,63912
807071,58928,61386,105896
807081,48876,43188,101456
807094,52416,54758,63038
807106,60993,61751,106827
807117,50490,44644,98316
807129,63157,48141,84462
807139,42488,51702,107254
807150,39030,61712,84123
807161,47632,64338,85426
807173,46076,44093,110723
807183,52438,63270,84168
807197,51518,62794,122548
807208,58124,66586,107408
807222,39528,59206,120194
807231,47216,61877,122265
807244,53538,64256,83826
807254,57704,48518,98374
807262,44934,44658,113516
807269,56279,46822,120747
807278,49048,58236,127666
807291,53910,53195,129063
807300,45821,63639,84659
807313,47905,60837,114820
807323,42992,62178,84504
807333,47333,44226,106713
807342,42450,65416,79588
807352,49526,61484,101096
807361,40385,63262,84829
807369,57768,53675,129917
807379,53166,54356,129508
807392,49130,40230,129736
807400,42178,47538,98158
807408,38882,48996,81418
807419,37829,48856,78490
807430,44753,65331,88824
807437,51960,44204,107990
807448,50196,64412,85018
807456,62726,57570,87950
807470,42954,56774,104232
807480,41928,61167,83005
807491,45686,52916,128124
807499,47873,66953,96776
807511,48752,60384,127294
807520,41923,51093,128166
807530,52510,62278,118428
807538,50384,65883,94760
807548,57058,64704,80504
807560,49704,63144,96958
807572,60818,52866,110494
807580,45114,44604,114156
807592,36144,56166,86095
807603,51528,56784,131154
807613,39524,56114,116780
807621,45073,50400,128861
807631,62696,52762,117874
807643,52044,61227,124781
807653,59859,52094,82111
807662,59921,67816,105597
807675,51002,50338,120080
807685,62706,61340,87828
807694,44664,42914,122290
807704,43800,54928,102583
807713,50594,40628,125848
807725,36835,53154,82649
807734,59888,50041,126084
807745,37943,48284,91707
807760,51974,58800,128272
807771,51377,60860,122774
807780,53410,43349,132772
807792,45468,65658,89406
807800,35727,58489,80995
807812,51088,64364,85050
807824,42150,61193,82570
807833,42284,47096,97230
807841,35330,56400,83046
807851,48556,59876,102047
807861,56686,55326,62306
807870,58318,44686,119612
807879,44157,62445,105674
807886,57108,47598,105906
807897,46458,62256,84062
807907,50460,53460,125812
807922,60422,67588,105538
807936,64394,55906,83018
807945,50462,46798,134442
807953,58786,57344,127930
807961,36076,57448,84714
807969,48879,63549,82806
807978,49400,54025,124950
807989,45188,51022,128914
808005,59044,67646,105580
808013,50258,55010,124356
808026,46049,65175,89560
808034,60664,61729,116921
808046,53714,55184,129056
808059,53348,44304,98260
808069,51335,58781,126904
808080,38374,62550,84779
808094,51015,65927,96857
808105,48610,65650,91436
808117,42862,47986,103060
808126,61570,59048,87928
808143,45074,44888,118138
808153,47124,43547,108756
808161,50952,66113,94127
808176,48291,40181,124827
808186,61156,50602,81310
808197,44668,62506,84264
808207,56741,51867,129403
808218,42232,48043,126170
808232,51605,56867,130629
808245,56916,64284,81334
808255,51590,55390,130666
808270,37008,53272,85568
808282,44770,66832,94918
808293,49527,61797,119726
808302,49948,64768,75642
808314,59812,67565,104220
808325,57928,45676,113397
808338,56190,54796,130420
808347,64020,58692,80669
808357,58012,52478,129062
808373,45200,44909,102169
808387,62035,60315,87680
808394,42152,60021,118880
808408,46329,53836,129533
808415,50248,60198,112776
808424,46296,54524,129310
808438,55092,63118,87228
808451,57724,60644,125118
808464,51592,41538,130098
808472,46241,54109,129856
808485,54648,65172,79722
808496,59156,61872,106238
808507,41905,62697,89289
808517,51576,64430,84434
808530,45606,44145,114462
808541,60982,49810,84141
808551,50039,60530,99910
808567,37324,57714,87806
808575,55429,55287,62599
808584,63035,54112,85317
808601,43550,63420,83542
808610,44012,66681,94322
808619,62798,57700,86000
808629,36708,52021,85081
808640,60650,62764,81544
808650,39146,63520,109560
808660,38940,64572,105780
808670,49656,55584,128230
808682,45678,42986,112496
808690,38940,63887,108967
808701,52664,58812,101502
808709,59924,68382,102050
808718,44348,62916,86148
808727,41410,65729,102741
808742,49830,54534,126285
808752,47784,62557,119140
808762,57161,60951,104999
808773,50368,60438,125562
808781,49520,42535,132595
808790,47722,54686,65730
808799,62586,48888,84410
808810,35937,59276,84456
808821,52812,58780,127266
808835,39785,44452,87099
808844,39782,52191,83218
808857,37366,66924,71946
808867,59460,65751,108790
808879,45406,49332,127964
808886,43530,47714,127046
808898,34716,57094,80758
808907,58083,62327,117052
808919,45836,53390,130396
808927,58630,49620,128154
808935,51065,60533,100838
808952,58748,63146,85060
808962,38579,53857,117189
808977,51678,44854,99542
808988,40692,45194,83766
809001,37204,57242,83812
809013,54177,63310,86298
809021,64057,59363,79818
809037,52944,63646,82328
809049,37464,61554,84468
809062,56476,63600,104862
809074,62109,60131,117938
809082,61553,61734,117552
809095,58344,50404,128174
809106,55088,62574,103954
809118,51260,57530,99606
809129,48112,39708,129415
809138,50342,45650,101856
809147,59876,62881,117917
809155,54916,52844,128310
809162,37925,55925,120473
809170,61424,51198,79460
809181,43771,58341,128963
809190,57829,46699,114769
809202,46160,63116,87802
809212,55020,64492,87638
809223,61156,50878,92995
809235,49899,50407,122645
809244,40876,63490,86002
809261,52922,65270,77900
809273,50344,40450,128452
809284,51152,42828,93954
809298,46268,54242,131362
809310,48614,66598,96942
809322,41060,60314,123398
809333,64087,59271,80556
809346,36389,59682,82725
809358,48000,64937,88742
809373,51860,63300,84537
809386,43730,62930,85892
809394,42478,53745,66201
809402,38850,47636,83202
809411,36636,57882,86335
809422,47184,66702,98162
809433,60004,64398,108596
809442,62205,51121,114632
809450,50442,45648,99296
809460,49441,62233,118706
809469,51623,64064,84715
809484,59906,46335,120563
809496,49350,43110,99142
809509,43752,63915,84528
809524,62452,61696,89186
809533,45688,56422,64414
809542,63129,56111,86620
809552,50037,43318,101041
809562,48870,63110,101170
809570,60508,52618,109814
809578,48282,56616,130074
809589,43096,62660,83862
809598,37724,58400,88572
809612,59062,68736,101596
809628,60699,61271,106554
809643,59542,62113,119359
809659,40156,54563,67196
809669,50870,44446,98030
809678,57662,49420,126988
809689,62068,51081,118943
809698,49388,60822,125008
809708,61762,57811,114487
809717,38458,51300,91892
809730,58952,54978,63910
809741,53478,44626,106532
809754,62487,53005,82980
809764,48842,64792,96018
809777,63634,61678,84432
809788,61582,60594,117864
809799,38704,49154,83280
809809,42083,53764,66481
809818,38108,58604,84206
809831,52069,53457,126107
809846,47576,65781,99628
809856,56115,64511,88338
809866,62009,52243,90108
809876,51636,43066,114286
809886,46408,43838,98554
809901,45496,45246,107066
809913,44848,63750,81702
809925,58746,68079,101425
809939,51765,57853,101220
809955,42943,57238,128775
809972,37899,63735,110082
809981,44482,45178,110462
809990,49732,63442,88134
810001,41519,65503,108548
810016,39366,59218,121736
810032,59400,63446,82702
810044,42760,44048,93404
810063,43584,51044,129778
810070,37647,45737,85431
810086,57742,47531,126920
810099,63350,52932,85602
810119,53532,64396,83210
810134,62168,61958,90426
810147,37982,55493,120034
810155,38888,58414,120162
810163,64193,58456,81341
810175,44903,60119,68968
810189,46542,44644,108090
810202,49334,62836,122504
810210,38729,63315,108855
810225,49164,65366,94196
810238,60027,68458,105063
810246,58996,68684,97700
810257,62618,60234,88396
810276,38108,53478,119528
810283,60666,50838,81484
810295,45072,49004,125586
810307,51586,53015,126976
810316,46242,40272,120322
810328,61604,56226,123666
810337,62872,56718,87292
810346,53216,54894,129190
810362,49330,61771,119026
810371,41816,52772,67109
810378,41212,64230,88100
810388,61941,61243,82336
810400,51941,57011,128156
810411,54343,64364,86858
810419,61720,52480,112500
810433,43464,61270,119294
810448,60507,60709,84504
810459,45036,59030,128927
810469,40886,51568,68244
810481,39194,62606,109176
810493,47399,66114,99297
810510,37652,57913,88265
810527,54374,60730,67400
810541,57863,58496,65668
810555,40190,59596,122090
810566,38349,55596,118725
810579,47689,53700,100571
810595,62046,50718,114164
810604,36072,55467,85734
810619,49272,63669,84937
810629,62264,51752,114522
810641,49570,64868,91116
810653,37870,61413,81968
810664,38102,59794,83881
810676,55873,56212,103689
810687,56366,65718,78494
810699,46370,52458,129932
810712,59380,63100,120074
810722,46972,49584,131280
810734,36608,52750,88012
810746,49176,63110,85958
810755,46221,55643,69557
810768,52454,55272,131708
810784,60116,68086,98197
810796,44203,63932,85979
810806,41036,65924,102045
810818,50992,60012,101312
810829,44663,63909,85731
810841,61764,62277,84254
810855,47546,58192,102224
810864,42506,65624,107638
810873,59132,68532,96980
810883,39183,63713,82607
810895,49276,62844,119960
810905,50620,42942,95982
810917,41328,60446,83366
810930,62226,54882,84046
810940,62950,51774,88606
810951,61126,61364,81096
810963,54177,58088,128396
810979,54530,63132,118426
810995,45700,46023,122207
811007,38520,65372,110250
811018,53951,63216,88468
811025,48532,64182,87466
811034,57837,53084,129385
811043,45835,40735,124757
811055,50583,64097,85067
811071,39316,51504,82250
811081,39146,63398,109092
811095,49004,54742,131864
811104,44286,43569,122549
811116,44720,63752,84570
811134,48641,62684,118478
811141,61492,61298,116906
811154,43562,53789,65385
811162,40678,65318,109222
811173,59370,64900,79650
811188,48532,60916,115080
811206,58770,50472,128266
811215,51128,41579,118963
811235,56856,46826,120104
811252,50604,60510,101090
811264,59972,66058,92136
811277,48396,65518,77798
811293,61546,58604,89702
811310,48514,61582,116424
811321,41720,60766,83202
811333,47622,65716,98630
811349,56592,63270,87582
811360,52416,64604,85660
811374,49240,62892,119224
811386,46701,63843,71985
811400,60876,60492,106815
811410,42496,45829,125304
811420,57266,44564,125148
811430,50107,60338,111320
811441,43945,55332,66489
811454,44150,57984,129581
811471,57763,47950,122611
811487,38370,65993,70092
811496,49910,54732,127607
811507,44002,62849,80928
811524,57348,56292,65562
811534,43228,49338,128976
811553,48737,63945,82648
811560,36522,57612,85046
811570,64252,59838,83420
811579,55582,51528,130246
811594,40760,59157,120890
811614,43753,67330,99538
811626,55902,62577,83446
811646,55209,56060,62006
811658,50580,63044,71412
811669,61718,61226,117561
811679,47952,64365,76566
811694,50259,59124,110777
811711,54672,63166,83866
811720,50610,62082,70518
811734,37347,54075,84719
811753,55014,64364,86809
811761,49815,62294,85373
811775,48564,55018,126470
811788,45991,64482,85165
811799,59760,63176,84025
811813,45529,55571,64924
811830,58280,45798,117915
811839,62804,58696,87246
811851,49242,52644,123714
811860,38440,63660,81938
811871,52468,64530,89124
811893,50692,54230,122134
811906,45180,63494,83394
811917,62440,55285,88762
811933,62894,56250,116294
811945,63308,62554,79734
811960,59738,60020,81907
811971,35059,57087,82594
811988,44155,66236,76970
811997,54304,63782,86289
812013,49192,63608,84176
812023,53544,55992,130966
812042,61676,58536,101136
812063,49206,63398,88589
812076,46700,51760,126480
812088,49807,62501,70695
812102,59686,68194,100286
812113,47201,42411,116660
812134,46646,66396,94188
812144,53218,66997,99752
812153,43174,57102,128184
812166,50228,62856,119794
812186,48454,40672,122380
812193,51334,42812,132736
812202,52654,62814,122068
812213,45474,57738,65422
812223,59934,62826,118530
812241,44193,54760,66077
812256,46310,43162,116312
812272,46680,58554,109440
812288,55224,62962,104214
812307,62474,56724,81982
812317,60641,48146,93574
812328,44333,63823,86576
812337,59311,61810,117576
812352,50052,62792,71901
812362,48876,62842,118922
812373,52498,64886,88142
812396,38336,53916,120273
812412,58942,55478,64084
812435,64934,58813,82984
812459,60695,61902,116491
812468,49941,62088,117689
812480,54108,63892,86799
812494,47380,66576,98986
812507,36668,47298,85286
812519,56077,59488,127019
812535,43088,57362,129204
812553,38959,58392,88650
812563,44498,55014,65638
812576,54803,67063,102565
812594,46882,43426,96456
812611,38878,56752,119906
812620,39350,67120,71468
812634,43219,43176,118970
812651,45625,44029,97108
812669,37873,47256,92796
812690,56576,51250,126096
812708,39606,65627,108835
812721,59716,59542,81988
812734,40005,47422,120568
812748,60716,52308,125660
812766,47522,52578,126078
812786,53288,62618,118262
812800,55226,62782,83846
812823,50894,60944,70138
812832,58356,46048,126157
812849,39020,65999,106632
812872,39850,62966,91082
812885,36883,59597,86833
812906,40897,64282,80970
812925,45014,51324,130753
812937,61150,59963,82531
812946,35288,58646,83746
812963,62605,49027,82775
812981,57303,49176,128960
812996,46144,66524,100912
813012,38596,64582,102813
813025,49036,65320,77248
813041,54542,64464,87340
813066,61738,59982,120709
813084,56144,53048,130914
813102,53442,45294,101236
813119,42712,47720,127138
813143,42246,62526,83526
813162,55642,64199,88331
813188,50844,61207,114705
813205,44862,42900,125910
813231,38238,54570,117946
813247,56696,46466,119716
813259,61350,48284,85074
813272,60973,66119,104141
813289,41969,62407,107143
813304,53378,57594,130440
813313,42105,61437,82172
813326,47042,55159,130694
813342,43476,56813,128706
813366,52902,54674,131578
813380,41807,59310,105824
813399,51143,43097,112916
813411,57653,46065,119740
813429,50266,65740,77788
813442,59566,54712,64318
813458,46076,43888,98124
813474,50129,60997,98058
813497,49964,61930,115622
813530,45462,43772,114134
813546,47226,52312,127544
813561,42186,59990,118244
813586,54481,54136,60697
813606,57568,60624,105050
813629,39757,56598,124073
813647,43478,62378,106218
813664,59174,55578,128362
813681,45050,53784,102827
813694,49376,62630,71682
813705,50712,63262,89004
813724,59490,68386,102008
813740,48506,64704,99446
813755,62544,50540,90016
813772,51666,54802,132344
813784,49344,62760,99700
813799,52073,53610,132740
813817,58468,45518,122026
813841,50028,52188,122584
813854,46020,43351,96532
813871,42997,64119,90467
813887,46868,59480,112104
813902,58967,63973,107124
813931,63388,56210,83924
813953,42445,56827,128696
813974,40151,45472,81639
813998,45031,42027,126220
814031,62808,61452,84302
814056,60270,68021,105062
814067,35827,58403,84009
814082,39036,65150,103602
814103,38721,65809,69724
814114,37986,56437,83529
814132,51977,56881,127136
814155,37904,47845,92867
814168,38656,57082,88426
814182,54854,55212,61452
814200,59578,53494,63394
814211,50023,64471,77360
814224,43279,57457,112725
814252,57088,56464,65918
814269,43128,50862,129482
814288,36060,59249,82990
814305,49658,54600,129302
814339,44530,55422,68116
814364,40011,65829,101437
814377,47820,58900,128915
814395,58579,53315,62901
814430,57657,49695,127672
814454,59814,50871,125800
814471,46858,42606,93900
814500,59182,52358,128058
814521,58980,61210,106468
814541,37654,53769,89653
814561,57824,51308,129643
814585,36264,55848,85890
814597,48660,63814,83156
814626,61626,62514,80534
814646,50394,65392,78116
814689,43822,63278,86267
814709,61402,60500,66749
814731,62550,52638,115062
814758,60088,61878,81607
814784,64957,57726,82161
814808,63916,49579,83211
814827,38894,65245,104880
814842,52965,52675,132689
814869,42870,61950,81906
814903,61352,61224,83468
814925,54326,66836,102382
814946,40582,51867,68327
814973,39793,57934,120149
815005,51006,61591,101005
815036,62544,53316,90018
815046,55835,47541,122618
815067,43772,43607,114870
815085,62150,56125,89651
815114,37306,52394,89042
815135,65495,58081,79891
815162,45610,62724,85828
815190,62542,60202,119814
815209,43735,47595,124575
815230,38648,64612,103366
815257,51744,62544,70260
815280,49371,56303,131548
815307,43688,65369,78969
815328,44378,43452,115220
815344,61805,56430,63085
815383,60260,67712,103042
815399,59206,61478,82346
815426,50708,55924,125590
815443,49198,64092,88684
815457,40426,54908,102080
815481,38254,48516,92134
815500,53188,58728,128414
815520,39120,49922,71069
815562,46145,66138,90730
815581,47122,62706,121427
815601,50332,61816,116914
815617,60536,67634,104388
815651,57446,54308,64590
815669,42866,63588,85516
815683,52484,58538,129207
815707,58652,45646,121172
815741,55098,44433,95009
815759,62251,53487,88885
815782,36578,61794,81048
815806,48430,54644,126986
815835,65255,57851,81643
815854,42347,61585,67499
815879,63885,53915,68148
815924,48808,62560,101484
815953,45716,57648,103310
815990,36698,51592,87826
816009,42264,63206,82208
816022,40130,58939,121919
816043,48739,64072,73518
816100,46062,43678,115155
816140,45824,58906,129488
816171,43666,57720,112334
816186,40782,45324,82230
816200,44546,56146,66597
816212,59431,54573,64778
816236,48048,62782,81344
816263,37396,56544,85268
816297,58852,62939,106758
816315,59574,68232,106168
816342,51945,62560,120023
816368,46496,43466,97342
816395,48882,42180,131912
816431,45847,43214,113927
816459,51002,63358,84112
816475,51574,64580,86146
816512,38486,61598,106960
816545,42563,53652,66866
816564,59578,50290,125582
816605,50827,56044,127224
816633,39727,59886,122780
816662,42498,43756,92302
816680,49808,65236,75609
816712,49498,54220,125422
816743,61286,51734,93474
816775,60174,67619,105954
816804,45310,63666,84474
816848,45955,43261,95930
816880,51674,55674,126687
816914,62429,54043,97111
816935,45807,43471,114362
816975,37008,54512,90978
817011,45980,42857,116945
817028,36762,64624,68108
817067,57924,50342,100961
817110,41284,65130,80606
817145,40692,48342,125482
817179,56652,55908,62445
817207,43770,56251,67682
817237,47474,58210,104314
817279,47095,53874,100501
817305,62620,60430,119382
817324,49380,64244,87528
817363,47879,50932,125827
817389,41859,46880,96327
817421,45504,45791,120828
817467,62283,52283,114342
817506,58140,53302,63699
817541,56882,60694,125802
817579,52092,56329,126267
817597,40658,66380,109854
817627,44260,43432,117530
817664,48944,64253,92524
817719,49525,43082,100741
817750,41664,59724,118152
817780,59545,50793,124804
817800,62610,56356,85226
817834,50502,59766,112347
817867,47020,64724,74480
817916,42378,55388,66934
817961,55422,63140,81368
818021,39153,66926,70870
818057,61630,58018,64463
818129,36226,48624,80050
818193,38599,57988,83440
818230,62519,55961,81076
818295,58014,63953,88811
818329,51194,44478,107722
818386,56548,63084,118074
818428,46692,41456,117190
818455,57904,55097,65905
818477,58045,54956,64785
818527,49496,49866,122066
818553,61266,57242,63870
818576,41728,47724,125928
818614,52098,63889,72573
818647,51833,63709,72289
818700,38230,56906,83212
818757,54178,50120,122303
818802,43806,42562,118628
818838,59789,51037,125367
818922,49196,54246,126308
819006,45240,58430,66588
819064,49016,64588,75764
819132,46657,64884,102814
819186,48394,43042,98434
819227,58813,55024,64842
819300,60744,51552,80776
819344,52958,59004,65730
819411,46378,53760,131658
819445,60753,61032,80991
819492,47560,50290,131654
819543,45239,43963,117696
819608,58598,47197,126753
819665,56738,55526,65692
819746,45384,43640,117992
819840,63415,51572,77193
819884,62075,62607,80757
819977,39330,67236,76404
820102,49818,43088,101356
820194,64149,58933,82906
820338,43123,45988,125252
820466,40240,48938,71864
820533,59218,59096,126220
820632,62080,62054,89123
820695,37688,58236,90018
820803,47358,40695,120634
820902,61434,64520,102070
820975,52392,43662,101146
821154,62302,58658,121298
821214,64412,58903,83832
821349,49116,60366,100496
821536,62162,48929,80615
821635,43686,57821,66281
821930,45898,43446,118025
822047,59063,57992,65579
822252,59763,59607,124890
822437,38198,55410,121142
822749,46974,53666,129668
822879,61690,55536,81136
823168,61214,54774,64717
823471,36464,64898,69684
823739,59306,62518,88002
824057,59997,61171,81842
824689,60123,62626,88757
824928,38010,46979,79950
825818,53218,61206,68478
826083,47405,64023,73773
826521,43749,47298,123748
828238,43594,47452,125904
829527,57890,49570,128492
830039,37118,59732,68051
832490,62528,57611,88826
834952,47992,58862,66986
837880,49859,65284,95709
840740,40354,54638,125856
842998,54388,51050,124354
850533,53627,61798,68845
852709,42105,63182,90120
855495,45084,63726,84118
859290,39196,46663,79891
868006,54176,60954,68030
887444,63868,50110,79961
892728,41071,45894,82989
900157,85468,45947,30340
900884,85444,30768,27544
901240,39114,18546,38990
901578,76828,15616,23712
901888,51542,66608,97198
902276,60690,59192,105560
902287,64589,57402,81025
902304,47448,46451,132488
902319,61825,50250,84290
902344,51509,62181,118764
902418,59286,62861,82904
902430,63472,55496,80306
902439,38144,58824,106137
902453,59189,54015,63626
902491,62552,49520,81672
902506,47266,65765,78634
902520,39035,56922,122771
902553,50530,61359,70834
902604,39772,58786,87866
902646,41564,19482,36232
902676,60442,47924,121164
902704,53531,54107,127709
902719,36828,57011,88968
902760,55437,46053,104809
902782,75518,29310,21390
902806,59328,63224,84494
902837,59020,49608,127530
902875,58998,52920,127718
902917,41966,49608,99889
902982,60602,48018,84860
903026,50312,55460,125650
903075,40514,64114,81696
903086,58154,60670,104955
903103,58632,49530,98300
903116,62836,55901,89571
903141,43018,64712,90392
903163,35868,59748,83081
903189,46976,64612,87758
903222,40590,49232,125386
903254,50984,42536,109344
903284,55404,65096,79544
903308,50968,59454,109408
903327,38418,53054,88676
903347,59019,50076,124730
903389,49761,58834,110524
903401,37966,62911,109742
903419,42328,50894,100148
903442,65094,59438,79822
903461,58406,52899,66607
903479,57380,60450,65848
903499,52974,53047,124978
903520,38373,60174,108475
903537,42714,49328,126332
903558,61644,60978,118116
903572,60612,49410,81966
903586,50448,54444,125734
903611,52985,56746,66762
903634,50753,53539,130907
903665,41324,47476,123296
903699,42928,51490,129356
903739,48962,54940,127672
903800,89160,39383,37949
903840,50967,64792,78660
903850,60316,54370,81470
903879,44051,46644,102108
903903,38366,54786,121762
903944,64160,59622,82807
903997,60343,47974,117895
904012,53538,51670,131390
904034,54421,65754,77690
904047,51826,43412,132338
904070,52526,57870,130565
904084,49305,55785,130902
904107,51972,59545,127878
904121,51692,42446,134218
904133,46768,55196,69910
904164,48626,60516,113338
904179,50012,39723,133150
904194,40808,60802,86507
904219,56947,54102,130105
904247,47945,59212,108954
904272,51795,59059,127791
904286,37334,48980,81762
904317,47896,63253,83468
904366,44565,49788,128384
904403,62009,58176,115744
904433,52917,64958,78869
904538,47948,42736,94976
904584,45556,43856,116927
904627,35696,65560,71634
904652,48510,39866,130614
904674,39295,48299,78408
904699,52509,54876,64983
904732,53152,62272,123208
904746,43385,59859,104955
904766,38492,54139,117756
904806,55282,53820,131270
904825,62508,51080,78508
904844,61964,51558,90470
904898,55262,45326,113780
904928,48642,55184,129964
904945,55548,58210,103252
904965,54584,51610,130998
905000,61205,62246,119832
905012,37229,53439,84926
905032,52047,60454,68354
905048,41670,64783,80726
905063,63588,61143,80676
905078,58565,51519,128522
905087,46283,44083,100317
905129,44892,44266,112931
905146,43236,64972,105514
905167,56212,57606,63297
905191,44365,55052,64882
905213,55814,53941,128552
905231,44883,42750,120790
905250,49494,64312,92492
905266,45034,65718,77796
905286,56346,44692,123218
905310,57452,59602,65838
905353,36732,61566,84118
905405,50694,39950,131833
905422,47315,43975,98592
905485,63183,50147,81987
905501,40578,48291,113432
905528,45764,64948,77084
905551,60398,47781,81964
905572,39416,60694,84012
905602,46606,63078,71508
905621,58128,66974,93572
905661,44100,44696,114897
905706,49290,64280,77364
905723,61588,50830,84190
905753,54683,60525,66903
905782,60430,51893,81619
905805,52900,53966,131898
905842,58872,58961,126673
905862,47437,63834,72204
905896,40155,63972,109236
905907,57064,51272,128238
905928,39436,55050,124348
905959,58592,51198,99412
905984,45680,44668,101738
906001,35611,55707,82919
906020,49892,63658,76502
906083,46718,54418,129442
906103,62680,56686,65734
906143,52359,62205,121124
906188,54020,58432,128814
906223,62143,61020,81117
906255,38684,63786,82352
906329,37018,66286,71794
906363,57873,51471,126103
906376,38093,63146,103979
906407,35734,54364,81764
906418,56492,52946,130024
906442,47288,64192,72897
906472,46856,56484,67592
906490,57512,53114,100908
906520,53394,52205,124725
906552,43967,64759,91043
906607,49901,41661,116630
906635,44596,44886,97820
906681,51804,57502,127248
906698,51888,62322,69656
906718,57882,56959,129122
906759,46216,54462,100509
906956,52096,63113,89544
907006,47598,43634,106554
907033,45054,63314,104262
907182,63020,61880,80340
907233,44181,45729,128066
907253,47994,43232,98948
907269,52977,64372,80712
907315,60644,61492,67196
907363,62685,55208,84856
907380,38745,64526,100622
907393,59408,63240,107752
907402,61574,57326,88562
907443,61151,62276,86811
907476,52372,55162,67164
907496,59808,68574,101509
907517,47502,61000,115460
907558,45994,51639,129092
907583,44743,41874,118955
907638,53983,58517,128057
907663,45494,63887,85646
907684,47215,63497,82836
907702,58672,54464,129256
907743,49172,63062,121360
907762,61446,64570,105382
907796,52702,64999,74985
907839,36622,57566,85846
907854,50344,59152,127600
907874,65280,59406,81094
907897,56275,46035,112797
907950,36038,54228,85211
907978,62504,46564,85942
907998,54426,66746,103150
908022,43319,63786,89867
908038,44636,55920,65215
908062,43598,56404,109852
908090,48234,64988,98964
908140,51560,61691,101770
908158,53326,53210,131688
908183,46138,44629,101488
908213,54471,56024,131348
908235,53966,63697,103634
908274,54060,53580,129657
908295,52854,55140,129276
908321,42134,61841,85141
908339,61250,62724,81464
908370,48878,59080,129228
908440,36024,60233,85894
908495,54296,63303,83012
908520,47784,63560,72722
908570,45901,64464,72280
908602,43907,54376,66852
908630,49978,65396,78028
908657,55914,67181,102761
908678,61529,51834,94462
908694,39242,65254,110440
908717,45714,62388,85130
908753,52198,46592,31476
908764,56112,54553,129789
908816,57259,58192,130567
908856,51035,60128,121953
908877,44257,65953,77776
908893,55446,65596,105674
908927,56113,54773,65867
908957,41109,44684,92518
908973,49130,43930,100138
908993,48071,62950,120311
909024,47384,43340,98410
909051,63058,55854,81262
909059,38093,52933,119464
909070,50998,52201,123341
909100,38124,56776,84446
909121,51164,55176,69594
909139,48798,53984,128562
909171,44310,43006,115382
909186,47428,54922,129378
909202,37662,54510,90354
909217,55534,44558,124044
909233,51664,53598,125514
909264,36932,47208,88324
909315,47491,63169,72985
909343,48725,59704,108544
909383,50346,53022,123950
909399,60672,62753,118892
909420,45622,62270,121822
909451,49225,60743,70880
909521,38698,48430,74957
909568,56843,45874,110333
909597,48160,56822,63284
909618,57230,58854,65706
909662,47632,54270,131658
909711,39741,63976,82300
909732,46790,63084,89550
909782,50825,44124,96652
909820,49958,45785,100411
909840,51503,58092,99146
909891,52245,54081,129428
909985,61212,53312,81526
910025,61779,55967,86493
910051,38848,47620,93960
910103,50164,52497,122169
910142,42574,66788,77566
910178,40644,59348,124248
910215,43010,65068,105958
910244,36806,65476,70390
910301,57763,47746,109745
910315,47099,63902,86872
910334,60188,56471,62218
910374,78075,25264,22586
910430,57085,54404,66650
910458,51880,63258,71512
910511,49156,65500,93142
910541,50515,58841,126519
910554,58141,50840,99299
910592,49672,65144,78156
910631,49290,64818,93442
910718,58900,59308,112468
910746,62310,62904,80584
910769,44730,58756,127346
910785,42966,64556,87668
910848,58852,67396,108960
910902,56543,48088,120979
910969,36140,58336,86828
911054,35377,58200,84128
911091,39451,61346,82542
911134,59624,54540,63342
911187,36801,52275,86821
911200,49055,59513,106811
911265,49698,64254,75266
911297,47726,44264,99968
911431,49848,59033,129174
911460,42834,66702,77218
911550,46214,43197,116781
911576,48432,64510,75136
911599,42758,55064,129852
911621,37268,65906,77746
911660,60564,48443,120897
911706,37226,50152,94004
911803,57320,54617,64910
911832,53987,57963,103458
911917,51859,53800,124290
911978,58956,44866,119206
912057,60017,61463,66867
912073,60618,64320,69446
912133,40258,66716,71050
912164,49914,62612,84552
912223,53186,63018,121146
912271,64218,55386,82698
912294,49776,66525,95058
912335,50456,63843,72658
912387,61486,56081,80994
912454,57336,63484,89190
912522,45250,62410,85646
912609,56784,45170,117658
912677,40238,60346,83954
912818,45989,56048,67943
913042,57695,53730,64893
913092,36970,49384,77916
913216,40090,64873,109484
913312,37400,54670,89836
913417,60591,60091,115921
913464,44580,63004,84104
913739,43248,56185,66406
913933,63296,49514,84224
914097,56500,53336,101124
914311,61646,63804,108478
914432,42242,66904,77100
914581,74199,36543,22390
914659,46958,61740,124460
914837,39626,55763,125110
915118,75848,19951,24625
915735,24988,26085,19966
915916,32932,10730,20728
916056,81560,20420,20942
916365,24912,36498,22484
917160,37704,7038,30384
917733,9910,20992,23104
917760,6844,20724,27134
918582,35492,26648,17262
919509,61576,55176,63756
919687,55250,55134,66993
920184,82792,29230,25852
921673,90943,30260,33554
923203,37395,18260,35986
923651,73602,18180,38312
924716,39881,50049,70185
925137,59121,60158,66519
925800,76684,16852,23118
926189,75450,16240,22522
926517,67476,43455,33779
927368,75306,26177,22395
928268,53486,54033,128852
928497,64714,58089,80270
928840,75235,24059,20829
929100,64264,60786,79986
929376,60519,62295,120775
929673,45361,41733,126158
929959,76084,21477,22311
930894,74170,10997,27901
931483,82558,47772,31466
932322,61598,61758,85006
932613,62675,62033,83881
932853,55318,45480,107210
933139,59049,50660,124872
933260,62673,53781,89360
933335,39321,46704,82981
933415,55620,43973,121834
933833,47448,44030,100736
934091,57432,56951,62725
934379,57602,47144,126040
934616,39257,57928,118511
934752,61075,59934,106473
934899,62267,57864,115626
934946,38474,49020,82526
934981,55208,54764,101526
935161,50107,53936,131176
935352,36558,52514,85470
935462,51212,64841,74751
935588,47342,62908,71064
935691,35370,55168,81964
935843,62928,56294,87596
935927,61884,52028,96186
936070,64583,58692,81735
936263,46714,54566,128070
936481,62584,57720,116458
936652,46268,55444,131330
936773,45853,47922,130855
936841,50361,60058,125209
939006,59916,46885,118967
939919,89816,40173,30836
939958,75698,22768,21354
940011,53332,62867,102949
940250,59386,68838,101252
940297,38864,64818,106160
940355,61138,52238,124388
940392,47546,58940,127368
940467,60105,47829,120599
940581,51594,58776,129954
940600,50720,64812,74456
940639,58954,66948,109048
940715,42363,51927,129023
941319,51979,62700,83619
942846,49564,59767,124297
944003,77819,25524,22088
944269,55785,64484,79643
944682,59140,7710,21192
946152,36858,10296,33336
946770,50970,63782,100087
953214,75610,26634,20568
953892,45040,43600,116304
954994,50040,62234,101144
955820,46739,43751,119936
956608,57419,50066,125748
956976,92672,33514,33626
104486473,71809,26253,27637
184281026,41612,45153,18183
282518677,13791,49050,36628
379170143,47868,63740,73296
431600445,45570,60852,69250
492462351,40310,38867,14470
625082579,70696,16544,35260
745221111,50956,7699,18134
855919212,45180,9768,14772
970740632,42414,63634,83054
1050005026,42995,58097,65966
1050015101,38999,59390,66620
1050033293,50011,42950,97003
1050047690,43937,45211,118213
1050068767,58660,47706,122332
1050079978,36857,48004,79806
1050096680,36726,50292,78561
1050115348,65364,57885,81065
1050128149,36428,49110,79480
1050139141,60505,54407,124988
1050155715,47862,43963,101228
1050162445,35494,59458,81638
1050180219,59983,49743,125684
1050192840,58890,62688,121122
1050203465,41016,57790,124391
1050223803,57985,68781,103653
1050251718,39777,61728,66968
1050277366,42360,48880,101732
1050303231,39898,59056,123628
1050340850,35621,57728,68665
1050358971,38776,63714,93132
1050379364,48459,42804,96551
1050427373,64974,57276,80208
1050452666,63460,53285,67720
1050496165,56312,53962,131077
1050517283,61660,63452,80464
1050562384,46276,43894,99580
1050636983,48540,42892,97868
1050665638,46976,42602,119382
1050689039,49564,43166,95998
1050737277,44320,45345,98499
1050814137,60468,52634,126360
1050879333,49262,43116,96426
1050921506,59336,46091,121496
1050952515,62828,62480,80258
1051003078,59042,46654,115418
1051052605,62768,50478,79528
1051084308,49980,64803,77273
1051155789,65416,57592,79562
1051221373,60091,46715,119701
1051268116,57322,47480,119910
1051342933,58191,46553,120147
1051439143,55312,46344,117278
1051484708,64532,60878,81870
1051566143,58880,47161,120783
1051645871,63484,61534,80258
1051705096,50676,61966,69448
1051755018,43951,45386,118821
1051816135,45710,45022,116884
1051888583,46589,44199,99521
1051941276,60153,49582,125144
1052034618,37753,49081,74873
1052233775,45580,44680,101054
1052289206,48906,44222,102256
1052471467,59328,47130,120962
1052568025,63184,51150,79194
1052783214,35796,50723,72948
1052906646,58780,46726,120236
1053014367,53869,65741,103327
1053338319,37466,48055,79788
1053630419,63692,51564,76254
1053860852,58060,47395,119913
1053976008,35615,55495,80654
1054157920,58766,64464,80356
1054407485,55456,47498,118965
1054556738,47570,56854,130964
1054870177,50494,61424,116152
1055633267,61982,56674,100045
1056259520,55805,67633,103000
1057337503,47424,44527,102617
1058464783,54186,64095,103596
1060515231,49657,60360,111512
1063973986,52962,53976,132469
1069108261,53030,62540,70046
1146133661,45120,40512,124336
